Latitude,Longitude,Sample Date,ppt,tmax,tmin,soil,pet,vpd,q,aet,def
-28.760833,17.730278,02-01-2011,32.7,36.1,22.689999,0.0,174.2,2.9199998,1.6,31.1,143.1
-26.861111,28.884722,03-01-2011,51.1,27.16,13.219999,12.8,124.1,0.95,2.6,53.8,70.3
-26.45,28.085833,03-01-2011,62.7,27.519999,14.09,6.8,127.5,1.02,3.1,60.8,66.700005
-27.671111,27.236944,03-01-2011,84.2,28.869999,14.639999,7.2000003,129.7,1.22,4.2,83.200005,46.5
-27.356667,27.286389,03-01-2011,78.0,28.67,14.69,7.8,129.2,1.18,3.9000000000000004,77.3,51.9
-27.01011111,26.69808333,04-01-2011,106.0,24.18,9.809999,5.9,98.6,0.90999997,5.300000000000001,98.6,0.0
-25.127778,27.628889,04-01-2011,135.1,27.17,12.62,24.0,105.5,1.05,6.800000000000001,105.5,0.0
-25.20639,27.558,04-01-2011,143.4,27.0,12.5199995,33.600002,103.700005,1.04,7.2,103.700005,0.0
-24.69514,27.40906,04-01-2011,141.1,27.74,13.49,23.6,111.8,1.12,7.1000000000000005,111.8,0.0
-26.98472222,26.63227778,04-01-2011,109.30000000000001,24.35,9.98,10.7,98.200005,0.93,5.5,98.200005,0.0
-28.141944,26.417778,04-01-2011,90.9,23.88,8.78,4.8,93.8,0.90999997,4.5,87.700005,6.1
-27.398611,26.614722,04-01-2011,97.2,24.8,9.87,2.9,100.9,0.97999996,4.9,92.700005,8.2
-33.501667,21.624167,04-01-2011,16.3,24.55,9.33,0.1,100.200005,0.97999996,0.8,15.5,84.700005
-32.502778,19.535833,04-01-2011,16.2,27.06,10.92,0.6,119.9,1.35,0.8,15.400001,104.5
-25.45963889,28.26430556,04-01-2011,141.9,26.4,12.04,32.5,103.6,1.03,7.1000000000000005,103.6,0.0
-27.495556,26.074722,04-01-2011,99.5,24.73,9.17,0.4,99.700005,0.96,5.0,94.5,5.2000003
-26.648056,27.089444,05-01-2011,63.300000000000004,21.92,5.92,12.2,83.5,0.88,3.2,70.5,13.0
-26.970278,27.211111,05-01-2011,66.7,21.859999,6.14,14.900001,82.1,0.9,3.3000000000000003,72.5,9.6
-27.38972222,26.46388889,05-01-2011,97.4,22.81,6.98,9.7,83.200005,0.98999995,4.9,83.200005,0.0
-27.044444,27.005,05-01-2011,74.60000000000001,21.949999,6.25,13.0,82.4,0.9,3.7,75.6,6.8
-30.830556,26.921389,06-01-2011,54.1,14.589999,-0.94,8.0,57.0,0.51,2.7,53.100002,3.9
-27.00222,28.76528,06-01-2011,26.400000000000002,17.38,-2.55,15.6,70.0,0.64,1.3,37.100002,32.9
-27.02314,28.59389,06-01-2011,27.0,17.869999,-2.26,13.5,72.4,0.68,1.3,32.600002,39.8
-30.679722,26.7125,06-01-2011,44.900000000000006,15.74,-0.61,5.1,59.8,0.57,2.2,44.4,15.400001
-30.160091,27.40124,06-01-2011,53.800000000000004,14.62,-0.44,15.900001,57.4,0.55,2.7,54.0,3.4
-32.595833,19.009444,06-01-2011,73.2,19.279999,6.42,19.1,52.7,0.65999997,3.7,52.7,0.0
-25.99136,27.84208,10-01-2011,48.0,28.539999,11.05,6.3,173.2,1.4599999,2.4000000000000004,46.7,126.5
-26.73806,27.59194,10-01-2011,39.5,28.34,10.179999,5.3,179.40001,1.48,2.0,38.5,140.90001
-26.45,28.085833,10-01-2011,45.300000000000004,27.91,10.01,5.6,172.90001,1.39,2.3000000000000003,43.9,129.0
-30.86013889,29.07125,10-01-2011,28.8,25.609999,10.95,9.900001,138.0,1.03,1.4000000000000001,30.1,107.9
-27.356667,27.286389,10-01-2011,31.6,29.06,10.19,3.7,185.8,1.5799999,1.6,30.5,155.3
-27.01011111,26.69808333,11-01-2011,44.300000000000004,30.09,12.559999,2.3,191.7,1.5799999,2.2,42.3,149.40001
-25.73411,27.21422,11-01-2011,56.2,29.99,12.88,5.6,182.5,1.43,2.8000000000000003,54.2,128.3
-26.98472222,26.63227778,11-01-2011,44.300000000000004,30.16,12.74,2.7,192.0,1.5999999,2.2,42.4,149.6
-27.398611,26.614722,11-01-2011,45.2,30.63,12.32,2.7,197.40001,1.68,2.3000000000000003,43.2,154.2
-27.671111,27.236944,11-01-2011,42.2,30.029999,11.679999,2.9,192.1,1.5699999,2.1,40.5,151.6
-29.160278,26.573333,11-01-2011,29.5,29.3,9.62,2.7,199.1,1.61,1.5,28.4,170.7
-34.250556,20.9925,11-01-2011,51.900000000000006,24.189999,12.67,12.3,140.2,0.76,2.6,52.8,87.4
-25.45963889,28.26430556,11-01-2011,54.2,31.4,14.759999,5.7000003,182.8,1.51,2.7,52.2,130.6
-25.81048333,27.90955222,12-01-2011,100.5,28.97,16.56,5.1,164.1,1.3299999,5.0,96.1,68.0
-27.273889,28.49,12-01-2011,104.7,27.599998,14.009999,4.4,164.3,1.24,5.2,100.1,64.200005
-27.4275,28.525833,12-01-2011,107.7,27.46,13.75,3.8,163.6,1.22,5.4,102.8,60.8
-28.883333,27.89,12-01-2011,105.80000000000001,26.349998,12.929999,3.3,164.2,1.18,5.300000000000001,101.0,63.2
-27.00222,28.76528,13-01-2011,95.4,27.63,14.11,5.0,161.6,1.22,4.800000000000001,91.200005,70.4
-27.02314,28.59389,13-01-2011,97.60000000000001,27.8,14.2,4.8,163.1,1.25,4.9,93.3,69.8
-30.534167,24.961944,13-01-2011,44.900000000000006,29.9,13.13,0.0,205.0,1.7099999,2.2,42.600002,162.40001
-28.460833,21.248889,13-01-2011,52.300000000000004,33.62,16.89,0.0,244.7,2.6299999,2.6,49.600002,195.1
-29.658056,25.973333,14-01-2011,71.0,28.289999,12.61,2.2,186.90001,1.4399999,3.6,67.700005,119.200005
-28.760833,17.730278,16-01-2011,1.3,34.98,19.64,0.0,257.5,3.03,0.1,1.2,256.30002
-25.513889,31.224444,17-01-2011,105.80000000000001,28.0,17.51,13.2,149.40001,1.02,5.300000000000001,102.200005,47.2
-26.861111,28.884722,17-01-2011,89.0,27.43,14.009999,5.2000003,161.0,1.1899999,4.5,85.200005,75.8
-31.554722,29.245556,17-01-2011,106.2,24.68,16.57,36.100002,123.700005,0.62,5.300000000000001,115.3,8.400001
-28.058889,30.373611,17-01-2011,99.60000000000001,28.029999,14.679999,4.2000003,158.0,1.15,5.0,95.0,63.0
-25.127778,27.628889,18-01-2011,112.2,31.17,17.97,6.1,169.3,1.52,5.6000000000000005,107.1,62.2
-25.20639,27.558,18-01-2011,112.9,31.109999,17.91,6.5,170.0,1.52,5.6000000000000005,108.0,62.0
-24.69514,27.40906,18-01-2011,121.0,31.609999,18.789999,7.0,172.90001,1.61,6.0,115.6,57.3
-25.681111,31.783333,18-01-2011,65.4,29.599998,18.289999,10.7,149.2,1.02,3.3000000000000003,63.100002,86.1
-27.802778,28.768333,18-01-2011,107.80000000000001,26.91,13.11,3.3,159.1,1.15,5.4,102.8,56.3
-27.398611,26.614722,18-01-2011,84.9,29.939999,15.61,2.5,191.90001,1.5699999,4.2,80.9,111.0
-31.104278,29.399722,18-01-2011,101.80000000000001,25.75,16.289999,21.6,134.1,0.81,5.1000000000000005,115.700005,18.4
-31.396,29.2651,18-01-2011,98.7,25.96,17.63,23.9,134.5,0.78999996,4.9,119.5,15.0
-33.38056,19.30167,18-01-2011,13.4,26.59,11.87,8.2,194.3,1.35,0.7000000000000001,14.400001,179.90001
-33.31388889,19.07472222,18-01-2011,13.8,29.13,14.309999,10.2,205.90001,1.5799999,0.7000000000000001,15.1,190.8
-27.495556,26.074722,18-01-2011,79.9,29.939999,14.9,2.8,194.2,1.5699999,4.0,76.3,117.9
-24.39619444,27.08983333,19-01-2011,96.5,31.679998,18.75,8.400001,169.2,1.5999999,4.800000000000001,92.6,76.6
-26.970278,27.211111,19-01-2011,96.2,28.859999,15.42,3.5,173.90001,1.4,4.800000000000001,91.8,82.1
-26.880278,26.965,19-01-2011,93.9,29.15,15.61,3.3,175.5,1.42,4.7,89.6,85.9
-27.273889,28.49,19-01-2011,104.7,27.599998,14.009999,4.4,164.3,1.24,5.2,100.1,64.200005
-27.3,28.586944,19-01-2011,103.80000000000001,27.63,13.929999,4.2000003,163.40001,1.24,5.2,99.1,64.3
-27.044444,27.005,19-01-2011,93.5,29.25,15.57,3.3,178.7,1.4499999,4.7,89.200005,89.5
-30.568333,29.422778,19-01-2011,105.30000000000001,24.699999,12.12,8.5,137.7,0.81,5.300000000000001,101.5,36.2
-30.570833,29.150556,19-01-2011,108.5,24.51,11.94,6.5,138.90001,0.84,5.4,104.1,34.8
-34.031944,22.053333,19-01-2011,20.200000000000003,25.33,14.79,7.0,157.5,0.84999996,1.0,20.6,136.90001
-33.13083,18.86278,19-01-2011,12.200000000000001,29.59,14.95,7.5,207.1,1.61,0.6000000000000001,12.7,194.40001
-33.7075,18.97444444,19-01-2011,19.6,28.39,14.78,11.8,200.3,1.42,1.0,21.2,179.1
-25.57877778,29.12747222,19-01-2011,102.30000000000001,29.429998,15.799999,4.8,161.6,1.3199999,5.1000000000000005,97.8,63.8
-26.006389,29.253889,20-01-2011,96.5,27.09,14.0199995,5.5,152.0,1.1,4.800000000000001,92.3,59.7
-27.02314,28.59389,20-01-2011,97.60000000000001,27.8,14.2,4.8,163.1,1.25,4.9,93.3,69.8
-30.679722,26.7125,20-01-2011,68.10000000000001,28.599998,12.28,2.1000001,180.90001,1.4,3.4000000000000004,64.9,116.0
-28.460833,21.248889,20-01-2011,52.300000000000004,33.62,16.89,0.0,244.7,2.6299999,2.6,49.600002,195.1
-30.77586667,29.03221667,20-01-2011,104.30000000000001,26.0,14.53,6.6,141.5,0.96,5.2,100.200005,41.3
-24.925278,29.324444,21-01-2011,109.5,30.97,17.51,4.0,162.40001,1.41,5.5,104.5,57.9
-28.460833,21.248889,21-01-2011,52.300000000000004,33.62,16.89,0.0,244.7,2.6299999,2.6,49.600002,195.1
-24.679167,30.8025,24-01-2011,149.0,25.99,15.07,16.7,143.3,0.85999995,7.4,141.7,1.6
-25.99136,27.84208,24-01-2011,98.5,28.039999,15.62,4.9,161.1,1.24,4.9,94.200005,66.9
-25.49037,30.6986,24-01-2011,122.5,26.84,15.66,17.2,144.7,0.89,6.1000000000000005,118.4,26.300001
-26.970278,27.211111,24-01-2011,96.2,28.859999,15.42,3.5,173.90001,1.4,4.800000000000001,91.8,82.1
-27.671111,27.236944,24-01-2011,94.2,29.48,15.049999,2.7,182.90001,1.51,4.7,89.8,93.1
-27.356667,27.286389,24-01-2011,94.80000000000001,29.23,15.32,3.0,182.40001,1.4699999,4.7,90.4,92.0
-27.01011111,26.69808333,25-01-2011,90.9,29.289999,15.61,2.2,183.5,1.4599999,4.5,86.6,96.9
-26.98472222,26.63227778,25-01-2011,91.80000000000001,29.349998,15.679999,2.5,181.40001,1.4699999,4.6000000000000005,87.4,94.0
-27.398611,26.614722,25-01-2011,84.9,29.939999,15.61,2.5,191.90001,1.5699999,4.2,80.9,111.0
-33.818056,19.694722,25-01-2011,12.3,28.73,14.099999,6.2000003,201.8,1.5,0.6000000000000001,12.900001,188.90001
-25.45963889,28.26430556,25-01-2011,104.7,29.849998,16.63,5.1,164.5,1.37,5.2,100.0,64.5
-33.897778,20.012778,25-01-2011,11.0,29.26,14.559999,4.9,196.1,1.55,0.5,11.3,184.8
-25.81048333,27.90955222,26-01-2011,100.5,28.97,16.56,5.1,164.1,1.3299999,5.0,96.1,68.0
-34.065833,20.404167,26-01-2011,12.700000000000001,29.189999,15.91,6.2000003,179.3,1.5,0.6000000000000001,13.2,166.1
-24.058889,31.237222,26-01-2011,63.300000000000004,31.59,19.869999,1.4,154.6,1.36,3.2,60.100002,94.5
-26.648056,27.089444,26-01-2011,93.9,28.599998,15.219999,3.4,170.90001,1.3299999,4.7,89.6,81.3
-26.880278,26.965,26-01-2011,93.9,29.15,15.61,3.3,175.5,1.42,4.7,89.6,85.9
-27.273889,28.49,26-01-2011,104.7,27.599998,14.009999,4.4,164.3,1.24,5.2,100.1,64.200005
-27.044444,27.005,26-01-2011,93.5,29.25,15.57,3.3,178.7,1.4499999,4.7,89.200005,89.5
-34.092222,21.295278,26-01-2011,16.6,27.42,14.95,5.4,173.1,1.17,0.8,16.9,156.2
-27.02314,28.59389,27-01-2011,97.60000000000001,27.8,14.2,4.8,163.1,1.25,4.9,93.3,69.8
-26.73806,27.59194,27-01-2011,96.30000000000001,28.13,15.17,4.1,168.1,1.3,4.800000000000001,92.0,76.1
-28.760833,17.730278,30-01-2011,1.3,34.98,19.64,0.0,257.5,3.03,0.1,1.2,256.30002
-26.861111,28.884722,31-01-2011,89.0,27.43,14.009999,5.2000003,161.0,1.1899999,4.5,85.200005,75.8
-26.73806,27.59194,31-01-2011,96.30000000000001,28.13,15.17,4.1,168.1,1.3,4.800000000000001,92.0,76.1
-25.127778,27.628889,01-02-2011,112.2,31.17,17.97,6.1,169.3,1.52,5.6000000000000005,107.1,62.2
-24.69514,27.40906,01-02-2011,121.0,31.609999,18.789999,7.0,172.90001,1.61,6.0,115.6,57.3
-27.363611,31.783333,01-02-2011,75.0,30.019999,18.93,10.6,154.40001,1.16,3.8000000000000003,72.3,82.1
-27.802778,28.768333,01-02-2011,107.80000000000001,26.91,13.11,3.3,159.1,1.15,5.4,102.8,56.3
-29.160278,26.573333,01-02-2011,84.30000000000001,28.949999,13.07,2.4,190.1,1.52,4.2,80.4,109.700005
-34.329722,18.990278,01-02-2011,23.5,23.05,13.58,17.9,158.2,0.72999996,1.2000000000000002,27.2,131.0
-25.20639,27.558,02-02-2011,112.9,31.109999,17.91,6.5,170.0,1.52,5.6000000000000005,108.0,62.0
-23.281,30.54305556,03-02-2011,99.5,30.859999,19.76,6.2000003,154.40001,1.3299999,5.0,95.0,59.4
-28.801278,31.955389,03-02-2011,89.60000000000001,28.939999,19.64,11.0,150.2,0.89,4.5,87.6,62.600002
-27.00222,28.76528,03-02-2011,95.4,27.63,14.11,5.0,161.6,1.22,4.800000000000001,91.200005,70.4
-27.02314,28.59389,03-02-2011,97.60000000000001,27.8,14.2,4.8,163.1,1.25,4.9,93.3,69.8
-27.3,28.586944,03-02-2011,103.80000000000001,27.63,13.929999,4.2000003,163.40001,1.24,5.2,99.1,64.3
-30.679722,26.7125,03-02-2011,68.10000000000001,28.599998,12.28,2.1000001,180.90001,1.4,3.4000000000000004,64.9,116.0
-28.460833,21.248889,03-02-2011,52.300000000000004,33.62,16.89,0.0,244.7,2.6299999,2.6,49.600002,195.1
-28.460833,21.248889,04-02-2011,52.300000000000004,33.62,16.89,0.0,244.7,2.6299999,2.6,49.600002,195.1
-29.140556,31.391944,07-02-2011,108.7,28.07,19.279999,4.8,143.5,0.82,5.4,103.6,39.9
-25.99136,27.84208,07-02-2011,98.5,28.039999,15.62,4.9,161.1,1.24,4.9,94.200005,66.9
-24.058889,31.237222,07-02-2011,63.300000000000004,31.59,19.869999,1.4,154.6,1.36,3.2,60.100002,94.5
-26.73806,27.59194,07-02-2011,96.30000000000001,28.13,15.17,4.1,168.1,1.3,4.800000000000001,92.0,76.1
-30.86013889,29.07125,07-02-2011,101.60000000000001,26.07,14.799999,7.0,140.6,0.94,5.1000000000000005,97.700005,42.9
-27.356667,27.286389,07-02-2011,94.80000000000001,29.23,15.32,3.0,182.40001,1.4699999,4.7,90.4,92.0
-28.058889,30.373611,07-02-2011,99.60000000000001,28.029999,14.679999,4.2000003,158.0,1.15,5.0,95.0,63.0
-27.01011111,26.69808333,08-02-2011,90.9,29.289999,15.61,2.2,183.5,1.4599999,4.5,86.6,96.9
-27.169444,29.233889,08-02-2011,90.0,26.93,13.59,4.0,157.3,1.12,4.5,86.0,71.3
-26.98472222,26.63227778,08-02-2011,91.80000000000001,29.349998,15.679999,2.5,181.40001,1.4699999,4.6000000000000005,87.4,94.0
-27.398611,26.614722,08-02-2011,84.9,29.939999,15.61,2.5,191.90001,1.5699999,4.2,80.9,111.0
-27.573056,24.746389,08-02-2011,75.2,31.66,15.66,0.4,208.40001,1.8399999,3.8000000000000003,71.5,136.90001
-33.501667,21.624167,08-02-2011,13.0,27.64,11.98,0.1,189.1,1.37,0.7000000000000001,12.400001,176.7
-32.502778,19.535833,08-02-2011,4.800000000000001,30.92,13.57,1.3000001,233.40001,2.0,0.2,4.7000003,228.7
-25.45963889,28.26430556,08-02-2011,104.7,29.849998,16.63,5.1,164.5,1.37,5.2,100.0,64.5
-26.970278,27.211111,09-02-2011,96.2,28.859999,15.42,3.5,173.90001,1.4,4.800000000000001,91.8,82.1
-27.273889,28.49,09-02-2011,104.7,27.599998,14.009999,4.4,164.3,1.24,5.2,100.1,64.200005
-28.69485,28.23487,09-02-2011,103.4,25.769999,12.639999,3.1000001,160.7,1.11,5.2,98.6,62.100002
-28.883333,27.89,09-02-2011,105.80000000000001,26.349998,12.929999,3.3,164.2,1.18,5.300000000000001,101.0,63.2
-27.02314,28.59389,10-02-2011,97.60000000000001,27.8,14.2,4.8,163.1,1.25,4.9,93.3,69.8
-30.679722,26.7125,10-02-2011,68.10000000000001,28.599998,12.28,2.1000001,180.90001,1.4,3.4000000000000004,64.9,116.0
-30.534167,24.961944,10-02-2011,44.900000000000006,29.9,13.13,0.0,205.0,1.7099999,2.2,42.600002,162.40001
-34.031944,22.053333,10-02-2011,20.200000000000003,25.33,14.79,7.0,157.5,0.84999996,1.0,20.6,136.90001
-34.039722,22.133333,10-02-2011,21.1,25.16,15.12,7.3,156.0,0.82,1.1,21.6,134.40001
-32.595833,19.009444,10-02-2011,7.300000000000001,30.83,13.759999,6.1,218.5,1.8199999,0.4,7.6,210.90001
-28.801278,31.955389,11-02-2011,89.60000000000001,28.939999,19.64,11.0,150.2,0.89,4.5,87.6,62.600002
-29.658056,25.973333,11-02-2011,71.0,28.289999,12.61,2.2,186.90001,1.4399999,3.6,67.700005,119.200005
-28.068333,31.55,11-02-2011,77.30000000000001,30.42,19.76,2.3,159.1,1.31,3.9000000000000004,73.5,85.6
-28.760833,17.730278,13-02-2011,1.3,34.98,19.64,0.0,257.5,3.03,0.1,1.2,256.30002
-29.7775,29.470833,14-02-2011,148.1,24.17,11.82,8.900001,138.3,0.81,7.4,138.3,0.0
-29.987778,29.851667,14-02-2011,127.0,25.42,13.759999,10.8,136.0,0.83,6.4,122.4,13.6
-29.744167,29.905833,14-02-2011,126.30000000000001,26.31,14.46,8.7,141.6,0.94,6.300000000000001,121.1,20.5
-26.861111,28.884722,14-02-2011,89.0,27.43,14.009999,5.2000003,161.0,1.1899999,4.5,85.200005,75.8
-26.45,28.085833,14-02-2011,90.0,27.789999,14.849999,4.5,162.5,1.24,4.5,86.0,76.5
-31.396,29.2651,14-02-2011,98.7,25.96,17.63,23.9,134.5,0.78999996,4.9,119.5,15.0
-25.20639,27.558,15-02-2011,112.9,31.109999,17.91,6.5,170.0,1.52,5.6000000000000005,108.0,62.0
-24.69514,27.40906,15-02-2011,121.0,31.609999,18.789999,7.0,172.90001,1.61,6.0,115.6,57.3
-26.006389,29.253889,15-02-2011,96.5,27.09,14.0199995,5.5,152.0,1.1,4.800000000000001,92.3,59.7
-27.802778,28.768333,15-02-2011,107.80000000000001,26.91,13.11,3.3,159.1,1.15,5.4,102.8,56.3
-27.398611,26.614722,15-02-2011,84.9,29.939999,15.61,2.5,191.90001,1.5699999,4.2,80.9,111.0
-27.671111,27.236944,15-02-2011,94.2,29.48,15.049999,2.7,182.90001,1.51,4.7,89.8,93.1
-29.160278,26.573333,15-02-2011,84.30000000000001,28.949999,13.07,2.4,190.1,1.52,4.2,80.4,109.700005
-30.568333,29.422778,15-02-2011,105.30000000000001,24.699999,12.12,8.5,137.7,0.81,5.300000000000001,101.5,36.2
-30.570833,29.150556,15-02-2011,108.5,24.51,11.94,6.5,138.90001,0.84,5.4,104.1,34.8
-33.38056,19.30167,15-02-2011,13.4,26.59,11.87,8.2,194.3,1.35,0.7000000000000001,14.400001,179.90001
-33.31388889,19.07472222,15-02-2011,13.8,29.13,14.309999,10.2,205.90001,1.5799999,0.7000000000000001,15.1,190.8
-27.495556,26.074722,15-02-2011,79.9,29.939999,14.9,2.8,194.2,1.5699999,4.0,76.3,117.9
-25.436111,31.982222,16-02-2011,61.800000000000004,30.689999,18.58,12.400001,148.90001,1.14,3.1,60.0,88.9
-24.39619444,27.08983333,16-02-2011,96.5,31.679998,18.75,8.400001,169.2,1.5999999,4.800000000000001,92.6,76.6
-25.67386,31.57527,16-02-2011,81.0,30.3,19.39,11.400001,154.8,1.22,4.1000000000000005,78.1,76.700005
-30.733889,29.828333,16-02-2011,114.80000000000001,25.43,15.65,33.100002,132.40001,0.77,5.7,120.0,12.400001
-30.398056,30.601944,16-02-2011,125.4,26.41,19.43,49.0,134.7,0.71999997,6.300000000000001,127.0,7.7000003
-27.273889,28.49,16-02-2011,104.7,27.599998,14.009999,4.4,164.3,1.24,5.2,100.1,64.200005
-27.3,28.586944,16-02-2011,103.80000000000001,27.63,13.929999,4.2000003,163.40001,1.24,5.2,99.1,64.3
-27.044444,27.005,16-02-2011,93.5,29.25,15.57,3.3,178.7,1.4499999,4.7,89.200005,89.5
-30.86013889,29.07125,16-02-2011,101.60000000000001,26.07,14.799999,7.0,140.6,0.94,5.1000000000000005,97.700005,42.9
-30.77586667,29.03221667,16-02-2011,104.30000000000001,26.0,14.53,6.6,141.5,0.96,5.2,100.200005,41.3
-33.13083,18.86278,16-02-2011,12.200000000000001,29.59,14.95,7.5,207.1,1.61,0.6000000000000001,12.7,194.40001
-24.925278,29.324444,17-02-2011,109.5,30.97,17.51,4.0,162.40001,1.41,5.5,104.5,57.9
-27.00222,28.76528,17-02-2011,95.4,27.63,14.11,5.0,161.6,1.22,4.800000000000001,91.200005,70.4
-27.02314,28.59389,17-02-2011,97.60000000000001,27.8,14.2,4.8,163.1,1.25,4.9,93.3,69.8
-22.43772222,31.07805556,18-02-2011,112.30000000000001,33.94,20.96,0.5,172.0,1.7099999,5.6000000000000005,106.700005,65.3
-29.803611,30.516111,18-02-2011,120.7,26.14,16.369999,11.3,134.2,0.77,6.0,116.5,17.7
-25.99136,27.84208,21-02-2011,98.5,28.039999,15.62,4.9,161.1,1.24,4.9,94.200005,66.9
-26.861111,28.884722,21-02-2011,89.0,27.43,14.009999,5.2000003,161.0,1.1899999,4.5,85.200005,75.8
-26.73806,27.59194,21-02-2011,96.30000000000001,28.13,15.17,4.1,168.1,1.3,4.800000000000001,92.0,76.1
-26.45,28.085833,21-02-2011,90.0,27.789999,14.849999,4.5,162.5,1.24,4.5,86.0,76.5
-27.01011111,26.69808333,22-02-2011,90.9,29.289999,15.61,2.2,183.5,1.4599999,4.5,86.6,96.9
-27.169444,29.233889,22-02-2011,90.0,26.93,13.59,4.0,157.3,1.12,4.5,86.0,71.3
-26.98472222,26.63227778,22-02-2011,91.80000000000001,29.349998,15.679999,2.5,181.40001,1.4699999,4.6000000000000005,87.4,94.0
-27.398611,26.614722,22-02-2011,84.9,29.939999,15.61,2.5,191.90001,1.5699999,4.2,80.9,111.0
-29.160278,26.573333,22-02-2011,84.30000000000001,28.949999,13.07,2.4,190.1,1.52,4.2,80.4,109.700005
-33.818056,19.694722,22-02-2011,12.3,28.73,14.099999,6.2000003,201.8,1.5,0.6000000000000001,12.900001,188.90001
-25.81048333,27.90955222,23-02-2011,100.5,28.97,16.56,5.1,164.1,1.3299999,5.0,96.1,68.0
-29.641944,30.6875,23-02-2011,111.0,27.15,18.08,10.400001,139.7,0.84999996,5.6000000000000005,107.1,32.600002
-34.065833,20.404167,23-02-2011,12.700000000000001,29.189999,15.91,6.2000003,179.3,1.5,0.6000000000000001,13.2,166.1
-33.980556,21.653333,23-02-2011,15.8,26.83,14.37,4.6,164.5,1.09,0.8,15.8,148.7
-22.769722,30.886944,23-02-2011,120.60000000000001,32.01,19.9,5.5,159.8,1.4399999,6.0,114.9,44.9
-27.00222,28.76528,23-02-2011,95.4,27.63,14.11,5.0,161.6,1.22,4.800000000000001,91.200005,70.4
-27.02314,28.59389,23-02-2011,97.60000000000001,27.8,14.2,4.8,163.1,1.25,4.9,93.3,69.8
-27.38972222,26.46388889,23-02-2011,83.7,30.07,15.54,2.6000001,193.3,1.5799999,4.2,79.8,113.5
-27.398611,26.614722,23-02-2011,84.9,29.939999,15.61,2.5,191.90001,1.5699999,4.2,80.9,111.0
-27.671111,27.236944,23-02-2011,94.2,29.48,15.049999,2.7,182.90001,1.51,4.7,89.8,93.1
-27.356667,27.286389,23-02-2011,94.80000000000001,29.23,15.32,3.0,182.40001,1.4699999,4.7,90.4,92.0
-33.897778,20.012778,23-02-2011,11.0,29.26,14.559999,4.9,196.1,1.55,0.5,11.3,184.8
-23.763056,27.908611,24-02-2011,109.0,30.519999,17.46,5.5,156.3,1.39,5.5,104.1,52.2
-23.23572222,27.717,24-02-2011,82.0,31.82,18.71,0.5,162.0,1.56,4.1000000000000005,77.9,84.1
-28.44555556,32.325,24-02-2011,85.4,28.019999,19.92,17.2,144.8,0.81,4.3,87.5,57.3
-30.679722,26.7125,24-02-2011,68.10000000000001,28.599998,12.28,2.1000001,180.90001,1.4,3.4000000000000004,64.9,116.0
-30.160091,27.40124,24-02-2011,84.5,27.289999,12.719999,3.6000001,171.3,1.3199999,4.2,80.700005,90.6
-30.336111,27.359444,24-02-2011,82.9,27.3,12.259999,3.8,171.90001,1.31,4.1000000000000005,79.3,92.6
-28.460833,21.248889,24-02-2011,52.300000000000004,33.62,16.89,0.0,244.7,2.6299999,2.6,49.600002,195.1
-22.91028,29.61111,25-02-2011,112.60000000000001,30.48,18.59,1.2,151.90001,1.35,5.6000000000000005,107.0,44.9
-28.760833,17.730278,27-02-2011,1.3,34.98,19.64,0.0,257.5,3.03,0.1,1.2,256.30002
-24.183889,30.823889,01-03-2011,94.10000000000001,30.939999,19.23,7.0,152.3,1.28,4.7,90.0,62.3
-27.398611,26.614722,01-03-2011,84.9,29.939999,15.61,2.5,191.90001,1.5699999,4.2,80.9,111.0
-27.671111,27.236944,01-03-2011,94.2,29.48,15.049999,2.7,182.90001,1.51,4.7,89.8,93.1
-29.160278,26.573333,01-03-2011,84.30000000000001,28.949999,13.07,2.4,190.1,1.52,4.2,80.4,109.700005
-27.495556,26.074722,01-03-2011,79.9,29.939999,14.9,2.8,194.2,1.5699999,4.0,76.3,117.9
-23.658056,31.05,02-03-2011,65.4,31.859999,20.039999,1.2,156.40001,1.41,3.3000000000000003,62.2,94.200005
-26.648056,27.089444,02-03-2011,93.9,28.599998,15.219999,3.4,170.90001,1.3299999,4.7,89.6,81.3
-27.802778,28.768333,02-03-2011,107.80000000000001,26.91,13.11,3.3,159.1,1.15,5.4,102.8,56.3
-24.679167,30.8025,03-03-2011,149.0,25.99,15.07,16.7,143.3,0.85999995,7.4,141.7,1.6
-27.273889,28.49,03-03-2011,104.7,27.599998,14.009999,4.4,164.3,1.24,5.2,100.1,64.200005
-27.3,28.586944,03-03-2011,103.80000000000001,27.63,13.929999,4.2000003,163.40001,1.24,5.2,99.1,64.3
-30.679722,26.7125,03-03-2011,68.10000000000001,28.599998,12.28,2.1000001,180.90001,1.4,3.4000000000000004,64.9,116.0
-27.02314,28.59389,04-03-2011,97.60000000000001,27.8,14.2,4.8,163.1,1.25,4.9,93.3,69.8
-25.99136,27.84208,07-03-2011,98.5,28.039999,15.62,4.9,161.1,1.24,4.9,94.200005,66.9
-31.554722,29.245556,07-03-2011,106.2,24.68,16.57,36.100002,123.700005,0.62,5.300000000000001,115.3,8.400001
-27.01011111,26.69808333,08-03-2011,90.9,29.289999,15.61,2.2,183.5,1.4599999,4.5,86.6,96.9
-27.802778,28.768333,08-03-2011,107.80000000000001,26.91,13.11,3.3,159.1,1.15,5.4,102.8,56.3
-26.98472222,26.63227778,08-03-2011,91.80000000000001,29.349998,15.679999,2.5,181.40001,1.4699999,4.6000000000000005,87.4,94.0
-27.398611,26.614722,08-03-2011,84.9,29.939999,15.61,2.5,191.90001,1.5699999,4.2,80.9,111.0
-27.671111,27.236944,08-03-2011,94.2,29.48,15.049999,2.7,182.90001,1.51,4.7,89.8,93.1
-29.160278,26.573333,08-03-2011,84.30000000000001,28.949999,13.07,2.4,190.1,1.52,4.2,80.4,109.700005
-31.396,29.2651,08-03-2011,98.7,25.96,17.63,23.9,134.5,0.78999996,4.9,119.5,15.0
-25.45963889,28.26430556,08-03-2011,104.7,29.849998,16.63,5.1,164.5,1.37,5.2,100.0,64.5
-25.81048333,27.90955222,09-03-2011,100.5,28.97,16.56,5.1,164.1,1.3299999,5.0,96.1,68.0
-22.225556,29.990556,09-03-2011,78.7,32.969997,21.289999,0.2,164.1,1.73,3.9000000000000004,74.8,89.3
-26.03611,30.99778,09-03-2011,142.70000000000002,28.119999,17.32,15.5,155.6,1.11,7.1000000000000005,137.7,17.9
-28.404444,30.013056,09-03-2011,99.7,29.06,15.54,3.4,160.6,1.29,5.0,95.0,65.6
-29.380556,30.2775,09-03-2011,117.4,25.3,13.86,9.0,134.90001,0.77,5.9,112.8,22.1
-26.648056,27.089444,09-03-2011,93.9,28.599998,15.219999,3.4,170.90001,1.3299999,4.7,89.6,81.3
-26.970278,27.211111,09-03-2011,96.2,28.859999,15.42,3.5,173.90001,1.4,4.800000000000001,91.8,82.1
-27.273889,28.49,09-03-2011,104.7,27.599998,14.009999,4.4,164.3,1.24,5.2,100.1,64.200005
-27.3,28.586944,09-03-2011,103.80000000000001,27.63,13.929999,4.2000003,163.40001,1.24,5.2,99.1,64.3
-27.044444,27.005,09-03-2011,93.5,29.25,15.57,3.3,178.7,1.4499999,4.7,89.200005,89.5
-28.69485,28.23487,09-03-2011,103.4,25.769999,12.639999,3.1000001,160.7,1.11,5.2,98.6,62.100002
-28.883333,27.89,09-03-2011,105.80000000000001,26.349998,12.929999,3.3,164.2,1.18,5.300000000000001,101.0,63.2
-30.568333,29.422778,09-03-2011,105.30000000000001,24.699999,12.12,8.5,137.7,0.81,5.300000000000001,101.5,36.2
-30.570833,29.150556,09-03-2011,108.5,24.51,11.94,6.5,138.90001,0.84,5.4,104.1,34.8
-34.329722,18.990278,09-03-2011,23.5,23.05,13.58,17.9,158.2,0.72999996,1.2000000000000002,27.2,131.0
-30.830556,26.921389,10-03-2011,68.9,27.859999,11.849999,2.7,175.90001,1.31,3.4000000000000004,65.8,110.1
-25.49037,30.6986,10-03-2011,122.5,26.84,15.66,17.2,144.7,0.89,6.1000000000000005,118.4,26.300001
-29.380556,30.2775,10-03-2011,117.4,25.3,13.86,9.0,134.90001,0.77,5.9,112.8,22.1
-30.86013889,29.07125,10-03-2011,101.60000000000001,26.07,14.799999,7.0,140.6,0.94,5.1000000000000005,97.700005,42.9
-30.77586667,29.03221667,10-03-2011,104.30000000000001,26.0,14.53,6.6,141.5,0.96,5.2,100.200005,41.3
-29.658056,25.973333,11-03-2011,71.0,28.289999,12.61,2.2,186.90001,1.4399999,3.6,67.700005,119.200005
-30.534167,24.961944,11-03-2011,44.900000000000006,29.9,13.13,0.0,205.0,1.7099999,2.2,42.600002,162.40001
-31.031389,28.883333,11-03-2011,102.10000000000001,25.63,14.299999,7.0,138.90001,0.9,5.1000000000000005,98.0,40.9
-34.039722,22.133333,11-03-2011,21.1,25.16,15.12,7.3,156.0,0.82,1.1,21.6,134.40001
-28.760833,17.730278,13-03-2011,1.3,34.98,19.64,0.0,257.5,3.03,0.1,1.2,256.30002
-29.7775,29.470833,14-03-2011,148.1,24.17,11.82,8.900001,138.3,0.81,7.4,138.3,0.0
-29.987778,29.851667,14-03-2011,127.0,25.42,13.759999,10.8,136.0,0.83,6.4,122.4,13.6
-29.744167,29.905833,14-03-2011,126.30000000000001,26.31,14.46,8.7,141.6,0.94,6.300000000000001,121.1,20.5
-26.861111,28.884722,14-03-2011,89.0,27.43,14.009999,5.2000003,161.0,1.1899999,4.5,85.200005,75.8
-26.73806,27.59194,14-03-2011,96.30000000000001,28.13,15.17,4.1,168.1,1.3,4.800000000000001,92.0,76.1
-26.45,28.085833,14-03-2011,90.0,27.789999,14.849999,4.5,162.5,1.24,4.5,86.0,76.5
-25.127778,27.628889,15-03-2011,112.2,31.17,17.97,6.1,169.3,1.52,5.6000000000000005,107.1,62.2
-25.20639,27.558,15-03-2011,112.9,31.109999,17.91,6.5,170.0,1.52,5.6000000000000005,108.0,62.0
-24.69514,27.40906,15-03-2011,121.0,31.609999,18.789999,7.0,172.90001,1.61,6.0,115.6,57.3
-25.73411,27.21422,15-03-2011,114.0,28.75,15.25,4.9,164.0,1.27,5.7,108.9,55.100002
-26.006389,29.253889,15-03-2011,96.5,27.09,14.0199995,5.5,152.0,1.1,4.800000000000001,92.3,59.7
-28.747778,31.745833,15-03-2011,97.7,29.599998,19.8,6.4,152.90001,1.05,4.9,93.6,59.3
-30.733889,29.828333,15-03-2011,114.80000000000001,25.43,15.65,33.100002,132.40001,0.77,5.7,120.0,12.400001
-27.398611,26.614722,15-03-2011,84.9,29.939999,15.61,2.5,191.90001,1.5699999,4.2,80.9,111.0
-27.495556,26.074722,15-03-2011,79.9,29.939999,14.9,2.8,194.2,1.5699999,4.0,76.3,117.9
-24.282222,28.090278,16-03-2011,99.0,29.25,16.48,6.6,155.40001,1.26,4.9,94.8,60.600002
-30.398056,30.601944,16-03-2011,125.4,26.41,19.43,49.0,134.7,0.71999997,6.300000000000001,127.0,7.7000003
-30.27402,30.69602,16-03-2011,124.0,26.349998,19.369999,34.100002,134.40001,0.71,6.2,124.4,10.0
-26.880278,26.965,16-03-2011,93.9,29.15,15.61,3.3,175.5,1.42,4.7,89.6,85.9
-27.273889,28.49,16-03-2011,104.7,27.599998,14.009999,4.4,164.3,1.24,5.2,100.1,64.200005
-34.031944,22.053333,16-03-2011,20.200000000000003,25.33,14.79,7.0,157.5,0.84999996,1.0,20.6,136.90001
-23.763056,27.908611,17-03-2011,109.0,30.519999,17.46,5.5,156.3,1.39,5.5,104.1,52.2
-27.00222,28.76528,17-03-2011,95.4,27.63,14.11,5.0,161.6,1.22,4.800000000000001,91.200005,70.4
-27.02314,28.59389,17-03-2011,97.60000000000001,27.8,14.2,4.8,163.1,1.25,4.9,93.3,69.8
-24.925278,29.324444,18-03-2011,109.5,30.97,17.51,4.0,162.40001,1.41,5.5,104.5,57.9
-29.803611,30.516111,18-03-2011,120.7,26.14,16.369999,11.3,134.2,0.77,6.0,116.5,17.7
-26.970278,27.211111,21-03-2011,96.2,28.859999,15.42,3.5,173.90001,1.4,4.800000000000001,91.8,82.1
-27.01011111,26.69808333,22-03-2011,90.9,29.289999,15.61,2.2,183.5,1.4599999,4.5,86.6,96.9
-25.99136,27.84208,22-03-2011,98.5,28.039999,15.62,4.9,161.1,1.24,4.9,94.200005,66.9
-26.861111,28.884722,22-03-2011,89.0,27.43,14.009999,5.2000003,161.0,1.1899999,4.5,85.200005,75.8
-26.45,28.085833,22-03-2011,90.0,27.789999,14.849999,4.5,162.5,1.24,4.5,86.0,76.5
-27.398611,26.614722,22-03-2011,84.9,29.939999,15.61,2.5,191.90001,1.5699999,4.2,80.9,111.0
-33.501667,21.624167,22-03-2011,13.0,27.64,11.98,0.1,189.1,1.37,0.7000000000000001,12.400001,176.7
-33.31388889,19.07472222,22-03-2011,13.8,29.13,14.309999,10.2,205.90001,1.5799999,0.7000000000000001,15.1,190.8
-28.338333,31.373611,22-03-2011,94.60000000000001,28.3,17.35,2.9,148.5,1.01,4.7,90.0,58.5
-29.641944,30.6875,23-03-2011,111.0,27.15,18.08,10.400001,139.7,0.84999996,5.6000000000000005,107.1,32.600002
-28.735556,29.820556,23-03-2011,104.9,29.14,15.839999,3.2,157.90001,1.27,5.2,99.9,58.0
-26.648056,27.089444,23-03-2011,93.9,28.599998,15.219999,3.4,170.90001,1.3299999,4.7,89.6,81.3
-27.044444,27.005,23-03-2011,93.5,29.25,15.57,3.3,178.7,1.4499999,4.7,89.200005,89.5
-29.160278,26.573333,23-03-2011,84.30000000000001,28.949999,13.07,2.4,190.1,1.52,4.2,80.4,109.700005
-33.13083,18.86278,23-03-2011,12.200000000000001,29.59,14.95,7.5,207.1,1.61,0.6000000000000001,12.7,194.40001
-25.45963889,28.26430556,23-03-2011,104.7,29.849998,16.63,5.1,164.5,1.37,5.2,100.0,64.5
-25.81048333,27.90955222,24-03-2011,100.5,28.97,16.56,5.1,164.1,1.3299999,5.0,96.1,68.0
-27.602222,29.942778,24-03-2011,98.7,29.22,15.29,4.1,165.8,1.3399999,4.9,94.1,71.700005
-27.3,28.586944,24-03-2011,103.80000000000001,27.63,13.929999,4.2000003,163.40001,1.24,5.2,99.1,64.3
-33.38056,19.30167,24-03-2011,13.4,26.59,11.87,8.2,194.3,1.35,0.7000000000000001,14.400001,179.90001
-27.00222,28.76528,25-03-2011,95.4,27.63,14.11,5.0,161.6,1.22,4.800000000000001,91.200005,70.4
-27.02314,28.59389,25-03-2011,97.60000000000001,27.8,14.2,4.8,163.1,1.25,4.9,93.3,69.8
-30.160091,27.40124,25-03-2011,84.5,27.289999,12.719999,3.6000001,171.3,1.3199999,4.2,80.700005,90.6
-30.336111,27.359444,25-03-2011,82.9,27.3,12.259999,3.8,171.90001,1.31,4.1000000000000005,79.3,92.6
-28.760833,17.730278,27-03-2011,1.3,34.98,19.64,0.0,257.5,3.03,0.1,1.2,256.30002
-22.43772222,31.07805556,28-03-2011,112.30000000000001,33.94,20.96,0.5,172.0,1.7099999,5.6000000000000005,106.700005,65.3
-26.73806,27.59194,28-03-2011,96.30000000000001,28.13,15.17,4.1,168.1,1.3,4.800000000000001,92.0,76.1
-25.127778,27.628889,29-03-2011,112.2,31.17,17.97,6.1,169.3,1.52,5.6000000000000005,107.1,62.2
-25.20639,27.558,29-03-2011,112.9,31.109999,17.91,6.5,170.0,1.52,5.6000000000000005,108.0,62.0
-24.69514,27.40906,29-03-2011,121.0,31.609999,18.789999,7.0,172.90001,1.61,6.0,115.6,57.3
-27.169444,29.233889,29-03-2011,90.0,26.93,13.59,4.0,157.3,1.12,4.5,86.0,71.3
-26.98472222,26.63227778,29-03-2011,91.80000000000001,29.349998,15.679999,2.5,181.40001,1.4699999,4.6000000000000005,87.4,94.0
-28.141944,26.417778,29-03-2011,83.30000000000001,29.789999,14.54,2.5,192.90001,1.5899999,4.2,79.5,113.4
-28.116667,26.725278,29-03-2011,84.0,29.539999,15.009999,2.5,188.7,1.5699999,4.2,80.1,108.6
-27.398611,26.614722,29-03-2011,84.9,29.939999,15.61,2.5,191.90001,1.5699999,4.2,80.9,111.0
-29.160278,26.573333,29-03-2011,84.30000000000001,28.949999,13.07,2.4,190.1,1.52,4.2,80.4,109.700005
-27.495556,26.074722,29-03-2011,79.9,29.939999,14.9,2.8,194.2,1.5699999,4.0,76.3,117.9
-34.065833,20.404167,30-03-2011,12.700000000000001,29.189999,15.91,6.2000003,179.3,1.5,0.6000000000000001,13.2,166.1
-27.363611,31.783333,30-03-2011,75.0,30.019999,18.93,10.6,154.40001,1.16,3.8000000000000003,72.3,82.1
-26.905,32.324722,30-03-2011,52.2,31.529999,19.46,9.5,159.5,1.26,2.6,50.4,109.1
-28.75,30.442778,30-03-2011,98.10000000000001,30.07,17.529999,3.4,161.1,1.3299999,4.9,93.5,67.6
-29.161667,30.629722,30-03-2011,114.30000000000001,25.699999,14.74,8.3,137.6,0.78999996,5.7,109.8,27.800001
-26.880278,26.965,30-03-2011,93.9,29.15,15.61,3.3,175.5,1.42,4.7,89.6,85.9
-27.398611,26.614722,30-03-2011,84.9,29.939999,15.61,2.5,191.90001,1.5699999,4.2,80.9,111.0
-28.69485,28.23487,30-03-2011,103.4,25.769999,12.639999,3.1000001,160.7,1.11,5.2,98.6,62.100002
-28.883333,27.89,30-03-2011,105.80000000000001,26.349998,12.929999,3.3,164.2,1.18,5.300000000000001,101.0,63.2
-33.818056,19.694722,30-03-2011,12.3,28.73,14.099999,6.2000003,201.8,1.5,0.6000000000000001,12.900001,188.90001
-34.075556,20.145556,30-03-2011,13.3,28.57,14.969999,6.2000003,183.2,1.4399999,0.7000000000000001,13.8,169.40001
-27.00222,28.76528,31-03-2011,95.4,27.63,14.11,5.0,161.6,1.22,4.800000000000001,91.200005,70.4
-27.02314,28.59389,31-03-2011,97.60000000000001,27.8,14.2,4.8,163.1,1.25,4.9,93.3,69.8
-30.679722,26.7125,31-03-2011,68.10000000000001,28.599998,12.28,2.1000001,180.90001,1.4,3.4000000000000004,64.9,116.0
-30.534167,24.961944,31-03-2011,44.900000000000006,29.9,13.13,0.0,205.0,1.7099999,2.2,42.600002,162.40001
-33.897778,20.012778,31-03-2011,11.0,29.26,14.559999,4.9,196.1,1.55,0.5,11.3,184.8
-22.769722,30.886944,01-04-2011,120.60000000000001,32.01,19.9,5.5,159.8,1.4399999,6.0,114.9,44.9
-27.802778,28.768333,01-04-2011,107.80000000000001,26.91,13.11,3.3,159.1,1.15,5.4,102.8,56.3
-27.5275,30.858056,02-04-2011,107.2,27.09,15.63,7.2000003,150.3,0.98999995,5.4,102.700005,47.600002
-25.99136,27.84208,04-04-2011,98.5,28.039999,15.62,4.9,161.1,1.24,4.9,94.200005,66.9
-25.513889,31.224444,04-04-2011,105.80000000000001,28.0,17.51,13.2,149.40001,1.02,5.300000000000001,102.200005,47.2
-25.398889,31.610556,04-04-2011,69.8,29.41,18.67,11.3,146.8,1.05,3.5,67.4,79.4
-24.183889,30.823889,05-04-2011,94.10000000000001,30.939999,19.23,7.0,152.3,1.28,4.7,90.0,62.3
-23.281,30.54305556,05-04-2011,99.5,30.859999,19.76,6.2000003,154.40001,1.3299999,5.0,95.0,59.4
-25.362222,31.956667,05-04-2011,61.5,30.09,18.279999,11.6,146.6,1.05,3.1,59.600002,87.0
-29.380556,30.2775,05-04-2011,117.4,25.3,13.86,9.0,134.90001,0.77,5.9,112.8,22.1
-27.398611,26.614722,05-04-2011,84.9,29.939999,15.61,2.5,191.90001,1.5699999,4.2,80.9,111.0
-25.45963889,28.26430556,05-04-2011,104.7,29.849998,16.63,5.1,164.5,1.37,5.2,100.0,64.5
-25.81048333,27.90955222,06-04-2011,100.5,28.97,16.56,5.1,164.1,1.3299999,5.0,96.1,68.0
-23.658056,31.05,06-04-2011,65.4,31.859999,20.039999,1.2,156.40001,1.41,3.3000000000000003,62.2,94.200005
-24.058889,31.237222,06-04-2011,63.300000000000004,31.59,19.869999,1.4,154.6,1.36,3.2,60.100002,94.5
-24.034167,31.123611,06-04-2011,73.7,31.039999,19.42,1.2,153.8,1.29,3.7,70.0,83.8
-24.99328,30.81444,06-04-2011,145.6,23.949999,13.13,32.2,131.40001,0.62,7.300000000000001,131.40001,0.0
-25.14944444,31.94055556,06-04-2011,62.1,30.01,18.49,9.6,146.8,1.06,3.1,59.8,87.0
-27.937778,31.209444,06-04-2011,82.30000000000001,28.3,17.25,2.9,154.3,1.0799999,4.1000000000000005,78.3,76.0
-28.404444,30.013056,06-04-2011,99.7,29.06,15.54,3.4,160.6,1.29,5.0,95.0,65.6
-26.880278,26.965,06-04-2011,93.9,29.15,15.61,3.3,175.5,1.42,4.7,89.6,85.9
-31.000833,26.353056,06-04-2011,53.800000000000004,27.609999,11.16,2.0,181.2,1.3399999,2.7,51.4,129.8
-24.679167,30.8025,07-04-2011,149.0,25.99,15.07,16.7,143.3,0.85999995,7.4,141.7,1.6
-24.99328,30.81444,07-04-2011,145.6,23.949999,13.13,32.2,131.40001,0.62,7.300000000000001,131.40001,0.0
-27.02314,28.59389,07-04-2011,97.60000000000001,27.8,14.2,4.8,163.1,1.25,4.9,93.3,69.8
-28.760833,17.730278,10-04-2011,1.3,34.98,19.64,0.0,257.5,3.03,0.1,1.2,256.30002
-26.73806,27.59194,10-04-2011,96.30000000000001,28.13,15.17,4.1,168.1,1.3,4.800000000000001,92.0,76.1
-25.49037,30.6986,11-04-2011,122.5,26.84,15.66,17.2,144.7,0.89,6.1000000000000005,118.4,26.300001
-29.987778,29.851667,11-04-2011,127.0,25.42,13.759999,10.8,136.0,0.83,6.4,122.4,13.6
-29.744167,29.905833,11-04-2011,126.30000000000001,26.31,14.46,8.7,141.6,0.94,6.300000000000001,121.1,20.5
-26.861111,28.884722,11-04-2011,89.0,27.43,14.009999,5.2000003,161.0,1.1899999,4.5,85.200005,75.8
-26.970278,27.211111,11-04-2011,96.2,28.859999,15.42,3.5,173.90001,1.4,4.800000000000001,91.8,82.1
-26.45,28.085833,11-04-2011,90.0,27.789999,14.849999,4.5,162.5,1.24,4.5,86.0,76.5
-31.396,29.2651,11-04-2011,98.7,25.96,17.63,23.9,134.5,0.78999996,4.9,119.5,15.0
-31.554722,29.245556,11-04-2011,106.2,24.68,16.57,36.100002,123.700005,0.62,5.300000000000001,115.3,8.400001
-27.356667,27.286389,11-04-2011,94.80000000000001,29.23,15.32,3.0,182.40001,1.4699999,4.7,90.4,92.0
-25.447222,30.711667,11-04-2011,120.30000000000001,27.359999,16.32,15.8,146.6,0.94,6.0,116.0,30.6
-27.01011111,26.69808333,12-04-2011,90.9,29.289999,15.61,2.2,183.5,1.4599999,4.5,86.6,96.9
-25.127778,27.628889,12-04-2011,112.2,31.17,17.97,6.1,169.3,1.52,5.6000000000000005,107.1,62.2
-25.20639,27.558,12-04-2011,112.9,31.109999,17.91,6.5,170.0,1.52,5.6000000000000005,108.0,62.0
-24.69514,27.40906,12-04-2011,121.0,31.609999,18.789999,7.0,172.90001,1.61,6.0,115.6,57.3
-25.73411,27.21422,12-04-2011,114.0,28.75,15.25,4.9,164.0,1.27,5.7,108.9,55.100002
-26.006389,29.253889,12-04-2011,96.5,27.09,14.0199995,5.5,152.0,1.1,4.800000000000001,92.3,59.7
-26.03611,30.99778,12-04-2011,142.70000000000002,28.119999,17.32,15.5,155.6,1.11,7.1000000000000005,137.7,17.9
-28.801278,31.955389,12-04-2011,89.60000000000001,28.939999,19.64,11.0,150.2,0.89,4.5,87.6,62.600002
-30.733889,29.828333,12-04-2011,114.80000000000001,25.43,15.65,33.100002,132.40001,0.77,5.7,120.0,12.400001
-27.169444,29.233889,12-04-2011,90.0,26.93,13.59,4.0,157.3,1.12,4.5,86.0,71.3
-27.802778,28.768333,12-04-2011,107.80000000000001,26.91,13.11,3.3,159.1,1.15,5.4,102.8,56.3
-26.98472222,26.63227778,12-04-2011,91.80000000000001,29.349998,15.679999,2.5,181.40001,1.4699999,4.6000000000000005,87.4,94.0
-27.398611,26.614722,12-04-2011,84.9,29.939999,15.61,2.5,191.90001,1.5699999,4.2,80.9,111.0
-29.160278,26.573333,12-04-2011,84.30000000000001,28.949999,13.07,2.4,190.1,1.52,4.2,80.4,109.700005
-30.568333,29.422778,12-04-2011,105.30000000000001,24.699999,12.12,8.5,137.7,0.81,5.300000000000001,101.5,36.2
-30.570833,29.150556,12-04-2011,108.5,24.51,11.94,6.5,138.90001,0.84,5.4,104.1,34.8
-33.501667,21.624167,12-04-2011,13.0,27.64,11.98,0.1,189.1,1.37,0.7000000000000001,12.400001,176.7
-27.495556,26.074722,12-04-2011,79.9,29.939999,14.9,2.8,194.2,1.5699999,4.0,76.3,117.9
-25.57877778,29.12747222,12-04-2011,102.30000000000001,29.429998,15.799999,4.8,161.6,1.3199999,5.1000000000000005,97.8,63.8
-28.801278,31.955389,13-04-2011,89.60000000000001,28.939999,19.64,11.0,150.2,0.89,4.5,87.6,62.600002
-30.398056,30.601944,13-04-2011,125.4,26.41,19.43,49.0,134.7,0.71999997,6.300000000000001,127.0,7.7000003
-30.27402,30.69602,13-04-2011,124.0,26.349998,19.369999,34.100002,134.40001,0.71,6.2,124.4,10.0
-26.648056,27.089444,13-04-2011,93.9,28.599998,15.219999,3.4,170.90001,1.3299999,4.7,89.6,81.3
-27.044444,27.005,13-04-2011,93.5,29.25,15.57,3.3,178.7,1.4499999,4.7,89.200005,89.5
-31.031389,28.883333,13-04-2011,102.10000000000001,25.63,14.299999,7.0,138.90001,0.9,5.1000000000000005,98.0,40.9
-30.86013889,29.07125,13-04-2011,101.60000000000001,26.07,14.799999,7.0,140.6,0.94,5.1000000000000005,97.700005,42.9
-24.925278,29.324444,14-04-2011,109.5,30.97,17.51,4.0,162.40001,1.41,5.5,104.5,57.9
-27.00222,28.76528,14-04-2011,95.4,27.63,14.11,5.0,161.6,1.22,4.800000000000001,91.200005,70.4
-27.02314,28.59389,14-04-2011,97.60000000000001,27.8,14.2,4.8,163.1,1.25,4.9,93.3,69.8
-30.160091,27.40124,14-04-2011,84.5,27.289999,12.719999,3.6000001,171.3,1.3199999,4.2,80.700005,90.6
-30.336111,27.359444,14-04-2011,82.9,27.3,12.259999,3.8,171.90001,1.31,4.1000000000000005,79.3,92.6
-30.830556,26.921389,15-04-2011,68.9,27.859999,11.849999,2.7,175.90001,1.31,3.4000000000000004,65.8,110.1
-27.902778,24.615556,15-04-2011,70.8,32.02,15.94,0.3,208.0,1.9699999,3.5,67.200005,140.8
-34.031944,22.053333,15-04-2011,20.200000000000003,25.33,14.79,7.0,157.5,0.84999996,1.0,20.6,136.90001
-29.803611,30.516111,15-04-2011,120.7,26.14,16.369999,11.3,134.2,0.77,6.0,116.5,17.7
-22.43772222,31.07805556,16-04-2011,112.30000000000001,33.94,20.96,0.5,172.0,1.7099999,5.6000000000000005,106.700005,65.3
-25.99136,27.84208,18-04-2011,98.5,28.039999,15.62,4.9,161.1,1.24,4.9,94.200005,66.9
-34.039722,22.133333,18-04-2011,21.1,25.16,15.12,7.3,156.0,0.82,1.1,21.6,134.40001
-28.735556,29.820556,19-04-2011,104.9,29.14,15.839999,3.2,157.90001,1.27,5.2,99.9,58.0
-27.802778,28.768333,19-04-2011,107.80000000000001,26.91,13.11,3.3,159.1,1.15,5.4,102.8,56.3
-33.38056,19.30167,19-04-2011,13.4,26.59,11.87,8.2,194.3,1.35,0.7000000000000001,14.400001,179.90001
-33.31388889,19.07472222,19-04-2011,13.8,29.13,14.309999,10.2,205.90001,1.5799999,0.7000000000000001,15.1,190.8
-27.356667,27.286389,19-04-2011,94.80000000000001,29.23,15.32,3.0,182.40001,1.4699999,4.7,90.4,92.0
-28.068333,31.55,19-04-2011,77.30000000000001,30.42,19.76,2.3,159.1,1.31,3.9000000000000004,73.5,85.6
-27.398611,26.614722,20-04-2011,84.9,29.939999,15.61,2.5,191.90001,1.5699999,4.2,80.9,111.0
-29.160278,26.573333,20-04-2011,84.30000000000001,28.949999,13.07,2.4,190.1,1.52,4.2,80.4,109.700005
-30.830556,26.921389,21-04-2011,68.9,27.859999,11.849999,2.7,175.90001,1.31,3.4000000000000004,65.8,110.1
-27.363611,31.783333,21-04-2011,75.0,30.019999,18.93,10.6,154.40001,1.16,3.8000000000000003,72.3,82.1
-27.044444,27.005,21-04-2011,93.5,29.25,15.57,3.3,178.7,1.4499999,4.7,89.200005,89.5
-27.902778,24.615556,21-04-2011,70.8,32.02,15.94,0.3,208.0,1.9699999,3.5,67.200005,140.8
-28.760833,17.730278,25-04-2011,1.3,34.98,19.64,0.0,257.5,3.03,0.1,1.2,256.30002
-26.861111,28.884722,25-04-2011,89.0,27.43,14.009999,5.2000003,161.0,1.1899999,4.5,85.200005,75.8
-26.970278,27.211111,25-04-2011,96.2,28.859999,15.42,3.5,173.90001,1.4,4.800000000000001,91.8,82.1
-26.45,28.085833,25-04-2011,90.0,27.789999,14.849999,4.5,162.5,1.24,4.5,86.0,76.5
-27.01011111,26.69808333,26-04-2011,90.9,29.289999,15.61,2.2,183.5,1.4599999,4.5,86.6,96.9
-25.127778,27.628889,26-04-2011,112.2,31.17,17.97,6.1,169.3,1.52,5.6000000000000005,107.1,62.2
-25.20639,27.558,26-04-2011,112.9,31.109999,17.91,6.5,170.0,1.52,5.6000000000000005,108.0,62.0
-24.69514,27.40906,26-04-2011,121.0,31.609999,18.789999,7.0,172.90001,1.61,6.0,115.6,57.3
-27.169444,29.233889,26-04-2011,90.0,26.93,13.59,4.0,157.3,1.12,4.5,86.0,71.3
-26.98472222,26.63227778,26-04-2011,91.80000000000001,29.349998,15.679999,2.5,181.40001,1.4699999,4.6000000000000005,87.4,94.0
-27.398611,26.614722,26-04-2011,84.9,29.939999,15.61,2.5,191.90001,1.5699999,4.2,80.9,111.0
-27.495556,26.074722,26-04-2011,79.9,29.939999,14.9,2.8,194.2,1.5699999,4.0,76.3,117.9
-34.065833,20.404167,27-04-2011,12.700000000000001,29.189999,15.91,6.2000003,179.3,1.5,0.6000000000000001,13.2,166.1
-28.75,30.442778,27-04-2011,98.10000000000001,30.07,17.529999,3.4,161.1,1.3299999,4.9,93.5,67.6
-29.161667,30.629722,27-04-2011,114.30000000000001,25.699999,14.74,8.3,137.6,0.78999996,5.7,109.8,27.800001
-26.880278,26.965,27-04-2011,93.9,29.15,15.61,3.3,175.5,1.42,4.7,89.6,85.9
-33.897778,20.012778,28-04-2011,11.0,29.26,14.559999,4.9,196.1,1.55,0.5,11.3,184.8
-25.99136,27.84208,02-05-2011,98.5,28.039999,15.62,4.9,161.1,1.24,4.9,94.200005,66.9
-29.380556,30.2775,03-05-2011,117.4,25.3,13.86,9.0,134.90001,0.77,5.9,112.8,22.1
-26.45,28.085833,03-05-2011,90.0,27.789999,14.849999,4.5,162.5,1.24,4.5,86.0,76.5
-27.902778,24.615556,03-05-2011,70.8,32.02,15.94,0.3,208.0,1.9699999,3.5,67.200005,140.8
-25.45963889,28.26430556,03-05-2011,104.7,29.849998,16.63,5.1,164.5,1.37,5.2,100.0,64.5
-25.57877778,29.12747222,03-05-2011,102.30000000000001,29.429998,15.799999,4.8,161.6,1.3199999,5.1000000000000005,97.8,63.8
-25.81048333,27.90955222,04-05-2011,100.5,28.97,16.56,5.1,164.1,1.3299999,5.0,96.1,68.0
-26.006389,29.253889,04-05-2011,96.5,27.09,14.0199995,5.5,152.0,1.1,4.800000000000001,92.3,59.7
-28.404444,30.013056,04-05-2011,99.7,29.06,15.54,3.4,160.6,1.29,5.0,95.0,65.6
-27.802778,28.768333,04-05-2011,107.80000000000001,26.91,13.11,3.3,159.1,1.15,5.4,102.8,56.3
-27.356667,27.286389,04-05-2011,94.80000000000001,29.23,15.32,3.0,182.40001,1.4699999,4.7,90.4,92.0
-27.937778,31.209444,05-05-2011,82.30000000000001,28.3,17.25,2.9,154.3,1.0799999,4.1000000000000005,78.3,76.0
-27.5275,30.858056,05-05-2011,107.2,27.09,15.63,7.2000003,150.3,0.98999995,5.4,102.700005,47.600002
-27.3,28.586944,05-05-2011,103.80000000000001,27.63,13.929999,4.2000003,163.40001,1.24,5.2,99.1,64.3
-27.398611,26.614722,05-05-2011,84.9,29.939999,15.61,2.5,191.90001,1.5699999,4.2,80.9,111.0
-27.00222,28.76528,06-05-2011,95.4,27.63,14.11,5.0,161.6,1.22,4.800000000000001,91.200005,70.4
-27.02314,28.59389,06-05-2011,97.60000000000001,27.8,14.2,4.8,163.1,1.25,4.9,93.3,69.8
-26.648056,27.089444,06-05-2011,93.9,28.599998,15.219999,3.4,170.90001,1.3299999,4.7,89.6,81.3
-26.970278,27.211111,06-05-2011,96.2,28.859999,15.42,3.5,173.90001,1.4,4.800000000000001,91.8,82.1
-28.760833,17.730278,08-05-2011,1.3,34.98,19.64,0.0,257.5,3.03,0.1,1.2,256.30002
-29.7775,29.470833,09-05-2011,148.1,24.17,11.82,8.900001,138.3,0.81,7.4,138.3,0.0
-29.744167,29.905833,09-05-2011,126.30000000000001,26.31,14.46,8.7,141.6,0.94,6.300000000000001,121.1,20.5
-26.861111,28.884722,09-05-2011,89.0,27.43,14.009999,5.2000003,161.0,1.1899999,4.5,85.200005,75.8
-26.970278,27.211111,09-05-2011,96.2,28.859999,15.42,3.5,173.90001,1.4,4.800000000000001,91.8,82.1
-31.104278,29.399722,09-05-2011,101.80000000000001,25.75,16.289999,21.6,134.1,0.81,5.1000000000000005,115.700005,18.4
-25.127778,27.628889,10-05-2011,112.2,31.17,17.97,6.1,169.3,1.52,5.6000000000000005,107.1,62.2
-25.20639,27.558,10-05-2011,112.9,31.109999,17.91,6.5,170.0,1.52,5.6000000000000005,108.0,62.0
-24.69514,27.40906,10-05-2011,121.0,31.609999,18.789999,7.0,172.90001,1.61,6.0,115.6,57.3
-24.058889,31.237222,10-05-2011,63.300000000000004,31.59,19.869999,1.4,154.6,1.36,3.2,60.100002,94.5
-24.034167,31.123611,10-05-2011,73.7,31.039999,19.42,1.2,153.8,1.29,3.7,70.0,83.8
-28.747778,31.745833,10-05-2011,97.7,29.599998,19.8,6.4,152.90001,1.05,4.9,93.6,59.3
-30.733889,29.828333,10-05-2011,114.80000000000001,25.43,15.65,33.100002,132.40001,0.77,5.7,120.0,12.400001
-26.98472222,26.63227778,10-05-2011,91.80000000000001,29.349998,15.679999,2.5,181.40001,1.4699999,4.6000000000000005,87.4,94.0
-27.398611,26.614722,10-05-2011,84.9,29.939999,15.61,2.5,191.90001,1.5699999,4.2,80.9,111.0
-29.160278,26.573333,10-05-2011,84.30000000000001,28.949999,13.07,2.4,190.1,1.52,4.2,80.4,109.700005
-31.396,29.2651,10-05-2011,98.7,25.96,17.63,23.9,134.5,0.78999996,4.9,119.5,15.0
-33.501667,21.624167,10-05-2011,13.0,27.64,11.98,0.1,189.1,1.37,0.7000000000000001,12.400001,176.7
-32.502778,19.535833,10-05-2011,4.800000000000001,30.92,13.57,1.3000001,233.40001,2.0,0.2,4.7000003,228.7
-31.5653,18.3306,10-05-2011,2.9000000000000004,28.32,13.7,0.3,208.7,1.38,0.1,2.7,206.0
-27.495556,26.074722,10-05-2011,79.9,29.939999,14.9,2.8,194.2,1.5699999,4.0,76.3,117.9
-24.183889,30.823889,11-05-2011,94.10000000000001,30.939999,19.23,7.0,152.3,1.28,4.7,90.0,62.3
-28.801278,31.955389,11-05-2011,89.60000000000001,28.939999,19.64,11.0,150.2,0.89,4.5,87.6,62.600002
-30.398056,30.601944,11-05-2011,125.4,26.41,19.43,49.0,134.7,0.71999997,6.300000000000001,127.0,7.7000003
-30.27402,30.69602,11-05-2011,124.0,26.349998,19.369999,34.100002,134.40001,0.71,6.2,124.4,10.0
-27.00222,28.76528,11-05-2011,95.4,27.63,14.11,5.0,161.6,1.22,4.800000000000001,91.200005,70.4
-27.02314,28.59389,11-05-2011,97.60000000000001,27.8,14.2,4.8,163.1,1.25,4.9,93.3,69.8
-27.273889,28.49,11-05-2011,104.7,27.599998,14.009999,4.4,164.3,1.24,5.2,100.1,64.200005
-27.4275,28.525833,11-05-2011,107.7,27.46,13.75,3.8,163.6,1.22,5.4,102.8,60.8
-27.044444,27.005,11-05-2011,93.5,29.25,15.57,3.3,178.7,1.4499999,4.7,89.200005,89.5
-22.225556,29.990556,24-11-2014,25.5,34.27,22.15,0.2,179.5,1.89,1.3,24.2,155.3
-30.568333,29.422778,11-05-2011,105.30000000000001,24.699999,12.12,8.5,137.7,0.81,5.300000000000001,101.5,36.2
-30.570833,29.150556,11-05-2011,108.5,24.51,11.94,6.5,138.90001,0.84,5.4,104.1,34.8
-32.595833,19.009444,11-05-2011,7.300000000000001,30.83,13.759999,6.1,218.5,1.8199999,0.4,7.6,210.90001
-29.140556,31.391944,12-05-2011,108.7,28.07,19.279999,4.8,143.5,0.82,5.4,103.6,39.9
-29.641944,30.6875,12-05-2011,111.0,27.15,18.08,10.400001,139.7,0.84999996,5.6000000000000005,107.1,32.600002
-24.679167,30.8025,12-05-2011,149.0,25.99,15.07,16.7,143.3,0.85999995,7.4,141.7,1.6
-30.830556,26.921389,12-05-2011,68.9,27.859999,11.849999,2.7,175.90001,1.31,3.4000000000000004,65.8,110.1
-30.13573889,30.67422222,12-05-2011,119.10000000000001,26.74,19.369999,13.1,136.5,0.77,6.0,116.0,20.5
-26.73806,27.59194,12-05-2011,96.30000000000001,28.13,15.17,4.1,168.1,1.3,4.800000000000001,92.0,76.1
-31.000833,26.353056,12-05-2011,53.800000000000004,27.609999,11.16,2.0,181.2,1.3399999,2.7,51.4,129.8
-22.225556,29.990556,30-07-2015,29.700000000000003,35.86,22.09,0.2,192.8,2.03,1.5,28.2,164.6
-22.225556,29.990556,03-08-2015,29.700000000000003,35.86,22.09,0.2,192.8,2.03,1.5,28.2,164.6
-30.679722,26.7125,12-05-2011,68.10000000000001,28.599998,12.28,2.1000001,180.90001,1.4,3.4000000000000004,64.9,116.0
-31.031389,28.883333,12-05-2011,102.10000000000001,25.63,14.299999,7.0,138.90001,0.9,5.1000000000000005,98.0,40.9
-30.86013889,29.07125,12-05-2011,101.60000000000001,26.07,14.799999,7.0,140.6,0.94,5.1000000000000005,97.700005,42.9
-30.77586667,29.03221667,12-05-2011,104.30000000000001,26.0,14.53,6.6,141.5,0.96,5.2,100.200005,41.3
-24.925278,29.324444,13-05-2011,109.5,30.97,17.51,4.0,162.40001,1.41,5.5,104.5,57.9
-29.658056,25.973333,13-05-2011,71.0,28.289999,12.61,2.2,186.90001,1.4399999,3.6,67.700005,119.200005
-30.534167,24.961944,13-05-2011,44.900000000000006,29.9,13.13,0.0,205.0,1.7099999,2.2,42.600002,162.40001
-29.803611,30.516111,13-05-2011,120.7,26.14,16.369999,11.3,134.2,0.77,6.0,116.5,17.7
-25.447222,30.711667,13-05-2011,120.30000000000001,27.359999,16.32,15.8,146.6,0.94,6.0,116.0,30.6
-25.99136,27.84208,16-05-2011,98.5,28.039999,15.62,4.9,161.1,1.24,4.9,94.200005,66.9
-25.513889,31.224444,16-05-2011,105.80000000000001,28.0,17.51,13.2,149.40001,1.02,5.300000000000001,102.200005,47.2
-26.861111,28.884722,16-05-2011,89.0,27.43,14.009999,5.2000003,161.0,1.1899999,4.5,85.200005,75.8
-26.970278,27.211111,16-05-2011,96.2,28.859999,15.42,3.5,173.90001,1.4,4.800000000000001,91.8,82.1
-34.031944,22.053333,16-05-2011,20.200000000000003,25.33,14.79,7.0,157.5,0.84999996,1.0,20.6,136.90001
-34.039722,22.133333,16-05-2011,21.1,25.16,15.12,7.3,156.0,0.82,1.1,21.6,134.40001
-33.38056,19.30167,16-05-2011,13.4,26.59,11.87,8.2,194.3,1.35,0.7000000000000001,14.400001,179.90001
-33.31388889,19.07472222,16-05-2011,13.8,29.13,14.309999,10.2,205.90001,1.5799999,0.7000000000000001,15.1,190.8
-27.01011111,26.69808333,17-05-2011,90.9,29.289999,15.61,2.2,183.5,1.4599999,4.5,86.6,96.9
-25.436111,31.982222,17-05-2011,61.800000000000004,30.689999,18.58,12.400001,148.90001,1.14,3.1,60.0,88.9
-25.681111,31.783333,17-05-2011,65.4,29.599998,18.289999,10.7,149.2,1.02,3.3000000000000003,63.100002,86.1
-25.67386,31.57527,17-05-2011,81.0,30.3,19.39,11.400001,154.8,1.22,4.1000000000000005,78.1,76.700005
-26.98472222,26.63227778,17-05-2011,91.80000000000001,29.349998,15.679999,2.5,181.40001,1.4699999,4.6000000000000005,87.4,94.0
-27.398611,26.614722,17-05-2011,84.9,29.939999,15.61,2.5,191.90001,1.5699999,4.2,80.9,111.0
-25.45963889,28.26430556,17-05-2011,104.7,29.849998,16.63,5.1,164.5,1.37,5.2,100.0,64.5
-28.338333,31.373611,17-05-2011,94.60000000000001,28.3,17.35,2.9,148.5,1.01,4.7,90.0,58.5
-28.068333,31.55,17-05-2011,77.30000000000001,30.42,19.76,2.3,159.1,1.31,3.9000000000000004,73.5,85.6
-25.81048333,27.90955222,18-05-2011,100.5,28.97,16.56,5.1,164.1,1.3299999,5.0,96.1,68.0
-24.768889,31.39,18-05-2011,74.8,29.89,18.859999,11.2,148.6,1.15,3.7,72.3,76.3
-26.880278,26.965,18-05-2011,93.9,29.15,15.61,3.3,175.5,1.42,4.7,89.6,85.9
-28.801278,31.955389,19-05-2011,89.60000000000001,28.939999,19.64,11.0,150.2,0.89,4.5,87.6,62.600002
-27.169444,29.233889,19-05-2011,90.0,26.93,13.59,4.0,157.3,1.12,4.5,86.0,71.3
-25.447222,30.711667,19-05-2011,120.30000000000001,27.359999,16.32,15.8,146.6,0.94,6.0,116.0,30.6
-22.548889,28.898056,20-05-2011,83.80000000000001,32.23,18.859999,0.1,161.40001,1.5699999,4.2,79.6,81.8
-22.43772222,31.07805556,20-05-2011,112.30000000000001,33.94,20.96,0.5,172.0,1.7099999,5.6000000000000005,106.700005,65.3
-27.902778,24.615556,20-05-2011,70.8,32.02,15.94,0.3,208.0,1.9699999,3.5,67.200005,140.8
-28.760833,17.730278,22-05-2011,1.3,34.98,19.64,0.0,257.5,3.03,0.1,1.2,256.30002
-25.49037,30.6986,23-05-2011,122.5,26.84,15.66,17.2,144.7,0.89,6.1000000000000005,118.4,26.300001
-28.75,30.442778,23-05-2011,98.10000000000001,30.07,17.529999,3.4,161.1,1.3299999,4.9,93.5,67.6
-26.73806,27.59194,23-05-2011,96.30000000000001,28.13,15.17,4.1,168.1,1.3,4.800000000000001,92.0,76.1
-26.45,28.085833,23-05-2011,90.0,27.789999,14.849999,4.5,162.5,1.24,4.5,86.0,76.5
-27.356667,27.286389,23-05-2011,94.80000000000001,29.23,15.32,3.0,182.40001,1.4699999,4.7,90.4,92.0
-22.935,28.004167,24-05-2011,81.80000000000001,32.6,19.21,0.3,164.0,1.6999999,4.1000000000000005,77.700005,86.3
-33.980556,21.653333,24-05-2011,15.8,26.83,14.37,4.6,164.5,1.09,0.8,15.8,148.7
-25.127778,27.628889,24-05-2011,112.2,31.17,17.97,6.1,169.3,1.52,5.6000000000000005,107.1,62.2
-25.20639,27.558,24-05-2011,112.9,31.109999,17.91,6.5,170.0,1.52,5.6000000000000005,108.0,62.0
-24.69514,27.40906,24-05-2011,121.0,31.609999,18.789999,7.0,172.90001,1.61,6.0,115.6,57.3
-27.363611,31.783333,24-05-2011,75.0,30.019999,18.93,10.6,154.40001,1.16,3.8000000000000003,72.3,82.1
-27.169444,29.233889,24-05-2011,90.0,26.93,13.59,4.0,157.3,1.12,4.5,86.0,71.3
-27.802778,28.768333,24-05-2011,107.80000000000001,26.91,13.11,3.3,159.1,1.15,5.4,102.8,56.3
-28.141944,26.417778,24-05-2011,83.30000000000001,29.789999,14.54,2.5,192.90001,1.5899999,4.2,79.5,113.4
-28.116667,26.725278,24-05-2011,84.0,29.539999,15.009999,2.5,188.7,1.5699999,4.2,80.1,108.6
-27.398611,26.614722,24-05-2011,84.9,29.939999,15.61,2.5,191.90001,1.5699999,4.2,80.9,111.0
-27.671111,27.236944,24-05-2011,94.2,29.48,15.049999,2.7,182.90001,1.51,4.7,89.8,93.1
-28.69485,28.23487,24-05-2011,103.4,25.769999,12.639999,3.1000001,160.7,1.11,5.2,98.6,62.100002
-34.092222,21.295278,24-05-2011,16.6,27.42,14.95,5.4,173.1,1.17,0.8,16.9,156.2
-27.495556,26.074722,24-05-2011,79.9,29.939999,14.9,2.8,194.2,1.5699999,4.0,76.3,117.9
-34.065833,20.404167,25-05-2011,12.700000000000001,29.189999,15.91,6.2000003,179.3,1.5,0.6000000000000001,13.2,166.1
-23.23572222,27.717,25-05-2011,82.0,31.82,18.71,0.5,162.0,1.56,4.1000000000000005,77.9,84.1
-28.75,30.442778,25-05-2011,98.10000000000001,30.07,17.529999,3.4,161.1,1.3299999,4.9,93.5,67.6
-29.161667,30.629722,25-05-2011,114.30000000000001,25.699999,14.74,8.3,137.6,0.78999996,5.7,109.8,27.800001
-26.648056,27.089444,25-05-2011,93.9,28.599998,15.219999,3.4,170.90001,1.3299999,4.7,89.6,81.3
-27.273889,28.49,25-05-2011,104.7,27.599998,14.009999,4.4,164.3,1.24,5.2,100.1,64.200005
-27.4275,28.525833,25-05-2011,107.7,27.46,13.75,3.8,163.6,1.22,5.4,102.8,60.8
-27.3,28.586944,25-05-2011,103.80000000000001,27.63,13.929999,4.2000003,163.40001,1.24,5.2,99.1,64.3
-27.398611,26.614722,25-05-2011,84.9,29.939999,15.61,2.5,191.90001,1.5699999,4.2,80.9,111.0
-27.044444,27.005,25-05-2011,93.5,29.25,15.57,3.3,178.7,1.4499999,4.7,89.200005,89.5
-30.679722,26.7125,25-05-2011,68.10000000000001,28.599998,12.28,2.1000001,180.90001,1.4,3.4000000000000004,64.9,116.0
-34.250556,20.9925,25-05-2011,17.6,27.33,15.65,10.1,179.40001,1.11,0.9,18.9,160.5
-33.818056,19.694722,25-05-2011,12.3,28.73,14.099999,6.2000003,201.8,1.5,0.6000000000000001,12.900001,188.90001
-34.075556,20.145556,25-05-2011,13.3,28.57,14.969999,6.2000003,183.2,1.4399999,0.7000000000000001,13.8,169.40001
-30.398056,30.601944,26-05-2011,125.4,26.41,19.43,49.0,134.7,0.71999997,6.300000000000001,127.0,7.7000003
-30.27402,30.69602,26-05-2011,124.0,26.349998,19.369999,34.100002,134.40001,0.71,6.2,124.4,10.0
-27.00222,28.76528,26-05-2011,95.4,27.63,14.11,5.0,161.6,1.22,4.800000000000001,91.200005,70.4
-27.02314,28.59389,26-05-2011,97.60000000000001,27.8,14.2,4.8,163.1,1.25,4.9,93.3,69.8
-27.671111,27.236944,26-05-2011,94.2,29.48,15.049999,2.7,182.90001,1.51,4.7,89.8,93.1
-27.356667,27.286389,26-05-2011,94.80000000000001,29.23,15.32,3.0,182.40001,1.4699999,4.7,90.4,92.0
-33.897778,20.012778,26-05-2011,11.0,29.26,14.559999,4.9,196.1,1.55,0.5,11.3,184.8
-27.902778,24.615556,27-05-2011,70.8,32.02,15.94,0.3,208.0,1.9699999,3.5,67.200005,140.8
-22.91028,29.61111,28-05-2011,112.60000000000001,30.48,18.59,1.2,151.90001,1.35,5.6000000000000005,107.0,44.9
-25.99136,27.84208,30-05-2011,98.5,28.039999,15.62,4.9,161.1,1.24,4.9,94.200005,66.9
-26.861111,28.884722,30-05-2011,89.0,27.43,14.009999,5.2000003,161.0,1.1899999,4.5,85.200005,75.8
-26.970278,27.211111,30-05-2011,96.2,28.859999,15.42,3.5,173.90001,1.4,4.800000000000001,91.8,82.1
-26.45,28.085833,30-05-2011,90.0,27.789999,14.849999,4.5,162.5,1.24,4.5,86.0,76.5
-27.01011111,26.69808333,31-05-2011,90.9,29.289999,15.61,2.2,183.5,1.4599999,4.5,86.6,96.9
-29.380556,30.2775,31-05-2011,117.4,25.3,13.86,9.0,134.90001,0.77,5.9,112.8,22.1
-27.802778,28.768333,31-05-2011,107.80000000000001,26.91,13.11,3.3,159.1,1.15,5.4,102.8,56.3
-26.98472222,26.63227778,31-05-2011,91.80000000000001,29.349998,15.679999,2.5,181.40001,1.4699999,4.6000000000000005,87.4,94.0
-27.398611,26.614722,31-05-2011,84.9,29.939999,15.61,2.5,191.90001,1.5699999,4.2,80.9,111.0
-29.160278,26.573333,31-05-2011,84.30000000000001,28.949999,13.07,2.4,190.1,1.52,4.2,80.4,109.700005
-25.45963889,28.26430556,31-05-2011,104.7,29.849998,16.63,5.1,164.5,1.37,5.2,100.0,64.5
-25.81048333,27.90955222,01-06-2011,100.5,28.97,16.56,5.1,164.1,1.3299999,5.0,96.1,68.0
-28.404444,30.013056,01-06-2011,99.7,29.06,15.54,3.4,160.6,1.29,5.0,95.0,65.6
-27.00222,28.76528,01-06-2011,95.4,27.63,14.11,5.0,161.6,1.22,4.800000000000001,91.200005,70.4
-27.02314,28.59389,01-06-2011,97.60000000000001,27.8,14.2,4.8,163.1,1.25,4.9,93.3,69.8
-26.648056,27.089444,01-06-2011,93.9,28.599998,15.219999,3.4,170.90001,1.3299999,4.7,89.6,81.3
-27.3,28.586944,01-06-2011,103.80000000000001,27.63,13.929999,4.2000003,163.40001,1.24,5.2,99.1,64.3
-27.044444,27.005,01-06-2011,93.5,29.25,15.57,3.3,178.7,1.4499999,4.7,89.200005,89.5
-28.058889,30.373611,01-06-2011,99.60000000000001,28.029999,14.679999,4.2000003,158.0,1.15,5.0,95.0,63.0
-27.937778,31.209444,02-06-2011,82.30000000000001,28.3,17.25,2.9,154.3,1.0799999,4.1000000000000005,78.3,76.0
-27.5275,30.858056,02-06-2011,107.2,27.09,15.63,7.2000003,150.3,0.98999995,5.4,102.700005,47.600002
-30.568333,29.422778,04-06-2011,105.30000000000001,24.699999,12.12,8.5,137.7,0.81,5.300000000000001,101.5,36.2
-28.760833,17.730278,05-06-2011,1.3,34.98,19.64,0.0,257.5,3.03,0.1,1.2,256.30002
-29.7775,29.470833,06-06-2011,148.1,24.17,11.82,8.900001,138.3,0.81,7.4,138.3,0.0
-29.987778,29.851667,06-06-2011,127.0,25.42,13.759999,10.8,136.0,0.83,6.4,122.4,13.6
-29.744167,29.905833,06-06-2011,126.30000000000001,26.31,14.46,8.7,141.6,0.94,6.300000000000001,121.1,20.5
-26.73806,27.59194,06-06-2011,96.30000000000001,28.13,15.17,4.1,168.1,1.3,4.800000000000001,92.0,76.1
-31.104278,29.399722,06-06-2011,101.80000000000001,25.75,16.289999,21.6,134.1,0.81,5.1000000000000005,115.700005,18.4
-31.396,29.2651,06-06-2011,98.7,25.96,17.63,23.9,134.5,0.78999996,4.9,119.5,15.0
-31.554722,29.245556,06-06-2011,106.2,24.68,16.57,36.100002,123.700005,0.62,5.300000000000001,115.3,8.400001
-25.57877778,29.12747222,06-06-2011,102.30000000000001,29.429998,15.799999,4.8,161.6,1.3199999,5.1000000000000005,97.8,63.8
-25.127778,27.628889,07-06-2011,112.2,31.17,17.97,6.1,169.3,1.52,5.6000000000000005,107.1,62.2
-25.20639,27.558,07-06-2011,112.9,31.109999,17.91,6.5,170.0,1.52,5.6000000000000005,108.0,62.0
-24.69514,27.40906,07-06-2011,121.0,31.609999,18.789999,7.0,172.90001,1.61,6.0,115.6,57.3
-23.658056,31.05,07-06-2011,65.4,31.859999,20.039999,1.2,156.40001,1.41,3.3000000000000003,62.2,94.200005
-26.006389,29.253889,07-06-2011,96.5,27.09,14.0199995,5.5,152.0,1.1,4.800000000000001,92.3,59.7
-28.747778,31.745833,07-06-2011,97.7,29.599998,19.8,6.4,152.90001,1.05,4.9,93.6,59.3
-30.733889,29.828333,07-06-2011,114.80000000000001,25.43,15.65,33.100002,132.40001,0.77,5.7,120.0,12.400001
-27.169444,29.233889,07-06-2011,90.0,26.93,13.59,4.0,157.3,1.12,4.5,86.0,71.3
-27.398611,26.614722,07-06-2011,84.9,29.939999,15.61,2.5,191.90001,1.5699999,4.2,80.9,111.0
-30.86013889,29.07125,07-06-2011,101.60000000000001,26.07,14.799999,7.0,140.6,0.94,5.1000000000000005,97.700005,42.9
-30.570833,29.150556,07-06-2011,108.5,24.51,11.94,6.5,138.90001,0.84,5.4,104.1,34.8
-30.77586667,29.03221667,07-06-2011,104.30000000000001,26.0,14.53,6.6,141.5,0.96,5.2,100.200005,41.3
-27.495556,26.074722,07-06-2011,79.9,29.939999,14.9,2.8,194.2,1.5699999,4.0,76.3,117.9
-30.830556,26.921389,08-06-2011,68.9,27.859999,11.849999,2.7,175.90001,1.31,3.4000000000000004,65.8,110.1
-22.769722,30.886944,08-06-2011,120.60000000000001,32.01,19.9,5.5,159.8,1.4399999,6.0,114.9,44.9
-30.398056,30.601944,08-06-2011,125.4,26.41,19.43,49.0,134.7,0.71999997,6.300000000000001,127.0,7.7000003
-30.27402,30.69602,08-06-2011,124.0,26.349998,19.369999,34.100002,134.40001,0.71,6.2,124.4,10.0
-27.02314,28.59389,08-06-2011,97.60000000000001,27.8,14.2,4.8,163.1,1.25,4.9,93.3,69.8
-26.880278,26.965,08-06-2011,93.9,29.15,15.61,3.3,175.5,1.42,4.7,89.6,85.9
-29.140556,31.391944,09-06-2011,108.7,28.07,19.279999,4.8,143.5,0.82,5.4,103.6,39.9
-24.925278,29.324444,09-06-2011,109.5,30.97,17.51,4.0,162.40001,1.41,5.5,104.5,57.9
-27.902778,24.615556,10-06-2011,70.8,32.02,15.94,0.3,208.0,1.9699999,3.5,67.200005,140.8
-29.803611,30.516111,10-06-2011,120.7,26.14,16.369999,11.3,134.2,0.77,6.0,116.5,17.7
-31.5653,18.3306,12-06-2011,2.9000000000000004,28.32,13.7,0.3,208.7,1.38,0.1,2.7,206.0
-25.99136,27.84208,13-06-2011,98.5,28.039999,15.62,4.9,161.1,1.24,4.9,94.200005,66.9
-27.671111,27.236944,13-06-2011,94.2,29.48,15.049999,2.7,182.90001,1.51,4.7,89.8,93.1
-27.356667,27.286389,13-06-2011,94.80000000000001,29.23,15.32,3.0,182.40001,1.4699999,4.7,90.4,92.0
-31.860278,18.6875,14-06-2011,4.2,29.55,13.38,0.8,216.7,1.63,0.2,4.0,212.7
-24.679167,30.8025,14-06-2011,149.0,25.99,15.07,16.7,143.3,0.85999995,7.4,141.7,1.6
-28.735556,29.820556,14-06-2011,104.9,29.14,15.839999,3.2,157.90001,1.27,5.2,99.9,58.0
-26.861111,28.884722,14-06-2011,89.0,27.43,14.009999,5.2000003,161.0,1.1899999,4.5,85.200005,75.8
-27.00222,28.76528,14-06-2011,95.4,27.63,14.11,5.0,161.6,1.22,4.800000000000001,91.200005,70.4
-26.45,28.085833,14-06-2011,90.0,27.789999,14.849999,4.5,162.5,1.24,4.5,86.0,76.5
-27.398611,26.614722,14-06-2011,84.9,29.939999,15.61,2.5,191.90001,1.5699999,4.2,80.9,111.0
-34.031944,22.053333,14-06-2011,20.200000000000003,25.33,14.79,7.0,157.5,0.84999996,1.0,20.6,136.90001
-25.45963889,28.26430556,14-06-2011,104.7,29.849998,16.63,5.1,164.5,1.37,5.2,100.0,64.5
-28.338333,31.373611,14-06-2011,94.60000000000001,28.3,17.35,2.9,148.5,1.01,4.7,90.0,58.5
-28.068333,31.55,14-06-2011,77.30000000000001,30.42,19.76,2.3,159.1,1.31,3.9000000000000004,73.5,85.6
-25.81048333,27.90955222,15-06-2011,100.5,28.97,16.56,5.1,164.1,1.3299999,5.0,96.1,68.0
-30.830556,26.921389,15-06-2011,68.9,27.859999,11.849999,2.7,175.90001,1.31,3.4000000000000004,65.8,110.1
-24.058889,31.237222,15-06-2011,63.300000000000004,31.59,19.869999,1.4,154.6,1.36,3.2,60.100002,94.5
-24.034167,31.123611,15-06-2011,73.7,31.039999,19.42,1.2,153.8,1.29,3.7,70.0,83.8
-27.3,28.586944,15-06-2011,103.80000000000001,27.63,13.929999,4.2000003,163.40001,1.24,5.2,99.1,64.3
-33.501667,21.624167,15-06-2011,13.0,27.64,11.98,0.1,189.1,1.37,0.7000000000000001,12.400001,176.7
-27.602222,29.942778,16-06-2011,98.7,29.22,15.29,4.1,165.8,1.3399999,4.9,94.1,71.700005
-30.679722,26.7125,16-06-2011,68.10000000000001,28.599998,12.28,2.1000001,180.90001,1.4,3.4000000000000004,64.9,116.0
-28.760833,17.730278,19-06-2011,1.3,34.98,19.64,0.0,257.5,3.03,0.1,1.2,256.30002
-27.602222,29.942778,20-06-2011,98.7,29.22,15.29,4.1,165.8,1.3399999,4.9,94.1,71.700005
-28.883333,27.89,20-06-2011,105.80000000000001,26.349998,12.929999,3.3,164.2,1.18,5.300000000000001,101.0,63.2
-25.436111,31.982222,21-06-2011,61.800000000000004,30.689999,18.58,12.400001,148.90001,1.14,3.1,60.0,88.9
-25.127778,27.628889,21-06-2011,112.2,31.17,17.97,6.1,169.3,1.52,5.6000000000000005,107.1,62.2
-25.20639,27.558,21-06-2011,112.9,31.109999,17.91,6.5,170.0,1.52,5.6000000000000005,108.0,62.0
-24.69514,27.40906,21-06-2011,121.0,31.609999,18.789999,7.0,172.90001,1.61,6.0,115.6,57.3
-25.681111,31.783333,21-06-2011,65.4,29.599998,18.289999,10.7,149.2,1.02,3.3000000000000003,63.100002,86.1
-26.970278,27.211111,21-06-2011,96.2,28.859999,15.42,3.5,173.90001,1.4,4.800000000000001,91.8,82.1
-26.73806,27.59194,21-06-2011,96.30000000000001,28.13,15.17,4.1,168.1,1.3,4.800000000000001,92.0,76.1
-34.039722,22.133333,21-06-2011,21.1,25.16,15.12,7.3,156.0,0.82,1.1,21.6,134.40001
-33.38056,19.30167,21-06-2011,13.4,26.59,11.87,8.2,194.3,1.35,0.7000000000000001,14.400001,179.90001
-33.31388889,19.07472222,21-06-2011,13.8,29.13,14.309999,10.2,205.90001,1.5799999,0.7000000000000001,15.1,190.8
-27.356667,27.286389,21-06-2011,94.80000000000001,29.23,15.32,3.0,182.40001,1.4699999,4.7,90.4,92.0
-29.161667,23.696389,22-06-2011,35.6,33.57,16.69,0.1,223.1,2.54,1.8,33.9,189.2
-27.01011111,26.69808333,22-06-2011,90.9,29.289999,15.61,2.2,183.5,1.4599999,4.5,86.6,96.9
-25.14944444,31.94055556,22-06-2011,62.1,30.01,18.49,9.6,146.8,1.06,3.1,59.8,87.0
-24.9675,31.516667,22-06-2011,69.60000000000001,30.189999,19.47,10.2,150.8,1.1999999,3.5,67.1,83.700005
-28.75,30.442778,22-06-2011,98.10000000000001,30.07,17.529999,3.4,161.1,1.3299999,4.9,93.5,67.6
-29.161667,30.629722,22-06-2011,114.30000000000001,25.699999,14.74,8.3,137.6,0.78999996,5.7,109.8,27.800001
-27.169444,29.233889,22-06-2011,90.0,26.93,13.59,4.0,157.3,1.12,4.5,86.0,71.3
-27.02314,28.59389,22-06-2011,97.60000000000001,27.8,14.2,4.8,163.1,1.25,4.9,93.3,69.8
-26.98472222,26.63227778,22-06-2011,91.80000000000001,29.349998,15.679999,2.5,181.40001,1.4699999,4.6000000000000005,87.4,94.0
-27.398611,26.614722,22-06-2011,84.9,29.939999,15.61,2.5,191.90001,1.5699999,4.2,80.9,111.0
-29.042222,24.6,22-06-2011,69.10000000000001,31.51,14.849999,0.1,211.0,1.9599999,3.5,65.6,145.40001
-34.092222,21.295278,22-06-2011,16.6,27.42,14.95,5.4,173.1,1.17,0.8,16.9,156.2
-27.495556,26.074722,22-06-2011,79.9,29.939999,14.9,2.8,194.2,1.5699999,4.0,76.3,117.9
-30.27402,30.69602,23-06-2011,124.0,26.349998,19.369999,34.100002,134.40001,0.71,6.2,124.4,10.0
-26.648056,27.089444,23-06-2011,93.9,28.599998,15.219999,3.4,170.90001,1.3299999,4.7,89.6,81.3
-26.880278,26.965,23-06-2011,93.9,29.15,15.61,3.3,175.5,1.42,4.7,89.6,85.9
-27.044444,27.005,23-06-2011,93.5,29.25,15.57,3.3,178.7,1.4499999,4.7,89.200005,89.5
-28.376944,24.303056,23-06-2011,62.0,32.1,16.09,0.3,211.8,2.11,3.1,58.9,152.90001
-29.028629,24.638389,23-06-2011,71.60000000000001,31.4,14.73,0.1,209.7,1.92,3.6,68.0,141.7
-28.69485,28.23487,23-06-2011,103.4,25.769999,12.639999,3.1000001,160.7,1.11,5.2,98.6,62.100002
-25.398889,31.610556,24-06-2011,69.8,29.41,18.67,11.3,146.8,1.05,3.5,67.4,79.4
-27.573056,24.746389,24-06-2011,75.2,31.66,15.66,0.4,208.40001,1.8399999,3.8000000000000003,71.5,136.90001
-27.902778,24.615556,24-06-2011,70.8,32.02,15.94,0.3,208.0,1.9699999,3.5,67.200005,140.8
-26.861111,28.884722,27-06-2011,89.0,27.43,14.009999,5.2000003,161.0,1.1899999,4.5,85.200005,75.8
-27.02314,28.59389,27-06-2011,97.60000000000001,27.8,14.2,4.8,163.1,1.25,4.9,93.3,69.8
-26.45,28.085833,27-06-2011,90.0,27.789999,14.849999,4.5,162.5,1.24,4.5,86.0,76.5
-31.396,29.2651,27-06-2011,98.7,25.96,17.63,23.9,134.5,0.78999996,4.9,119.5,15.0
-24.670833,28.560833,28-06-2011,131.4,29.59,16.25,6.6,158.7,1.28,6.6000000000000005,125.5,33.2
-29.380556,30.2775,28-06-2011,117.4,25.3,13.86,9.0,134.90001,0.77,5.9,112.8,22.1
-31.104278,29.399722,28-06-2011,101.80000000000001,25.75,16.289999,21.6,134.1,0.81,5.1000000000000005,115.700005,18.4
-33.818056,19.694722,28-06-2011,12.3,28.73,14.099999,6.2000003,201.8,1.5,0.6000000000000001,12.900001,188.90001
-29.161667,23.696389,29-06-2011,35.6,33.57,16.69,0.1,223.1,2.54,1.8,33.9,189.2
-25.81048333,27.90955222,29-06-2011,100.5,28.97,16.56,5.1,164.1,1.3299999,5.0,96.1,68.0
-24.282222,28.090278,29-06-2011,99.0,29.25,16.48,6.6,155.40001,1.26,4.9,94.8,60.600002
-23.23572222,27.717,29-06-2011,82.0,31.82,18.71,0.5,162.0,1.56,4.1000000000000005,77.9,84.1
-26.03611,30.99778,29-06-2011,142.70000000000002,28.119999,17.32,15.5,155.6,1.11,7.1000000000000005,137.7,17.9
-27.937778,31.209444,29-06-2011,82.30000000000001,28.3,17.25,2.9,154.3,1.0799999,4.1000000000000005,78.3,76.0
-28.404444,30.013056,29-06-2011,99.7,29.06,15.54,3.4,160.6,1.29,5.0,95.0,65.6
-27.02314,28.59389,29-06-2011,97.60000000000001,27.8,14.2,4.8,163.1,1.25,4.9,93.3,69.8
-28.141944,26.417778,29-06-2011,83.30000000000001,29.789999,14.54,2.5,192.90001,1.5899999,4.2,79.5,113.4
-28.1175,26.719444,29-06-2011,84.0,29.539999,15.009999,2.5,188.7,1.5699999,4.2,80.1,108.6
-29.033333,23.983333,29-06-2011,45.0,32.88,15.98,0.2,217.7,2.33,2.2,42.7,175.0
-30.568333,29.422778,29-06-2011,105.30000000000001,24.699999,12.12,8.5,137.7,0.81,5.300000000000001,101.5,36.2
-25.447222,30.711667,29-06-2011,120.30000000000001,27.359999,16.32,15.8,146.6,0.94,6.0,116.0,30.6
-27.01011111,26.69808333,30-06-2011,90.9,29.289999,15.61,2.2,183.5,1.4599999,4.5,86.6,96.9
-22.935,28.004167,30-06-2011,81.80000000000001,32.6,19.21,0.3,164.0,1.6999999,4.1000000000000005,77.700005,86.3
-22.91028,29.61111,30-06-2011,112.60000000000001,30.48,18.59,1.2,151.90001,1.35,5.6000000000000005,107.0,44.9
-27.5275,30.858056,30-06-2011,107.2,27.09,15.63,7.2000003,150.3,0.98999995,5.4,102.700005,47.600002
-26.648056,27.089444,30-06-2011,93.9,28.599998,15.219999,3.4,170.90001,1.3299999,4.7,89.6,81.3
-26.970278,27.211111,30-06-2011,96.2,28.859999,15.42,3.5,173.90001,1.4,4.800000000000001,91.8,82.1
-26.880278,26.965,30-06-2011,93.9,29.15,15.61,3.3,175.5,1.42,4.7,89.6,85.9
-27.38972222,26.46388889,30-06-2011,83.7,30.07,15.54,2.6000001,193.3,1.5799999,4.2,79.8,113.5
-26.98472222,26.63227778,30-06-2011,91.80000000000001,29.349998,15.679999,2.5,181.40001,1.4699999,4.6000000000000005,87.4,94.0
-34.065833,20.404167,10-01-2012,36.300000000000004,23.84,12.36,7.0,118.4,0.85999995,1.8,36.0,82.4
-34.065833,20.404167,01-02-2012,11.200000000000001,30.529999,17.39,5.3,178.8,1.4,0.6000000000000001,11.400001,167.40001
-34.065833,20.404167,29-02-2012,11.200000000000001,30.529999,17.39,5.3,178.8,1.4,0.6000000000000001,11.400001,167.40001
-27.398611,26.614722,30-06-2011,84.9,29.939999,15.61,2.5,191.90001,1.5699999,4.2,80.9,111.0
-31.031389,28.883333,30-06-2011,102.10000000000001,25.63,14.299999,7.0,138.90001,0.9,5.1000000000000005,98.0,40.9
-30.86013889,29.07125,30-06-2011,101.60000000000001,26.07,14.799999,7.0,140.6,0.94,5.1000000000000005,97.700005,42.9
-30.77586667,29.03221667,30-06-2011,104.30000000000001,26.0,14.53,6.6,141.5,0.96,5.2,100.200005,41.3
-27.356667,27.286389,30-06-2011,94.80000000000001,29.23,15.32,3.0,182.40001,1.4699999,4.7,90.4,92.0
-33.897778,20.012778,30-06-2011,11.0,29.26,14.559999,4.9,196.1,1.55,0.5,11.3,184.8
-22.43772222,31.07805556,02-07-2011,112.30000000000001,33.94,20.96,0.5,172.0,1.7099999,5.6000000000000005,106.700005,65.3
-28.760833,17.730278,03-07-2011,1.3,34.98,19.64,0.0,257.5,3.03,0.1,1.2,256.30002
-29.7775,29.470833,04-07-2011,148.1,24.17,11.82,8.900001,138.3,0.81,7.4,138.3,0.0
-29.987778,29.851667,04-07-2011,127.0,25.42,13.759999,10.8,136.0,0.83,6.4,122.4,13.6
-29.744167,29.905833,04-07-2011,126.30000000000001,26.31,14.46,8.7,141.6,0.94,6.300000000000001,121.1,20.5
-26.73806,27.59194,04-07-2011,96.30000000000001,28.13,15.17,4.1,168.1,1.3,4.800000000000001,92.0,76.1
-30.830556,26.921389,05-07-2011,68.9,27.859999,11.849999,2.7,175.90001,1.31,3.4000000000000004,65.8,110.1
-25.127778,27.628889,05-07-2011,112.2,31.17,17.97,6.1,169.3,1.52,5.6000000000000005,107.1,62.2
-25.20639,27.558,05-07-2011,112.9,31.109999,17.91,6.5,170.0,1.52,5.6000000000000005,108.0,62.0
-24.69514,27.40906,05-07-2011,121.0,31.609999,18.789999,7.0,172.90001,1.61,6.0,115.6,57.3
-23.658056,31.05,05-07-2011,65.4,31.859999,20.039999,1.2,156.40001,1.41,3.3000000000000003,62.2,94.200005
-30.733889,29.828333,05-07-2011,114.80000000000001,25.43,15.65,33.100002,132.40001,0.77,5.7,120.0,12.400001
-27.169444,29.233889,05-07-2011,90.0,26.93,13.59,4.0,157.3,1.12,4.5,86.0,71.3
-34.065833,20.404167,21-01-2014,3.1,30.099998,16.57,1.8000001,178.0,1.41,0.2,3.0,175.0
-34.065833,20.404167,11-02-2014,3.1,30.099998,16.57,1.8000001,178.0,1.41,0.2,3.0,175.0
-34.065833,20.404167,11-03-2014,3.1,30.099998,16.57,1.8000001,178.0,1.41,0.2,3.0,175.0
-27.671111,27.236944,05-07-2011,94.2,29.48,15.049999,2.7,182.90001,1.51,4.7,89.8,93.1
-28.69485,28.23487,05-07-2011,103.4,25.769999,12.639999,3.1000001,160.7,1.11,5.2,98.6,62.100002
-28.883333,27.89,05-07-2011,105.80000000000001,26.349998,12.929999,3.3,164.2,1.18,5.300000000000001,101.0,63.2
-29.161667,23.696389,06-07-2011,35.6,33.57,16.69,0.1,223.1,2.54,1.8,33.9,189.2
-30.27402,30.69602,06-07-2011,124.0,26.349998,19.369999,34.100002,134.40001,0.71,6.2,124.4,10.0
-27.00222,28.76528,06-07-2011,95.4,27.63,14.11,5.0,161.6,1.22,4.800000000000001,91.200005,70.4
-27.02314,28.59389,06-07-2011,97.60000000000001,27.8,14.2,4.8,163.1,1.25,4.9,93.3,69.8
-27.398611,26.614722,06-07-2011,84.9,29.939999,15.61,2.5,191.90001,1.5699999,4.2,80.9,111.0
-34.065833,20.404167,24-02-2015,11.8,31.42,17.529999,4.5,177.6,1.5699999,0.6000000000000001,11.7,165.90001
-27.044444,27.005,06-07-2011,93.5,29.25,15.57,3.3,178.7,1.4499999,4.7,89.200005,89.5
-34.405833,19.600556,06-07-2011,20.3,24.16,13.9,9.0,158.7,0.87,1.0,21.2,137.5
-27.495556,26.074722,06-07-2011,79.9,29.939999,14.9,2.8,194.2,1.5699999,4.0,76.3,117.9
-28.376944,24.303056,07-07-2011,62.0,32.1,16.09,0.3,211.8,2.11,3.1,58.9,152.90001
-34.065833,20.404167,27-10-2015,11.8,31.42,17.529999,4.5,177.6,1.5699999,0.6000000000000001,11.7,165.90001
-27.573056,24.746389,08-07-2011,75.2,31.66,15.66,0.4,208.40001,1.8399999,3.8000000000000003,71.5,136.90001
-27.902778,24.615556,08-07-2011,70.8,32.02,15.94,0.3,208.0,1.9699999,3.5,67.200005,140.8
-28.460833,21.248889,08-07-2011,52.300000000000004,33.62,16.89,0.0,244.7,2.6299999,2.6,49.600002,195.1
-29.803611,30.516111,08-07-2011,120.7,26.14,16.369999,11.3,134.2,0.77,6.0,116.5,17.7
-28.96362,19.15486,09-07-2011,2.4000000000000004,38.61,20.02,0.0,263.0,3.29,0.1,2.3,260.7
-25.99136,27.84208,11-07-2011,73.3,30.16,16.039999,4.4,173.1,1.28,3.7,70.1,103.0
-26.45,28.085833,11-07-2011,65.2,29.74,14.88,4.1,170.6,1.23,3.3000000000000003,62.4,108.200005
-26.98472222,26.63227778,11-07-2011,47.300000000000004,32.17,16.449999,2.3,188.5,1.63,2.4000000000000004,45.100002,143.40001
-29.160278,26.573333,11-07-2011,55.6,33.16,15.32,2.2,200.0,1.9399999,2.8000000000000003,53.100002,146.90001
-23.281,30.54305556,12-07-2011,85.0,32.739998,20.33,5.8,166.7,1.48,4.3,81.200005,85.5
-27.02314,28.59389,12-07-2011,66.10000000000001,29.64,14.24,4.4,168.3,1.1999999,3.3000000000000003,63.2,105.1
-26.648056,27.089444,12-07-2011,51.400000000000006,30.83,15.46,3.1000001,179.7,1.39,2.6,49.100002,130.6
-26.970278,27.211111,12-07-2011,53.1,31.05,15.639999,3.2,181.3,1.4499999,2.7,50.8,130.5
-26.880278,26.965,12-07-2011,50.0,31.41,15.87,3.0,182.1,1.48,2.5,47.8,134.3
-27.044444,27.005,12-07-2011,50.7,31.51,15.95,3.0,184.5,1.52,2.5,48.5,136.0
-29.160278,26.573333,12-07-2011,55.6,33.16,15.32,2.2,200.0,1.9399999,2.8000000000000003,53.100002,146.90001
-30.160091,27.40124,12-07-2011,61.5,31.189999,14.969999,3.2,181.7,1.62,3.1,58.9,122.8
-28.883333,27.89,12-07-2011,73.7,29.869999,14.219999,3.0,170.6,1.36,3.7,70.4,100.200005
-34.039722,22.133333,12-07-2011,18.1,27.91,17.97,6.3,164.8,0.84999996,0.9,18.300001,146.5
-32.502778,19.535833,12-07-2011,2.2,34.87,17.039999,1.2,229.8,2.31,0.1,2.2,227.6
-31.5653,18.3306,12-07-2011,0.7000000000000001,31.98,17.21,0.3,222.7,1.66,0.0,0.7,222.0
-34.005833,22.351111,12-07-2011,21.6,26.74,17.779999,7.0,158.6,0.74,1.1,21.800001,136.8
-25.45963889,28.26430556,12-07-2011,70.0,31.91,17.05,4.7000003,177.0,1.43,3.5,67.0,110.0
-29.161667,23.696389,13-07-2011,33.1,36.809998,17.97,0.1,226.6,2.75,1.7000000000000002,31.4,195.2
-25.81048333,27.90955222,13-07-2011,72.10000000000001,31.07,17.01,4.6,176.0,1.38,3.6,69.0,107.0
-29.641944,30.6875,13-07-2011,123.5,30.06,19.51,9.2,148.0,0.96999997,6.2,118.5,29.5
-22.769722,30.886944,13-07-2011,70.0,33.32,20.0,5.2000003,174.6,1.5,3.5,66.8,107.8
-29.033333,23.983333,13-07-2011,37.6,36.34,17.33,0.2,221.90001,2.62,1.9000000000000001,35.8,186.1
-34.02861,22.22222,13-07-2011,18.8,27.289999,17.75,6.6,162.2,0.78,0.9,19.0,143.2
-31.860278,18.6875,14-07-2011,1.6,33.5,17.119999,0.8,231.8,1.99,0.1,1.6,230.2
-27.602222,29.942778,14-07-2011,90.5,29.97,15.089999,3.8,167.3,1.11,4.5,86.3,81.0
-27.3,28.586944,14-07-2011,66.3,29.55,14.099999,3.8,168.1,1.1999999,3.3000000000000003,63.4,104.700005
-27.573056,24.746389,14-07-2011,46.1,35.42,17.34,0.4,215.5,2.3,2.3000000000000003,43.8,171.7
-29.033333,23.983333,14-07-2011,37.6,36.34,17.33,0.2,221.90001,2.62,1.9000000000000001,35.8,186.1
-30.160091,27.40124,14-07-2011,61.5,31.189999,14.969999,3.2,181.7,1.62,3.1,58.9,122.8
-30.336111,27.359444,14-07-2011,58.5,31.13,14.58,3.4,182.7,1.5999999,2.9000000000000004,56.0,126.700005
-34.250556,20.9925,14-07-2011,11.100000000000001,30.519999,18.24,8.6,186.8,1.1999999,0.6000000000000001,12.1,174.7
-25.362222,31.956667,15-07-2011,87.30000000000001,32.44,19.26,10.6,156.6,1.16,4.4,83.8,72.8
-25.14944444,31.94055556,15-07-2011,84.7,32.6,19.63,8.900001,159.7,1.22,4.2,81.200005,78.5
-29.658056,25.973333,15-07-2011,45.6,33.12,15.2,1.9,201.6,2.01,2.3000000000000003,43.5,158.1
-31.000833,26.353056,15-07-2011,38.900000000000006,31.48,13.88,1.8000001,196.2,1.7199999,1.9000000000000001,37.100002,159.1
-30.534167,24.961944,15-07-2011,35.9,34.329998,16.26,0.0,217.8,2.26,1.8,34.100002,183.7
-28.760833,17.730278,17-07-2011,0.4,37.14,21.439999,0.0,249.8,3.1,0.0,0.4,249.40001
-26.861111,28.884722,18-07-2011,69.8,28.96,13.759999,4.7000003,164.90001,1.09,3.5,66.8,98.1
-26.73806,27.59194,18-07-2011,59.300000000000004,30.199999,15.29,3.7,174.5,1.3199999,3.0,56.7,117.8
-28.69485,28.23487,18-07-2011,72.60000000000001,28.76,13.599999,2.8,165.0,1.1999999,3.6,69.3,95.700005
-25.127778,27.628889,19-07-2011,56.5,33.51,18.449999,5.6,187.5,1.65,2.8000000000000003,54.2,133.3
-25.20639,27.558,19-07-2011,55.7,33.239998,18.26,5.9,185.90001,1.5999999,2.8000000000000003,53.4,132.5
-24.69514,27.40906,19-07-2011,54.800000000000004,33.57,19.47,6.4,187.7,1.7099999,2.7,52.600002,135.1
-27.169444,29.233889,19-07-2011,70.5,28.599998,13.41,3.6000001,162.0,1.02,3.5,67.3,94.700005
-33.38056,19.30167,19-07-2011,5.300000000000001,30.51,14.86,7.0,206.7,1.54,0.30000000000000004,6.2000003,200.5
-33.31388889,19.07472222,19-07-2011,4.1000000000000005,32.809998,17.43,8.8,216.90001,1.77,0.2,5.3,211.6
-27.495556,26.074722,19-07-2011,43.800000000000004,32.829998,16.029999,2.6000001,200.7,1.78,2.2,41.9,158.8
-29.161667,23.696389,20-07-2011,33.1,36.809998,17.97,0.1,226.6,2.75,1.7000000000000002,31.4,195.2
-27.01011111,26.69808333,20-07-2011,46.800000000000004,32.01,16.199999,2.0,189.3,1.5999999,2.3000000000000003,44.600002,144.7
-28.75,30.442778,20-07-2011,78.5,32.469997,18.25,3.1000001,166.6,1.37,3.9000000000000004,74.8,91.8
-29.161667,30.629722,20-07-2011,118.5,28.01,16.109999,7.4,144.3,0.81,5.9,113.5,30.800001
-30.534167,24.961944,20-07-2011,35.9,34.329998,16.26,0.0,217.8,2.26,1.8,34.100002,183.7
-34.092222,21.295278,20-07-2011,12.600000000000001,30.72,17.33,4.6,181.40001,1.25,0.6000000000000001,12.7,168.7
-33.13083,18.86278,20-07-2011,3.4000000000000004,33.37,18.369999,6.7000003,210.1,1.87,0.2,4.1,206.0
-31.000833,26.353056,21-07-2011,38.900000000000006,31.48,13.88,1.8000001,196.2,1.7199999,1.9000000000000001,37.100002,159.1
-33.7075,18.97444444,21-07-2011,5.2,32.05,18.16,10.0,212.8,1.5999999,0.30000000000000004,6.7000003,206.1
-25.99136,27.84208,25-07-2011,73.3,30.16,16.039999,4.4,173.1,1.28,3.7,70.1,103.0
-26.861111,28.884722,25-07-2011,69.8,28.96,13.759999,4.7000003,164.90001,1.09,3.5,66.8,98.1
-26.006389,29.253889,26-07-2011,83.80000000000001,28.64,13.95,5.0,159.90001,1.03,4.2,80.1,79.8
-29.380556,30.2775,26-07-2011,87.4,27.92,15.0199995,8.0,144.1,0.82,4.4,84.0,60.100002
-26.648056,27.089444,26-07-2011,51.400000000000006,30.83,15.46,3.1000001,179.7,1.39,2.6,49.100002,130.6
-26.880278,26.965,26-07-2011,50.0,31.41,15.87,3.0,182.1,1.48,2.5,47.8,134.3
-26.98472222,26.63227778,26-07-2011,47.300000000000004,32.17,16.449999,2.3,188.5,1.63,2.4000000000000004,45.100002,143.40001
-28.141944,26.417778,26-07-2011,51.1,32.64,16.09,2.3,196.40001,1.8199999,2.6,48.8,147.6
-27.044444,27.005,26-07-2011,50.7,31.51,15.95,3.0,184.5,1.52,2.5,48.5,136.0
-33.501667,21.624167,26-07-2011,12.4,30.84,14.75,0.1,193.40001,1.4599999,0.6000000000000001,11.8,181.6
-25.45963889,28.26430556,26-07-2011,70.0,31.91,17.05,4.7000003,177.0,1.43,3.5,67.0,110.0
-29.161667,23.696389,27-07-2011,33.1,36.809998,17.97,0.1,226.6,2.75,1.7000000000000002,31.4,195.2
-25.81048333,27.90955222,27-07-2011,72.10000000000001,31.07,17.01,4.6,176.0,1.38,3.6,69.0,107.0
-34.065833,20.404167,27-07-2011,7.800000000000001,32.43,18.84,5.4,194.90001,1.5999999,0.4,8.3,186.6
-23.23572222,27.717,27-07-2011,42.1,34.42,20.109999,0.5,179.8,1.87,2.1,40.0,139.8
-27.4275,28.525833,27-07-2011,65.7,29.519999,13.969999,3.5,167.7,1.1999999,3.3000000000000003,62.8,104.9
-27.935,26.126667,27-07-2011,47.800000000000004,32.66,15.679999,1.9,196.7,1.79,2.4000000000000004,45.5,151.2
-29.033333,23.983333,27-07-2011,37.6,36.34,17.33,0.2,221.90001,2.62,1.9000000000000001,35.8,186.1
-34.075556,20.145556,27-07-2011,7.9,31.73,18.109999,5.4,197.40001,1.53,0.4,8.3,189.1
-22.91028,29.61111,28-07-2011,59.1,32.18,19.05,1.2,163.1,1.4599999,3.0,56.2,106.9
-24.925278,29.324444,28-07-2011,57.5,33.04,18.31,3.6000001,177.1,1.52,2.9000000000000004,55.0,122.1
-26.905,32.324722,28-07-2011,80.10000000000001,34.51,20.92,8.8,169.7,1.48,4.0,76.700005,93.0
-27.38972222,26.46388889,28-07-2011,45.900000000000006,32.719997,16.57,2.4,197.5,1.76,2.3000000000000003,43.8,153.7
-27.398611,26.614722,28-07-2011,46.800000000000004,32.61,16.47,2.3,195.8,1.73,2.3000000000000003,44.7,151.1
-27.671111,27.236944,28-07-2011,52.400000000000006,31.789999,15.45,2.4,188.3,1.5899999,2.6,50.0,138.3
-28.404444,30.013056,29-07-2011,90.7,30.97,16.17,3.2,165.40001,1.25,4.5,86.4,79.0
-28.058889,30.373611,29-07-2011,91.10000000000001,29.38,14.87,3.9,160.6,1.01,4.6000000000000005,86.8,73.8
-28.760833,17.730278,31-07-2011,0.4,37.14,21.439999,0.0,249.8,3.1,0.0,0.4,249.40001
-29.7775,29.470833,01-08-2011,94.80000000000001,26.75,13.2699995,7.2000003,144.7,0.84999996,4.7,91.700005,53.0
-29.987778,29.851667,01-08-2011,66.8,28.16,15.29,9.5,144.90001,0.91999996,3.3000000000000003,64.8,80.1
-29.744167,29.905833,01-08-2011,68.9,29.099998,15.889999,7.8,150.0,1.04,3.4000000000000004,66.4,83.6
-27.169444,29.233889,01-08-2011,70.5,28.599998,13.41,3.6000001,162.0,1.02,3.5,67.3,94.700005
-26.45,28.085833,01-08-2011,65.2,29.74,14.88,4.1,170.6,1.23,3.3000000000000003,62.4,108.200005
-27.4,26.624722,01-08-2011,46.800000000000004,32.61,16.47,2.3,195.8,1.73,2.3000000000000003,44.7,151.1
-25.127778,27.628889,02-08-2011,56.5,33.51,18.449999,5.6,187.5,1.65,2.8000000000000003,54.2,133.3
-25.20639,27.558,02-08-2011,55.7,33.239998,18.26,5.9,185.90001,1.5999999,2.8000000000000003,53.4,132.5
-24.69514,27.40906,02-08-2011,54.800000000000004,33.57,19.47,6.4,187.7,1.7099999,2.7,52.600002,135.1
-30.733889,29.828333,02-08-2011,55.300000000000004,28.449999,17.699999,20.5,142.2,0.91999996,2.8000000000000003,65.1,77.1
-27.802778,28.768333,02-08-2011,68.2,28.949999,13.25,3.0,162.6,1.11,3.4000000000000004,65.1,97.5
-30.160091,27.40124,02-08-2011,61.5,31.189999,14.969999,3.2,181.7,1.62,3.1,58.9,122.8
-30.336111,27.359444,02-08-2011,58.5,31.13,14.58,3.4,182.7,1.5999999,2.9000000000000004,56.0,126.700005
-34.405833,19.600556,02-08-2011,8.9,27.539999,17.19,7.7000003,174.1,0.93,0.4,9.8,164.3
-27.01011111,26.69808333,03-08-2011,46.800000000000004,32.01,16.199999,2.0,189.3,1.5999999,2.3000000000000003,44.600002,144.7
-30.830556,26.921389,03-08-2011,44.1,31.8,14.36,2.4,190.3,1.6899999,2.2,42.100002,148.2
-30.398056,30.601944,03-08-2011,58.2,29.439999,21.31,26.800001,148.3,0.89,2.9000000000000004,77.5,70.8
-27.00222,28.76528,03-08-2011,67.3,29.289999,13.94,4.5,166.1,1.14,3.4000000000000004,64.4,101.700005
-27.02314,28.59389,03-08-2011,66.10000000000001,29.64,14.24,4.4,168.3,1.1999999,3.3000000000000003,63.2,105.1
-26.970278,27.211111,03-08-2011,53.1,31.05,15.639999,3.2,181.3,1.4499999,2.7,50.8,130.5
-27.4275,28.525833,03-08-2011,65.7,29.519999,13.969999,3.5,167.7,1.1999999,3.3000000000000003,62.8,104.9
-27.3,28.586944,03-08-2011,66.3,29.55,14.099999,3.8,168.1,1.1999999,3.3000000000000003,63.4,104.700005
-27.398611,26.614722,03-08-2011,46.800000000000004,32.61,16.47,2.3,195.8,1.73,2.3000000000000003,44.7,151.1
-30.679722,26.7125,03-08-2011,43.7,32.96,14.92,1.9,195.0,1.89,2.2,41.7,153.3
-27.495556,26.074722,03-08-2011,43.800000000000004,32.829998,16.029999,2.6000001,200.7,1.78,2.2,41.9,158.8
-29.803611,30.516111,05-08-2011,96.9,28.98,17.949999,9.8,143.8,0.89,4.800000000000001,93.4,50.4
-26.73806,27.59194,07-08-2011,59.300000000000004,30.199999,15.29,3.7,174.5,1.3199999,3.0,56.7,117.8
-25.99136,27.84208,08-08-2011,73.3,30.16,16.039999,4.4,173.1,1.28,3.7,70.1,103.0
-26.861111,28.884722,08-08-2011,69.8,28.96,13.759999,4.7000003,164.90001,1.09,3.5,66.8,98.1
-26.45,28.085833,08-08-2011,65.2,29.74,14.88,4.1,170.6,1.23,3.3000000000000003,62.4,108.200005
-29.160278,26.573333,08-08-2011,55.6,33.16,15.32,2.2,200.0,1.9399999,2.8000000000000003,53.100002,146.90001
-27.01011111,26.69808333,09-08-2011,46.800000000000004,32.01,16.199999,2.0,189.3,1.5999999,2.3000000000000003,44.600002,144.7
-27.00222,28.76528,09-08-2011,67.3,29.289999,13.94,4.5,166.1,1.14,3.4000000000000004,64.4,101.700005
-26.880278,26.965,09-08-2011,50.0,31.41,15.87,3.0,182.1,1.48,2.5,47.8,134.3
-26.98472222,26.63227778,09-08-2011,47.300000000000004,32.17,16.449999,2.3,188.5,1.63,2.4000000000000004,45.100002,143.40001
-28.69485,28.23487,09-08-2011,72.60000000000001,28.76,13.599999,2.8,165.0,1.1999999,3.6,69.3,95.700005
-29.615556,27.065278,09-08-2011,64.4,31.75,14.86,2.3,188.5,1.73,3.2,61.5,127.0
-28.883333,27.89,09-08-2011,73.7,29.869999,14.219999,3.0,170.6,1.36,3.7,70.4,100.200005
-25.45963889,28.26430556,09-08-2011,70.0,31.91,17.05,4.7000003,177.0,1.43,3.5,67.0,110.0
-29.161667,23.696389,10-08-2011,33.1,36.809998,17.97,0.1,226.6,2.75,1.7000000000000002,31.4,195.2
-25.81048333,27.90955222,10-08-2011,72.10000000000001,31.07,17.01,4.6,176.0,1.38,3.6,69.0,107.0
-29.641944,30.6875,10-08-2011,123.5,30.06,19.51,9.2,148.0,0.96999997,6.2,118.5,29.5
-27.602222,29.942778,10-08-2011,90.5,29.97,15.089999,3.8,167.3,1.11,4.5,86.3,81.0
-31.554722,29.245556,10-08-2011,50.5,27.9,18.779999,17.7,142.40001,0.78999996,2.5,66.5,75.9
-34.039722,22.133333,10-08-2011,18.1,27.91,17.97,6.3,164.8,0.84999996,0.9,18.300001,146.5
-32.502778,19.535833,10-08-2011,2.2,34.87,17.039999,1.2,229.8,2.31,0.1,2.2,227.6
-31.5653,18.3306,10-08-2011,0.7000000000000001,31.98,17.21,0.3,222.7,1.66,0.0,0.7,222.0
-31.860278,18.6875,11-08-2011,1.6,33.5,17.119999,0.8,231.8,1.99,0.1,1.6,230.2
-30.830556,26.921389,11-08-2011,44.1,31.8,14.36,2.4,190.3,1.6899999,2.2,42.100002,148.2
-22.43772222,31.07805556,11-08-2011,51.6,35.48,21.06,0.5,186.90001,1.8199999,2.6,49.0,137.90001
-28.735556,29.820556,11-08-2011,91.7,31.519999,16.41,3.0,164.1,1.3,4.6000000000000005,87.3,76.8
-31.000833,26.353056,11-08-2011,38.900000000000006,31.48,13.88,1.8000001,196.2,1.7199999,1.9000000000000001,37.100002,159.1
-30.679722,26.7125,11-08-2011,43.7,32.96,14.92,1.9,195.0,1.89,2.2,41.7,153.3
-30.160091,27.40124,11-08-2011,61.5,31.189999,14.969999,3.2,181.7,1.62,3.1,58.9,122.8
-30.336111,27.359444,11-08-2011,58.5,31.13,14.58,3.4,182.7,1.5999999,2.9000000000000004,56.0,126.700005
-30.568333,29.422778,11-08-2011,58.800000000000004,27.689999,13.95,7.4,146.90001,0.93,2.9000000000000004,56.9,90.0
-30.570833,29.150556,11-08-2011,62.300000000000004,27.46,13.82,5.7000003,148.90001,0.96,3.1,59.9,89.0
-31.104278,29.399722,11-08-2011,50.6,28.789999,18.49,14.8,148.3,0.96999997,2.5,54.9,93.4
-34.250556,20.9925,11-08-2011,11.100000000000001,30.519999,18.24,8.6,186.8,1.1999999,0.6000000000000001,12.1,174.7
-27.573056,24.746389,12-08-2011,46.1,35.42,17.34,0.4,215.5,2.3,2.3000000000000003,43.8,171.7
-29.658056,25.973333,12-08-2011,45.6,33.12,15.2,1.9,201.6,2.01,2.3000000000000003,43.5,158.1
-30.534167,24.961944,12-08-2011,35.9,34.329998,16.26,0.0,217.8,2.26,1.8,34.100002,183.7
-28.460833,21.248889,12-08-2011,18.5,37.95,19.5,0.0,249.2,3.1999998,0.9,17.6,231.6
-30.86013889,29.07125,12-08-2011,52.5,29.109999,16.94,6.1,153.2,1.1,2.6,50.8,102.4
-30.77586667,29.03221667,12-08-2011,55.0,29.039999,16.55,5.8,154.1,1.11,2.8000000000000003,53.100002,101.0
-23.838611,31.640833,13-08-2011,59.7,34.76,21.15,1.0,180.5,1.68,3.0,56.7,123.8
-28.760833,17.730278,14-08-2011,0.4,37.14,21.439999,0.0,249.8,3.1,0.0,0.4,249.40001
-26.970278,27.211111,15-08-2011,53.1,31.05,15.639999,3.2,181.3,1.4499999,2.7,50.8,130.5
-26.73806,27.59194,15-08-2011,59.300000000000004,30.199999,15.29,3.7,174.5,1.3199999,3.0,56.7,117.8
-27.044444,27.005,15-08-2011,50.7,31.51,15.95,3.0,184.5,1.52,2.5,48.5,136.0
-24.679167,30.8025,16-08-2011,121.60000000000001,27.76,15.78,14.6,151.40001,0.88,6.1000000000000005,117.6,33.8
-25.127778,27.628889,16-08-2011,56.5,33.51,18.449999,5.6,187.5,1.65,2.8000000000000003,54.2,133.3
-25.20639,27.558,16-08-2011,55.7,33.239998,18.26,5.9,185.90001,1.5999999,2.8000000000000003,53.4,132.5
-24.69514,27.40906,16-08-2011,54.800000000000004,33.57,19.47,6.4,187.7,1.7099999,2.7,52.600002,135.1
-27.169444,29.233889,16-08-2011,70.5,28.599998,13.41,3.6000001,162.0,1.02,3.5,67.3,94.700005
-26.648056,27.089444,16-08-2011,51.400000000000006,30.83,15.46,3.1000001,179.7,1.39,2.6,49.100002,130.6
-29.160278,26.573333,16-08-2011,55.6,33.16,15.32,2.2,200.0,1.9399999,2.8000000000000003,53.100002,146.90001
-33.38056,19.30167,16-08-2011,5.300000000000001,30.51,14.86,7.0,206.7,1.54,0.30000000000000004,6.2000003,200.5
-33.31388889,19.07472222,16-08-2011,4.1000000000000005,32.809998,17.43,8.8,216.90001,1.77,0.2,5.3,211.6
-27.495556,26.074722,16-08-2011,43.800000000000004,32.829998,16.029999,2.6000001,200.7,1.78,2.2,41.9,158.8
-29.161667,23.696389,17-08-2011,33.1,36.809998,17.97,0.1,226.6,2.75,1.7000000000000002,31.4,195.2
-22.769722,30.886944,17-08-2011,70.0,33.32,20.0,5.2000003,174.6,1.5,3.5,66.8,107.8
-24.058889,31.237222,17-08-2011,68.9,33.489998,20.5,1.3000001,171.8,1.48,3.4000000000000004,65.5,106.3
-28.75,30.442778,17-08-2011,78.5,32.469997,18.25,3.1000001,166.6,1.37,3.9000000000000004,74.8,91.8
-29.161667,30.629722,17-08-2011,118.5,28.01,16.109999,7.4,144.3,0.81,5.9,113.5,30.800001
-27.802778,28.768333,17-08-2011,68.2,28.949999,13.25,3.0,162.6,1.11,3.4000000000000004,65.1,97.5
-29.033333,23.983333,17-08-2011,37.6,36.34,17.33,0.2,221.90001,2.62,1.9000000000000001,35.8,186.1
-33.980556,21.653333,06-04-2011,15.8,26.83,14.37,4.6,164.5,1.09,0.8,15.8,148.7
-33.980556,21.653333,17-08-2011,13.0,29.89,16.93,4.0,178.8,1.14,0.7000000000000001,13.0,165.8
-33.980556,21.653333,27-09-2011,13.0,29.89,16.93,4.0,178.8,1.14,0.7000000000000001,13.0,165.8
-33.980556,21.653333,25-10-2011,13.0,29.89,16.93,4.0,178.8,1.14,0.7000000000000001,13.0,165.8
-33.980556,21.653333,29-11-2011,13.0,29.89,16.93,4.0,178.8,1.14,0.7000000000000001,13.0,165.8
-33.980556,21.653333,15-02-2012,12.9,27.789999,15.48,3.9,157.40001,0.97999996,0.6000000000000001,12.8,144.6
-33.980556,21.653333,18-04-2012,12.9,27.789999,15.48,3.9,157.40001,0.97999996,0.6000000000000001,12.8,144.6
-33.980556,21.653333,16-05-2012,12.9,27.789999,15.48,3.9,157.40001,0.97999996,0.6000000000000001,12.8,144.6
-33.980556,21.653333,12-06-2012,12.9,27.789999,15.48,3.9,157.40001,0.97999996,0.6000000000000001,12.8,144.6
-33.980556,21.653333,05-07-2012,12.9,27.789999,15.48,3.9,157.40001,0.97999996,0.6000000000000001,12.8,144.6
-33.980556,21.653333,07-08-2012,22.700000000000003,28.869999,16.13,3.4,176.5,1.04,1.1,22.1,154.40001
-33.980556,21.653333,05-09-2012,22.700000000000003,28.869999,16.13,3.4,176.5,1.04,1.1,22.1,154.40001
-33.980556,21.653333,03-10-2012,22.700000000000003,28.869999,16.13,3.4,176.5,1.04,1.1,22.1,154.40001
-33.980556,21.653333,06-11-2012,22.700000000000003,28.869999,16.13,3.4,176.5,1.04,1.1,22.1,154.40001
-33.980556,21.653333,03-12-2012,22.700000000000003,28.869999,16.13,3.4,176.5,1.04,1.1,22.1,154.40001
-33.980556,21.653333,29-01-2013,10.0,27.47,15.19,1.5,164.6,0.97999996,0.5,9.6,155.0
-33.980556,21.653333,28-02-2013,10.0,27.47,15.19,1.5,164.6,0.97999996,0.5,9.6,155.0
-33.980556,21.653333,10-03-2013,10.0,27.47,15.19,1.5,164.6,0.97999996,0.5,9.6,155.0
-33.980556,21.653333,19-03-2013,10.0,27.47,15.19,1.5,164.6,0.97999996,0.5,9.6,155.0
-33.980556,21.653333,15-05-2013,10.0,27.47,15.19,1.5,164.6,0.97999996,0.5,9.6,155.0
-33.980556,21.653333,12-06-2013,10.0,27.47,15.19,1.5,164.6,0.97999996,0.5,9.6,155.0
-33.980556,21.653333,18-07-2013,55.6,29.119999,17.07,1.5,162.6,1.04,2.8000000000000003,52.9,109.700005
-33.980556,21.653333,14-08-2013,55.6,29.119999,17.07,1.5,162.6,1.04,2.8000000000000003,52.9,109.700005
-33.980556,21.653333,11-09-2013,55.6,29.119999,17.07,1.5,162.6,1.04,2.8000000000000003,52.9,109.700005
-33.980556,21.653333,08-10-2013,55.6,29.119999,17.07,1.5,162.6,1.04,2.8000000000000003,52.9,109.700005
-34.092222,21.295278,17-08-2011,12.600000000000001,30.72,17.33,4.6,181.40001,1.25,0.6000000000000001,12.7,168.7
-33.980556,21.653333,05-12-2013,55.6,29.119999,17.07,1.5,162.6,1.04,2.8000000000000003,52.9,109.700005
-33.980556,21.653333,07-01-2014,14.5,20.619999,6.24,1.1,58.0,0.71,0.7000000000000001,13.8,44.2
-33.980556,21.653333,18-02-2014,13.100000000000001,27.5,14.679999,1.0,161.40001,1.0,0.7000000000000001,12.5,148.90001
-33.980556,21.653333,11-03-2014,13.100000000000001,27.5,14.679999,1.0,161.40001,1.0,0.7000000000000001,12.5,148.90001
-33.980556,21.653333,10-04-2014,13.100000000000001,27.5,14.679999,1.0,161.40001,1.0,0.7000000000000001,12.5,148.90001
-33.980556,21.653333,13-05-2014,13.100000000000001,27.5,14.679999,1.0,161.40001,1.0,0.7000000000000001,12.5,148.90001
-33.980556,21.653333,10-06-2014,13.100000000000001,27.5,14.679999,1.0,161.40001,1.0,0.7000000000000001,12.5,148.90001
-33.980556,21.653333,08-07-2014,13.100000000000001,27.5,14.679999,1.0,161.40001,1.0,0.7000000000000001,12.5,148.90001
-33.980556,21.653333,21-08-2014,15.3,29.72,15.95,0.90000004,181.3,1.12,0.8,14.5,166.8
-33.980556,21.653333,11-09-2014,15.3,29.72,15.95,0.90000004,181.3,1.12,0.8,14.5,166.8
-33.980556,21.653333,14-10-2014,15.3,29.72,15.95,0.90000004,181.3,1.12,0.8,14.5,166.8
-33.980556,21.653333,11-11-2014,15.3,29.72,15.95,0.90000004,181.3,1.12,0.8,14.5,166.8
-33.980556,21.653333,02-12-2014,15.3,29.72,15.95,0.90000004,181.3,1.12,0.8,14.5,166.8
-33.980556,21.653333,15-01-2015,11.100000000000001,28.8,15.86,0.7,166.7,1.13,0.6000000000000001,10.6,156.1
-33.980556,21.653333,17-02-2015,11.100000000000001,28.8,15.86,0.7,166.7,1.13,0.6000000000000001,10.6,156.1
-33.980556,21.653333,10-03-2015,11.100000000000001,28.8,15.86,0.7,166.7,1.13,0.6000000000000001,10.6,156.1
-33.980556,21.653333,14-04-2015,11.100000000000001,28.8,15.86,0.7,166.7,1.13,0.6000000000000001,10.6,156.1
-33.980556,21.653333,19-05-2015,11.100000000000001,28.8,15.86,0.7,166.7,1.13,0.6000000000000001,10.6,156.1
-33.980556,21.653333,18-08-2015,11.100000000000001,28.8,15.86,0.7,166.7,1.13,0.6000000000000001,10.6,156.1
-33.980556,21.653333,15-09-2015,11.100000000000001,28.8,15.86,0.7,166.7,1.13,0.6000000000000001,10.6,156.1
-33.980556,21.653333,20-10-2015,11.100000000000001,28.8,15.86,0.7,166.7,1.13,0.6000000000000001,10.6,156.1
-33.980556,21.653333,17-11-2015,11.100000000000001,28.8,15.86,0.7,166.7,1.13,0.6000000000000001,10.6,156.1
-33.980556,21.653333,09-12-2015,11.100000000000001,28.8,15.86,0.7,166.7,1.13,0.6000000000000001,10.6,156.1
-24.183889,30.823889,18-08-2011,71.7,33.38,20.47,6.4,170.0,1.51,3.6,68.6,101.4
-23.281,30.54305556,18-08-2011,85.0,32.739998,20.33,5.8,166.7,1.48,4.3,81.200005,85.5
-27.671111,27.236944,18-08-2011,52.400000000000006,31.789999,15.45,2.4,188.3,1.5899999,2.6,50.0,138.3
-27.902778,24.615556,18-08-2011,46.300000000000004,36.03,17.77,0.3,221.90001,2.47,2.3000000000000003,44.0,177.90001
-28.376944,24.303056,18-08-2011,46.6,36.329998,17.51,0.3,220.8,2.57,2.3000000000000003,44.3,176.5
-29.658056,25.973333,18-08-2011,45.6,33.12,15.2,1.9,201.6,2.01,2.3000000000000003,43.5,158.1
-30.534167,24.961944,18-08-2011,35.9,34.329998,16.26,0.0,217.8,2.26,1.8,34.100002,183.7
-22.225556,29.990556,22-08-2011,38.300000000000004,35.17,22.05,0.2,178.2,1.99,1.9000000000000001,36.4,141.8
-24.282222,28.090278,22-08-2011,75.10000000000001,31.59,17.359999,6.0,170.3,1.4,3.8000000000000003,71.9,98.4
-25.99136,27.84208,22-08-2011,73.3,30.16,16.039999,4.4,173.1,1.28,3.7,70.1,103.0
-29.380556,30.2775,22-08-2011,87.4,27.92,15.0199995,8.0,144.1,0.82,4.4,84.0,60.100002
-26.861111,28.884722,22-08-2011,69.8,28.96,13.759999,4.7000003,164.90001,1.09,3.5,66.8,98.1
-26.45,28.085833,22-08-2011,65.2,29.74,14.88,4.1,170.6,1.23,3.3000000000000003,62.4,108.200005
-30.830556,26.921389,23-08-2011,44.1,31.8,14.36,2.4,190.3,1.6899999,2.2,42.100002,148.2
-25.73411,27.21422,23-08-2011,61.900000000000006,31.17,15.71,4.5,176.7,1.38,3.1,59.3,117.4
-29.380556,30.2775,23-08-2011,87.4,27.92,15.0199995,8.0,144.1,0.82,4.4,84.0,60.100002
-28.141944,26.417778,23-08-2011,51.1,32.64,16.09,2.3,196.40001,1.8199999,2.6,48.8,147.6
-30.679722,26.7125,23-08-2011,43.7,32.96,14.92,1.9,195.0,1.89,2.2,41.7,153.3
-33.501667,21.624167,23-08-2011,12.4,30.84,14.75,0.1,193.40001,1.4599999,0.6000000000000001,11.8,181.6
-25.57877778,29.12747222,23-08-2011,76.3,31.23,16.02,4.4,172.40001,1.3299999,3.8000000000000003,72.9,99.5
-29.161667,23.696389,24-08-2011,33.1,36.809998,17.97,0.1,226.6,2.75,1.7000000000000002,31.4,195.2
-34.065833,20.404167,24-08-2011,7.800000000000001,32.43,18.84,5.4,194.90001,1.5999999,0.4,8.3,186.6
-23.23572222,27.717,24-08-2011,42.1,34.42,20.109999,0.5,179.8,1.87,2.1,40.0,139.8
-28.404444,30.013056,24-08-2011,90.7,30.97,16.17,3.2,165.40001,1.25,4.5,86.4,79.0
-27.38972222,26.46388889,24-08-2011,45.900000000000006,32.719997,16.57,2.4,197.5,1.76,2.3000000000000003,43.8,153.7
-27.398611,26.614722,24-08-2011,46.800000000000004,32.61,16.47,2.3,195.8,1.73,2.3000000000000003,44.7,151.1
-27.044444,27.005,24-08-2011,50.7,31.51,15.95,3.0,184.5,1.52,2.5,48.5,136.0
-29.033333,23.983333,24-08-2011,37.6,36.34,17.33,0.2,221.90001,2.62,1.9000000000000001,35.8,186.1
-33.818056,19.694722,24-08-2011,6.300000000000001,32.1,17.22,5.3,212.1,1.61,0.30000000000000004,6.8,205.3
-34.075556,20.145556,24-08-2011,7.9,31.73,18.109999,5.4,197.40001,1.53,0.4,8.3,189.1
-28.058889,30.373611,24-08-2011,91.10000000000001,29.38,14.87,3.9,160.6,1.01,4.6000000000000005,86.8,73.8
-27.4,26.624722,24-08-2011,46.800000000000004,32.61,16.47,2.3,195.8,1.73,2.3000000000000003,44.7,151.1
-27.01011111,26.69808333,25-08-2011,46.800000000000004,32.01,16.199999,2.0,189.3,1.5999999,2.3000000000000003,44.600002,144.7
-22.225556,29.990556,25-08-2011,38.300000000000004,35.17,22.05,0.2,178.2,1.99,1.9000000000000001,36.4,141.8
-22.91028,29.61111,25-08-2011,59.1,32.18,19.05,1.2,163.1,1.4599999,3.0,56.2,106.9
-24.925278,29.324444,25-08-2011,57.5,33.04,18.31,3.6000001,177.1,1.52,2.9000000000000004,55.0,122.1
-30.398056,30.601944,25-08-2011,58.2,29.439999,21.31,26.800001,148.3,0.89,2.9000000000000004,77.5,70.8
-30.27402,30.69602,25-08-2011,59.7,29.38,21.119999,22.300001,148.0,0.87,3.0,68.6,79.4
-26.648056,27.089444,25-08-2011,51.400000000000006,30.83,15.46,3.1000001,179.7,1.39,2.6,49.100002,130.6
-26.970278,27.211111,25-08-2011,53.1,31.05,15.639999,3.2,181.3,1.4499999,2.7,50.8,130.5
-26.880278,26.965,25-08-2011,50.0,31.41,15.87,3.0,182.1,1.48,2.5,47.8,134.3
-27.38972222,26.46388889,25-08-2011,45.900000000000006,32.719997,16.57,2.4,197.5,1.76,2.3000000000000003,43.8,153.7
-23.763056,27.908611,25-07-2014,42.7,31.98,18.56,9.7,179.0,1.55,2.1,42.5,136.5
-23.763056,27.908611,13-08-2014,42.7,31.98,18.56,9.7,179.0,1.55,2.1,42.5,136.5
-26.98472222,26.63227778,25-08-2011,47.300000000000004,32.17,16.449999,2.3,188.5,1.63,2.4000000000000004,45.100002,143.40001
-29.028629,24.638389,25-08-2011,44.0,35.73,17.18,0.1,218.40001,2.52,2.2,41.8,176.6
-23.763056,27.908611,22-12-2014,42.7,31.98,18.56,9.7,179.0,1.55,2.1,42.5,136.5
-33.897778,20.012778,25-08-2011,6.800000000000001,32.329998,17.58,4.3,199.8,1.62,0.30000000000000004,7.1,192.7
-29.641944,30.6875,26-08-2011,123.5,30.06,19.51,9.2,148.0,0.96999997,6.2,118.5,29.5
-27.937778,31.209444,26-08-2011,80.9,30.64,17.89,2.8,161.7,1.1,4.0,76.9,84.8
-27.671111,27.236944,26-08-2011,52.400000000000006,31.789999,15.45,2.4,188.3,1.5899999,2.6,50.0,138.3
-27.573056,24.746389,26-08-2011,46.1,35.42,17.34,0.4,215.5,2.3,2.3000000000000003,43.8,171.7
-23.763056,27.908611,19-08-2015,43.300000000000004,34.28,19.14,3.6000001,190.7,1.8199999,2.2,41.3,149.40001
-23.763056,27.908611,09-09-2015,43.300000000000004,34.28,19.14,3.6000001,190.7,1.8199999,2.2,41.3,149.40001
-28.460833,21.248889,26-08-2011,18.5,37.95,19.5,0.0,249.2,3.1999998,0.9,17.6,231.6
-28.760833,17.730278,28-08-2011,0.4,37.14,21.439999,0.0,249.8,3.1,0.0,0.4,249.40001
-27.169444,29.233889,29-08-2011,70.5,28.599998,13.41,3.6000001,162.0,1.02,3.5,67.3,94.700005
-26.73806,27.59194,29-08-2011,59.300000000000004,30.199999,15.29,3.7,174.5,1.3199999,3.0,56.7,117.8
-25.127778,27.628889,30-08-2011,56.5,33.51,18.449999,5.6,187.5,1.65,2.8000000000000003,54.2,133.3
-25.20639,27.558,30-08-2011,55.7,33.239998,18.26,5.9,185.90001,1.5999999,2.8000000000000003,53.4,132.5
-24.69514,27.40906,30-08-2011,54.800000000000004,33.57,19.47,6.4,187.7,1.7099999,2.7,52.600002,135.1
-27.00222,28.76528,30-08-2011,67.3,29.289999,13.94,4.5,166.1,1.14,3.4000000000000004,64.4,101.700005
-34.405833,19.600556,30-08-2011,8.9,27.539999,17.19,7.7000003,174.1,0.93,0.4,9.8,164.3
-27.495556,26.074722,30-08-2011,43.800000000000004,32.829998,16.029999,2.6000001,200.7,1.78,2.2,41.9,158.8
-29.161667,23.696389,31-08-2011,33.1,36.809998,17.97,0.1,226.6,2.75,1.7000000000000002,31.4,195.2
-34.329722,18.990278,31-08-2011,8.200000000000001,26.39,16.8,14.8,170.40001,0.79999995,0.4,10.900001,159.5
-25.447222,30.711667,31-08-2011,94.9,30.14,17.51,14.3,160.3,1.1,4.7,91.6,68.700005
-29.161667,23.696389,01-09-2011,33.1,36.809998,17.97,0.1,226.6,2.75,1.7000000000000002,31.4,195.2
-27.902778,24.615556,02-09-2011,46.300000000000004,36.03,17.77,0.3,221.90001,2.47,2.3000000000000003,44.0,177.90001
-25.99136,27.84208,05-09-2011,73.3,30.16,16.039999,4.4,173.1,1.28,3.7,70.1,103.0
-26.861111,28.884722,05-09-2011,69.8,28.96,13.759999,4.7000003,164.90001,1.09,3.5,66.8,98.1
-26.45,28.085833,05-09-2011,65.2,29.74,14.88,4.1,170.6,1.23,3.3000000000000003,62.4,108.200005
-29.160278,26.573333,05-09-2011,55.6,33.16,15.32,2.2,200.0,1.9399999,2.8000000000000003,53.100002,146.90001
-28.768056,20.720556,05-09-2011,12.3,37.969997,19.98,0.0,262.5,3.24,0.6000000000000001,11.7,250.8
-25.73411,27.21422,06-09-2011,61.900000000000006,31.17,15.71,4.5,176.7,1.38,3.1,59.3,117.4
-29.380556,30.2775,06-09-2011,87.4,27.92,15.0199995,8.0,144.1,0.82,4.4,84.0,60.100002
-27.398611,26.614722,06-09-2011,46.800000000000004,32.61,16.47,2.3,195.8,1.73,2.3000000000000003,44.7,151.1
-27.671111,27.236944,06-09-2011,52.400000000000006,31.789999,15.45,2.4,188.3,1.5899999,2.6,50.0,138.3
-28.69485,28.23487,06-09-2011,72.60000000000001,28.76,13.599999,2.8,165.0,1.1999999,3.6,69.3,95.700005
-29.615556,27.065278,06-09-2011,64.4,31.75,14.86,2.3,188.5,1.73,3.2,61.5,127.0
-28.883333,27.89,06-09-2011,73.7,29.869999,14.219999,3.0,170.6,1.36,3.7,70.4,100.200005
-31.104278,29.399722,06-09-2011,50.6,28.789999,18.49,14.8,148.3,0.96999997,2.5,54.9,93.4
-31.396,29.2651,06-09-2011,49.2,29.22,19.869999,14.8,149.90001,0.97999996,2.5,55.9,94.0
-31.554722,29.245556,06-09-2011,50.5,27.9,18.779999,17.7,142.40001,0.78999996,2.5,66.5,75.9
-34.039722,22.133333,06-09-2011,18.1,27.91,17.97,6.3,164.8,0.84999996,0.9,18.300001,146.5
-25.81048333,27.90955222,07-09-2011,72.10000000000001,31.07,17.01,4.6,176.0,1.38,3.6,69.0,107.0
-29.641944,30.6875,07-09-2011,123.5,30.06,19.51,9.2,148.0,0.96999997,6.2,118.5,29.5
-31.860278,18.6875,07-09-2011,1.6,33.5,17.119999,0.8,231.8,1.99,0.1,1.6,230.2
-27.602222,29.942778,07-09-2011,90.5,29.97,15.089999,3.8,167.3,1.11,4.5,86.3,81.0
-27.02314,28.59389,07-09-2011,66.10000000000001,29.64,14.24,4.4,168.3,1.1999999,3.3000000000000003,63.2,105.1
-27.4275,28.525833,07-09-2011,65.7,29.519999,13.969999,3.5,167.7,1.1999999,3.3000000000000003,62.8,104.9
-27.3,28.586944,07-09-2011,66.3,29.55,14.099999,3.8,168.1,1.1999999,3.3000000000000003,63.4,104.700005
-27.044444,27.005,07-09-2011,50.7,31.51,15.95,3.0,184.5,1.52,2.5,48.5,136.0
-29.033333,23.983333,07-09-2011,37.6,36.34,17.33,0.2,221.90001,2.62,1.9000000000000001,35.8,186.1
-30.160091,27.40124,07-09-2011,61.5,31.189999,14.969999,3.2,181.7,1.62,3.1,58.9,122.8
-30.336111,27.359444,07-09-2011,58.5,31.13,14.58,3.4,182.7,1.5999999,2.9000000000000004,56.0,126.700005
-30.568333,29.422778,07-09-2011,58.800000000000004,27.689999,13.95,7.4,146.90001,0.93,2.9000000000000004,56.9,90.0
-30.86013889,29.07125,07-09-2011,52.5,29.109999,16.94,6.1,153.2,1.1,2.6,50.8,102.4
-30.77586667,29.03221667,07-09-2011,55.0,29.039999,16.55,5.8,154.1,1.11,2.8000000000000003,53.100002,101.0
-34.02861,22.22222,07-09-2011,18.8,27.289999,17.75,6.6,162.2,0.78,0.9,19.0,143.2
-30.830556,26.921389,08-09-2011,44.1,31.8,14.36,2.4,190.3,1.6899999,2.2,42.100002,148.2
-30.398056,30.601944,08-09-2011,58.2,29.439999,21.31,26.800001,148.3,0.89,2.9000000000000004,77.5,70.8
-30.27402,30.69602,08-09-2011,59.7,29.38,21.119999,22.300001,148.0,0.87,3.0,68.6,79.4
-29.033333,23.983333,08-09-2011,37.6,36.34,17.33,0.2,221.90001,2.62,1.9000000000000001,35.8,186.1
-30.679722,26.7125,08-09-2011,43.7,32.96,14.92,1.9,195.0,1.89,2.2,41.7,153.3
-31.031389,28.883333,08-09-2011,52.5,28.65,16.4,6.2000003,150.7,1.05,2.6,50.7,100.0
-34.031944,22.053333,08-09-2011,17.400000000000002,28.119999,17.58,6.0,166.40001,0.89,0.9,17.5,148.90001
-29.658056,25.973333,09-09-2011,45.6,33.12,15.2,1.9,201.6,2.01,2.3000000000000003,43.5,158.1
-31.000833,26.353056,09-09-2011,38.900000000000006,31.48,13.88,1.8000001,196.2,1.7199999,1.9000000000000001,37.100002,159.1
-28.760833,17.730278,10-09-2011,0.4,37.14,21.439999,0.0,249.8,3.1,0.0,0.4,249.40001
-26.970278,27.211111,12-09-2011,53.1,31.05,15.639999,3.2,181.3,1.4499999,2.7,50.8,130.5
-27.01011111,26.69808333,13-09-2011,46.800000000000004,32.01,16.199999,2.0,189.3,1.5999999,2.3000000000000003,44.600002,144.7
-24.679167,30.8025,13-09-2011,121.60000000000001,27.76,15.78,14.6,151.40001,0.88,6.1000000000000005,117.6,33.8
-24.183889,30.823889,13-09-2011,71.7,33.38,20.47,6.4,170.0,1.51,3.6,68.6,101.4
-25.127778,27.628889,13-09-2011,56.5,33.51,18.449999,5.6,187.5,1.65,2.8000000000000003,54.2,133.3
-25.20639,27.558,13-09-2011,55.7,33.239998,18.26,5.9,185.90001,1.5999999,2.8000000000000003,53.4,132.5
-24.69514,27.40906,13-09-2011,54.800000000000004,33.57,19.47,6.4,187.7,1.7099999,2.7,52.600002,135.1
-24.925278,29.324444,13-09-2011,57.5,33.04,18.31,3.6000001,177.1,1.52,2.9000000000000004,55.0,122.1
-29.161667,30.629722,13-09-2011,118.5,28.01,16.109999,7.4,144.3,0.81,5.9,113.5,30.800001
-26.648056,27.089444,13-09-2011,51.400000000000006,30.83,15.46,3.1000001,179.7,1.39,2.6,49.100002,130.6
-26.880278,26.965,13-09-2011,50.0,31.41,15.87,3.0,182.1,1.48,2.5,47.8,134.3
-27.802778,28.768333,13-09-2011,68.2,28.949999,13.25,3.0,162.6,1.11,3.4000000000000004,65.1,97.5
-26.98472222,26.63227778,13-09-2011,47.300000000000004,32.17,16.449999,2.3,188.5,1.63,2.4000000000000004,45.100002,143.40001
-29.033333,23.983333,13-09-2011,37.6,36.34,17.33,0.2,221.90001,2.62,1.9000000000000001,35.8,186.1
-30.679722,26.7125,13-09-2011,43.7,32.96,14.92,1.9,195.0,1.89,2.2,41.7,153.3
-31.396,29.2651,13-09-2011,49.2,29.22,19.869999,14.8,149.90001,0.97999996,2.5,55.9,94.0
-33.38056,19.30167,13-09-2011,5.300000000000001,30.51,14.86,7.0,206.7,1.54,0.30000000000000004,6.2000003,200.5
-33.31388889,19.07472222,13-09-2011,4.1000000000000005,32.809998,17.43,8.8,216.90001,1.77,0.2,5.3,211.6
-27.495556,26.074722,13-09-2011,43.800000000000004,32.829998,16.029999,2.6000001,200.7,1.78,2.2,41.9,158.8
-24.058889,31.237222,14-09-2011,68.9,33.489998,20.5,1.3000001,171.8,1.48,3.4000000000000004,65.5,106.3
-28.75,30.442778,14-09-2011,78.5,32.469997,18.25,3.1000001,166.6,1.37,3.9000000000000004,74.8,91.8
-29.380556,30.2775,14-09-2011,87.4,27.92,15.0199995,8.0,144.1,0.82,4.4,84.0,60.100002
-26.73806,27.59194,14-09-2011,59.300000000000004,30.199999,15.29,3.7,174.5,1.3199999,3.0,56.7,117.8
-27.4275,28.525833,14-09-2011,65.7,29.519999,13.969999,3.5,167.7,1.1999999,3.3000000000000003,62.8,104.9
-27.3,28.586944,14-09-2011,66.3,29.55,14.099999,3.8,168.1,1.1999999,3.3000000000000003,63.4,104.700005
-29.042222,24.6,14-09-2011,42.900000000000006,35.829998,17.31,0.1,219.5,2.55,2.1,40.8,178.7
-29.028629,24.638389,14-09-2011,44.0,35.73,17.18,0.1,218.40001,2.52,2.2,41.8,176.6
-30.160091,27.40124,14-09-2011,61.5,31.189999,14.969999,3.2,181.7,1.62,3.1,58.9,122.8
-34.250556,20.9925,14-09-2011,11.100000000000001,30.519999,18.24,8.6,186.8,1.1999999,0.6000000000000001,12.1,174.7
-33.7075,18.97444444,14-09-2011,5.2,32.05,18.16,10.0,212.8,1.5999999,0.30000000000000004,6.7000003,206.1
-29.161667,23.696389,15-09-2011,33.1,36.809998,17.97,0.1,226.6,2.75,1.7000000000000002,31.4,195.2
-30.398056,30.601944,15-09-2011,58.2,29.439999,21.31,26.800001,148.3,0.89,2.9000000000000004,77.5,70.8
-27.169444,29.233889,15-09-2011,70.5,28.599998,13.41,3.6000001,162.0,1.02,3.5,67.3,94.700005
-27.00222,28.76528,15-09-2011,67.3,29.289999,13.94,4.5,166.1,1.14,3.4000000000000004,64.4,101.700005
-27.902778,24.615556,16-09-2011,46.300000000000004,36.03,17.77,0.3,221.90001,2.47,2.3000000000000003,44.0,177.90001
-28.460833,21.248889,16-09-2011,18.5,37.95,19.5,0.0,249.2,3.1999998,0.9,17.6,231.6
-30.27402,30.69602,19-09-2011,59.7,29.38,21.119999,22.300001,148.0,0.87,3.0,68.6,79.4
-26.861111,28.884722,19-09-2011,69.8,28.96,13.759999,4.7000003,164.90001,1.09,3.5,66.8,98.1
-26.970278,27.211111,19-09-2011,53.1,31.05,15.639999,3.2,181.3,1.4499999,2.7,50.8,130.5
-27.01011111,26.69808333,20-09-2011,46.800000000000004,32.01,16.199999,2.0,189.3,1.5999999,2.3000000000000003,44.600002,144.7
-24.058889,31.237222,20-09-2011,68.9,33.489998,20.5,1.3000001,171.8,1.48,3.4000000000000004,65.5,106.3
-27.937778,31.209444,20-09-2011,80.9,30.64,17.89,2.8,161.7,1.1,4.0,76.9,84.8
-29.380556,30.2775,20-09-2011,87.4,27.92,15.0199995,8.0,144.1,0.82,4.4,84.0,60.100002
-27.00222,28.76528,20-09-2011,67.3,29.289999,13.94,4.5,166.1,1.14,3.4000000000000004,64.4,101.700005
-26.648056,27.089444,20-09-2011,51.400000000000006,30.83,15.46,3.1000001,179.7,1.39,2.6,49.100002,130.6
-26.880278,26.965,20-09-2011,50.0,31.41,15.87,3.0,182.1,1.48,2.5,47.8,134.3
-26.98472222,26.63227778,20-09-2011,47.300000000000004,32.17,16.449999,2.3,188.5,1.63,2.4000000000000004,45.100002,143.40001
-33.501667,21.624167,20-09-2011,12.4,30.84,14.75,0.1,193.40001,1.4599999,0.6000000000000001,11.8,181.6
-28.058889,30.373611,20-09-2011,91.10000000000001,29.38,14.87,3.9,160.6,1.01,4.6000000000000005,86.8,73.8
-25.57877778,29.12747222,20-09-2011,76.3,31.23,16.02,4.4,172.40001,1.3299999,3.8000000000000003,72.9,99.5
-29.161667,23.696389,21-09-2011,33.1,36.809998,17.97,0.1,226.6,2.75,1.7000000000000002,31.4,195.2
-25.81048333,27.90955222,21-09-2011,72.10000000000001,31.07,17.01,4.6,176.0,1.38,3.6,69.0,107.0
-34.065833,20.404167,21-09-2011,7.800000000000001,32.43,18.84,5.4,194.90001,1.5999999,0.4,8.3,186.6
-27.5275,30.858056,21-09-2011,98.5,29.06,15.92,6.5,157.2,0.94,4.9,94.200005,63.0
-28.404444,30.013056,21-09-2011,90.7,30.97,16.17,3.2,165.40001,1.25,4.5,86.4,79.0
-28.141944,26.417778,21-09-2011,51.1,32.64,16.09,2.3,196.40001,1.8199999,2.6,48.8,147.6
-29.033333,23.983333,21-09-2011,37.6,36.34,17.33,0.2,221.90001,2.62,1.9000000000000001,35.8,186.1
-33.818056,19.694722,21-09-2011,6.300000000000001,32.1,17.22,5.3,212.1,1.61,0.30000000000000004,6.8,205.3
-34.075556,20.145556,21-09-2011,7.9,31.73,18.109999,5.4,197.40001,1.53,0.4,8.3,189.1
-29.161667,23.696389,22-09-2011,33.1,36.809998,17.97,0.1,226.6,2.75,1.7000000000000002,31.4,195.2
-27.38972222,26.46388889,22-09-2011,45.900000000000006,32.719997,16.57,2.4,197.5,1.76,2.3000000000000003,43.8,153.7
-27.398611,26.614722,22-09-2011,46.800000000000004,32.61,16.47,2.3,195.8,1.73,2.3000000000000003,44.7,151.1
-33.897778,20.012778,22-09-2011,6.800000000000001,32.329998,17.58,4.3,199.8,1.62,0.30000000000000004,7.1,192.7
-29.641944,30.6875,23-09-2011,123.5,30.06,19.51,9.2,148.0,0.96999997,6.2,118.5,29.5
-28.760833,17.730278,24-09-2011,0.4,37.14,21.439999,0.0,249.8,3.1,0.0,0.4,249.40001
-29.641944,30.6875,24-09-2011,123.5,30.06,19.51,9.2,148.0,0.96999997,6.2,118.5,29.5
-25.513889,31.224444,26-09-2011,98.80000000000001,30.57,18.49,11.900001,158.8,1.15,4.9,95.200005,63.600002
-29.7775,29.470833,26-09-2011,94.80000000000001,26.75,13.2699995,7.2000003,144.7,0.84999996,4.7,91.700005,53.0
-29.987778,29.851667,26-09-2011,66.8,28.16,15.29,9.5,144.90001,0.91999996,3.3000000000000003,64.8,80.1
-29.744167,29.905833,26-09-2011,68.9,29.099998,15.889999,7.8,150.0,1.04,3.4000000000000004,66.4,83.6
-27.169444,29.233889,26-09-2011,70.5,28.599998,13.41,3.6000001,162.0,1.02,3.5,67.3,94.700005
-26.73806,27.59194,26-09-2011,59.300000000000004,30.199999,15.29,3.7,174.5,1.3199999,3.0,56.7,117.8
-26.45,28.085833,26-09-2011,65.2,29.74,14.88,4.1,170.6,1.23,3.3000000000000003,62.4,108.200005
-31.396,29.2651,26-09-2011,49.2,29.22,19.869999,14.8,149.90001,0.97999996,2.5,55.9,94.0
-31.554722,29.245556,26-09-2011,50.5,27.9,18.779999,17.7,142.40001,0.78999996,2.5,66.5,75.9
-24.282222,28.090278,27-09-2011,75.10000000000001,31.59,17.359999,6.0,170.3,1.4,3.8000000000000003,71.9,98.4
-25.127778,27.628889,27-09-2011,56.5,33.51,18.449999,5.6,187.5,1.65,2.8000000000000003,54.2,133.3
-25.20639,27.558,27-09-2011,55.7,33.239998,18.26,5.9,185.90001,1.5999999,2.8000000000000003,53.4,132.5
-23.281,30.54305556,27-09-2011,85.0,32.739998,20.33,5.8,166.7,1.48,4.3,81.200005,85.5
-28.747778,31.745833,27-09-2011,124.2,31.82,20.77,5.8,160.90001,1.0799999,6.2,118.6,42.3
-30.733889,29.828333,27-09-2011,55.300000000000004,28.449999,17.699999,20.5,142.2,0.91999996,2.8000000000000003,65.1,77.1
-27.273889,28.49,27-09-2011,65.5,29.609999,14.24,4.0,168.40001,1.22,3.3000000000000003,62.600002,105.8
-27.3,28.586944,27-09-2011,66.3,29.55,14.099999,3.8,168.1,1.1999999,3.3000000000000003,63.4,104.700005
-30.568333,29.422778,27-09-2011,58.800000000000004,27.689999,13.95,7.4,146.90001,0.93,2.9000000000000004,56.9,90.0
-31.104278,29.399722,27-09-2011,50.6,28.789999,18.49,14.8,148.3,0.96999997,2.5,54.9,93.4
-34.092222,21.295278,27-09-2011,12.600000000000001,30.72,17.33,4.6,181.40001,1.25,0.6000000000000001,12.7,168.7
-34.405833,19.600556,27-09-2011,8.9,27.539999,17.19,7.7000003,174.1,0.93,0.4,9.8,164.3
-29.161667,23.696389,28-09-2011,33.1,36.809998,17.97,0.1,226.6,2.75,1.7000000000000002,31.4,195.2
-22.935,28.004167,28-09-2011,38.300000000000004,34.07,20.32,0.3,178.0,1.8499999,1.9000000000000001,36.4,141.6
-23.763056,27.908611,28-09-2011,57.0,32.969997,18.73,5.0,174.6,1.63,2.8000000000000003,54.5,120.1
-24.768889,31.39,28-09-2011,87.60000000000001,32.739998,20.119999,10.2,163.2,1.38,4.4,84.3,78.9
-28.801278,31.955389,28-09-2011,111.0,31.48,20.939999,9.400001,161.2,0.97999996,5.6000000000000005,107.1,54.100002
-30.27402,30.69602,28-09-2011,59.7,29.38,21.119999,22.300001,148.0,0.87,3.0,68.6,79.4
-27.802778,28.768333,28-09-2011,68.2,28.949999,13.25,3.0,162.6,1.11,3.4000000000000004,65.1,97.5
-27.398611,26.614722,28-09-2011,46.800000000000004,32.61,16.47,2.3,195.8,1.73,2.3000000000000003,44.7,151.1
-31.031389,28.883333,28-09-2011,52.5,28.65,16.4,6.2000003,150.7,1.05,2.6,50.7,100.0
-30.86013889,29.07125,28-09-2011,52.5,29.109999,16.94,6.1,153.2,1.1,2.6,50.8,102.4
-30.77586667,29.03221667,28-09-2011,55.0,29.039999,16.55,5.8,154.1,1.11,2.8000000000000003,53.100002,101.0
-27.495556,26.074722,28-09-2011,43.800000000000004,32.829998,16.029999,2.6000001,200.7,1.78,2.2,41.9,158.8
-24.99328,30.81444,29-09-2011,116.7,26.019999,13.7699995,26.800001,140.5,0.64,5.800000000000001,116.3,24.2
-30.13573889,30.67422222,29-09-2011,72.9,29.699999,21.119999,11.1,148.7,0.91999996,3.6,71.3,77.4
-27.573056,24.746389,30-09-2011,46.1,35.42,17.34,0.4,215.5,2.3,2.3000000000000003,43.8,171.7
-27.902778,24.615556,30-09-2011,46.300000000000004,36.03,17.77,0.3,221.90001,2.47,2.3000000000000003,44.0,177.90001
-29.803611,30.516111,30-09-2011,96.9,28.98,17.949999,9.8,143.8,0.89,4.800000000000001,93.4,50.4
-26.861111,28.884722,03-10-2011,69.8,28.96,13.759999,4.7000003,164.90001,1.09,3.5,66.8,98.1
-29.160278,26.573333,03-10-2011,55.6,33.16,15.32,2.2,200.0,1.9399999,2.8000000000000003,53.100002,146.90001
-26.03611,30.99778,04-10-2011,125.2,30.22,18.119999,13.900001,165.5,1.17,6.300000000000001,120.6,44.9
-27.398611,26.614722,04-10-2011,46.800000000000004,32.61,16.47,2.3,195.8,1.73,2.3000000000000003,44.7,151.1
-27.671111,27.236944,04-10-2011,52.400000000000006,31.789999,15.45,2.4,188.3,1.5899999,2.6,50.0,138.3
-30.160091,27.40124,04-10-2011,61.5,31.189999,14.969999,3.2,181.7,1.62,3.1,58.9,122.8
-30.336111,27.359444,04-10-2011,58.5,31.13,14.58,3.4,182.7,1.5999999,2.9000000000000004,56.0,126.700005
-28.69485,28.23487,04-10-2011,72.60000000000001,28.76,13.599999,2.8,165.0,1.1999999,3.6,69.3,95.700005
-28.883333,27.89,04-10-2011,73.7,29.869999,14.219999,3.0,170.6,1.36,3.7,70.4,100.200005
-31.5653,18.3306,04-10-2011,0.7000000000000001,31.98,17.21,0.3,222.7,1.66,0.0,0.7,222.0
-25.45963889,28.26430556,04-10-2011,70.0,31.91,17.05,4.7000003,177.0,1.43,3.5,67.0,110.0
-28.338333,31.373611,04-10-2011,101.30000000000001,30.929998,18.63,2.8,157.5,1.1,5.1000000000000005,96.4,61.100002
-28.068333,31.55,04-10-2011,97.2,32.79,20.5,2.3,166.40001,1.36,4.9,92.4,74.0
-27.4,26.624722,04-10-2011,46.800000000000004,32.61,16.47,2.3,195.8,1.73,2.3000000000000003,44.7,151.1
-29.161667,23.696389,05-10-2011,33.1,36.809998,17.97,0.1,226.6,2.75,1.7000000000000002,31.4,195.2
-25.81048333,27.90955222,05-10-2011,72.10000000000001,31.07,17.01,4.6,176.0,1.38,3.6,69.0,107.0
-29.641944,30.6875,05-10-2011,123.5,30.06,19.51,9.2,148.0,0.96999997,6.2,118.5,29.5
-31.860278,18.6875,05-10-2011,1.6,33.5,17.119999,0.8,231.8,1.99,0.1,1.6,230.2
-27.00222,28.76528,05-10-2011,67.3,29.289999,13.94,4.5,166.1,1.14,3.4000000000000004,64.4,101.700005
-27.02314,28.59389,05-10-2011,66.10000000000001,29.64,14.24,4.4,168.3,1.1999999,3.3000000000000003,63.2,105.1
-27.273889,28.49,05-10-2011,65.5,29.609999,14.24,4.0,168.40001,1.22,3.3000000000000003,62.600002,105.8
-27.4275,28.525833,05-10-2011,65.7,29.519999,13.969999,3.5,167.7,1.1999999,3.3000000000000003,62.8,104.9
-27.3,28.586944,05-10-2011,66.3,29.55,14.099999,3.8,168.1,1.1999999,3.3000000000000003,63.4,104.700005
-30.830556,26.921389,06-10-2011,44.1,31.8,14.36,2.4,190.3,1.6899999,2.2,42.100002,148.2
-30.679722,26.7125,06-10-2011,43.7,32.96,14.92,1.9,195.0,1.89,2.2,41.7,153.3
-30.160091,27.40124,06-10-2011,61.5,31.189999,14.969999,3.2,181.7,1.62,3.1,58.9,122.8
-30.336111,27.359444,06-10-2011,58.5,31.13,14.58,3.4,182.7,1.5999999,2.9000000000000004,56.0,126.700005
-31.000833,26.353056,07-10-2011,38.900000000000006,31.48,13.88,1.8000001,196.2,1.7199999,1.9000000000000001,37.100002,159.1
-28.460833,21.248889,07-10-2011,18.5,37.95,19.5,0.0,249.2,3.1999998,0.9,17.6,231.6
-28.760833,17.730278,08-10-2011,0.4,37.14,21.439999,0.0,249.8,3.1,0.0,0.4,249.40001
-27.602222,29.942778,08-10-2011,90.5,29.97,15.089999,3.8,167.3,1.11,4.5,86.3,81.0
-27.169444,29.233889,10-10-2011,70.5,28.599998,13.41,3.6000001,162.0,1.02,3.5,67.3,94.700005
-27.01011111,26.69808333,11-10-2011,46.800000000000004,32.01,16.199999,2.0,189.3,1.5999999,2.3000000000000003,44.600002,144.7
-24.183889,30.823889,11-10-2011,71.7,33.38,20.47,6.4,170.0,1.51,3.6,68.6,101.4
-25.127778,27.628889,11-10-2011,56.5,33.51,18.449999,5.6,187.5,1.65,2.8000000000000003,54.2,133.3
-25.20639,27.558,11-10-2011,55.7,33.239998,18.26,5.9,185.90001,1.5999999,2.8000000000000003,53.4,132.5
-24.69514,27.40906,11-10-2011,54.800000000000004,33.57,19.47,6.4,187.7,1.7099999,2.7,52.600002,135.1
-25.73411,27.21422,11-10-2011,61.900000000000006,31.17,15.71,4.5,176.7,1.38,3.1,59.3,117.4
-27.363611,31.783333,11-10-2011,72.10000000000001,32.7,19.74,9.7,162.8,1.27,3.6,69.4,93.4
-26.648056,27.089444,11-10-2011,51.400000000000006,30.83,15.46,3.1000001,179.7,1.39,2.6,49.100002,130.6
-26.970278,27.211111,11-10-2011,53.1,31.05,15.639999,3.2,181.3,1.4499999,2.7,50.8,130.5
-26.880278,26.965,11-10-2011,50.0,31.41,15.87,3.0,182.1,1.48,2.5,47.8,134.3
-26.98472222,26.63227778,11-10-2011,47.300000000000004,32.17,16.449999,2.3,188.5,1.63,2.4000000000000004,45.100002,143.40001
-27.573056,24.746389,11-10-2011,46.1,35.42,17.34,0.4,215.5,2.3,2.3000000000000003,43.8,171.7
-29.028629,24.638389,11-10-2011,44.0,35.73,17.18,0.1,218.40001,2.52,2.2,41.8,176.6
-30.160091,27.40124,11-10-2011,61.5,31.189999,14.969999,3.2,181.7,1.62,3.1,58.9,122.8
-33.31388889,19.07472222,11-10-2011,4.1000000000000005,32.809998,17.43,8.8,216.90001,1.77,0.2,5.3,211.6
-29.161667,23.696389,12-10-2011,33.1,36.809998,17.97,0.1,226.6,2.75,1.7000000000000002,31.4,195.2
-24.058889,31.237222,12-10-2011,68.9,33.489998,20.5,1.3000001,171.8,1.48,3.4000000000000004,65.5,106.3
-26.905,32.324722,12-10-2011,80.10000000000001,34.51,20.92,8.8,169.7,1.48,4.0,76.700005,93.0
-26.73806,27.59194,12-10-2011,59.300000000000004,30.199999,15.29,3.7,174.5,1.3199999,3.0,56.7,117.8
-31.000833,26.353056,12-10-2011,38.900000000000006,31.48,13.88,1.8000001,196.2,1.7199999,1.9000000000000001,37.100002,159.1
-30.679722,26.7125,12-10-2011,43.7,32.96,14.92,1.9,195.0,1.89,2.2,41.7,153.3
-33.7075,18.97444444,12-10-2011,5.2,32.05,18.16,10.0,212.8,1.5999999,0.30000000000000004,6.7000003,206.1
-24.679167,30.8025,13-10-2011,121.60000000000001,27.76,15.78,14.6,151.40001,0.88,6.1000000000000005,117.6,33.8
-34.250556,20.9925,13-10-2011,11.100000000000001,30.519999,18.24,8.6,186.8,1.1999999,0.6000000000000001,12.1,174.7
-34.031944,22.053333,13-10-2011,17.400000000000002,28.119999,17.58,6.0,166.40001,0.89,0.9,17.5,148.90001
-34.039722,22.133333,13-10-2011,18.1,27.91,17.97,6.3,164.8,0.84999996,0.9,18.300001,146.5
-34.02861,22.22222,14-10-2011,18.8,27.289999,17.75,6.6,162.2,0.78,0.9,19.0,143.2
-27.01011111,26.69808333,17-10-2011,46.800000000000004,32.01,16.199999,2.0,189.3,1.5999999,2.3000000000000003,44.600002,144.7
-25.99136,27.84208,17-10-2011,73.3,30.16,16.039999,4.4,173.1,1.28,3.7,70.1,103.0
-26.861111,28.884722,17-10-2011,69.8,28.96,13.759999,4.7000003,164.90001,1.09,3.5,66.8,98.1
-26.73806,27.59194,17-10-2011,59.300000000000004,30.199999,15.29,3.7,174.5,1.3199999,3.0,56.7,117.8
-26.98472222,26.63227778,17-10-2011,47.300000000000004,32.17,16.449999,2.3,188.5,1.63,2.4000000000000004,45.100002,143.40001
-29.042222,24.6,17-10-2011,42.900000000000006,35.829998,17.31,0.1,219.5,2.55,2.1,40.8,178.7
-29.380556,30.2775,18-10-2011,87.4,27.92,15.0199995,8.0,144.1,0.82,4.4,84.0,60.100002
-27.00222,28.76528,18-10-2011,67.3,29.289999,13.94,4.5,166.1,1.14,3.4000000000000004,64.4,101.700005
-26.648056,27.089444,18-10-2011,51.400000000000006,30.83,15.46,3.1000001,179.7,1.39,2.6,49.100002,130.6
-26.970278,27.211111,18-10-2011,53.1,31.05,15.639999,3.2,181.3,1.4499999,2.7,50.8,130.5
-26.880278,26.965,18-10-2011,50.0,31.41,15.87,3.0,182.1,1.48,2.5,47.8,134.3
-28.141944,26.417778,18-10-2011,51.1,32.64,16.09,2.3,196.40001,1.8199999,2.6,48.8,147.6
-31.436944,20.474722,18-10-2011,5.6000000000000005,34.1,15.87,0.0,228.40001,2.4299998,0.30000000000000004,5.3,223.1
-33.501667,21.624167,18-10-2011,12.4,30.84,14.75,0.1,193.40001,1.4599999,0.6000000000000001,11.8,181.6
-33.818056,19.694722,18-10-2011,6.300000000000001,32.1,17.22,5.3,212.1,1.61,0.30000000000000004,6.8,205.3
-25.45963889,28.26430556,18-10-2011,70.0,31.91,17.05,4.7000003,177.0,1.43,3.5,67.0,110.0
-28.7115,24.07288889,19-10-2011,42.400000000000006,36.649998,17.63,0.3,223.2,2.6799998,2.1,40.3,182.90001
-25.81048333,27.90955222,19-10-2011,72.10000000000001,31.07,17.01,4.6,176.0,1.38,3.6,69.0,107.0
-26.006389,29.253889,19-10-2011,83.80000000000001,28.64,13.95,5.0,159.90001,1.03,4.2,80.1,79.8
-29.1825,23.575556,19-10-2011,31.5,36.76,18.18,0.1,226.2,2.77,1.6,29.9,196.3
-34.075556,20.145556,19-10-2011,7.9,31.73,18.109999,5.4,197.40001,1.53,0.4,8.3,189.1
-27.5275,30.858056,20-10-2011,98.5,29.06,15.92,6.5,157.2,0.94,4.9,94.200005,63.0
-28.404444,30.013056,20-10-2011,90.7,30.97,16.17,3.2,165.40001,1.25,4.5,86.4,79.0
-27.38972222,26.46388889,20-10-2011,45.900000000000006,32.719997,16.57,2.4,197.5,1.76,2.3000000000000003,43.8,153.7
-29.028629,24.638389,20-10-2011,44.0,35.73,17.18,0.1,218.40001,2.52,2.2,41.8,176.6
-28.058889,30.373611,20-10-2011,91.10000000000001,29.38,14.87,3.9,160.6,1.01,4.6000000000000005,86.8,73.8
-25.57877778,29.12747222,20-10-2011,76.3,31.23,16.02,4.4,172.40001,1.3299999,3.8000000000000003,72.9,99.5
-27.937778,31.209444,21-10-2011,80.9,30.64,17.89,2.8,161.7,1.1,4.0,76.9,84.8
-28.760833,17.730278,22-10-2011,0.4,37.14,21.439999,0.0,249.8,3.1,0.0,0.4,249.40001
-24.058889,31.237222,24-10-2011,68.9,33.489998,20.5,1.3000001,171.8,1.48,3.4000000000000004,65.5,106.3
-29.7775,29.470833,24-10-2011,94.80000000000001,26.75,13.2699995,7.2000003,144.7,0.84999996,4.7,91.700005,53.0
-29.987778,29.851667,24-10-2011,66.8,28.16,15.29,9.5,144.90001,0.91999996,3.3000000000000003,64.8,80.1
-29.744167,29.905833,24-10-2011,68.9,29.099998,15.889999,7.8,150.0,1.04,3.4000000000000004,66.4,83.6
-27.169444,29.233889,24-10-2011,70.5,28.599998,13.41,3.6000001,162.0,1.02,3.5,67.3,94.700005
-26.73806,27.59194,24-10-2011,59.300000000000004,30.199999,15.29,3.7,174.5,1.3199999,3.0,56.7,117.8
-26.45,28.085833,24-10-2011,65.2,29.74,14.88,4.1,170.6,1.23,3.3000000000000003,62.4,108.200005
-34.065833,20.404167,25-10-2011,7.800000000000001,32.43,18.84,5.4,194.90001,1.5999999,0.4,8.3,186.6
-25.127778,27.628889,25-10-2011,56.5,33.51,18.449999,5.6,187.5,1.65,2.8000000000000003,54.2,133.3
-25.20639,27.558,25-10-2011,55.7,33.239998,18.26,5.9,185.90001,1.5999999,2.8000000000000003,53.4,132.5
-24.69514,27.40906,25-10-2011,54.800000000000004,33.57,19.47,6.4,187.7,1.7099999,2.7,52.600002,135.1
-25.73411,27.21422,25-10-2011,61.900000000000006,31.17,15.71,4.5,176.7,1.38,3.1,59.3,117.4
-22.769722,30.886944,25-10-2011,70.0,33.32,20.0,5.2000003,174.6,1.5,3.5,66.8,107.8
-28.747778,31.745833,25-10-2011,124.2,31.82,20.77,5.8,160.90001,1.0799999,6.2,118.6,42.3
-30.733889,29.828333,25-10-2011,55.300000000000004,28.449999,17.699999,20.5,142.2,0.91999996,2.8000000000000003,65.1,77.1
-31.104278,29.399722,25-10-2011,50.6,28.789999,18.49,14.8,148.3,0.96999997,2.5,54.9,93.4
-30.77586667,29.03221667,25-10-2011,55.0,29.039999,16.55,5.8,154.1,1.11,2.8000000000000003,53.100002,101.0
-31.396,29.2651,25-10-2011,49.2,29.22,19.869999,14.8,149.90001,0.97999996,2.5,55.9,94.0
-31.554722,29.245556,25-10-2011,50.5,27.9,18.779999,17.7,142.40001,0.78999996,2.5,66.5,75.9
-34.092222,21.295278,25-10-2011,12.600000000000001,30.72,17.33,4.6,181.40001,1.25,0.6000000000000001,12.7,168.7
-27.495556,26.074722,25-10-2011,43.800000000000004,32.829998,16.029999,2.6000001,200.7,1.78,2.2,41.9,158.8
-30.398056,30.601944,26-10-2011,58.2,29.439999,21.31,26.800001,148.3,0.89,2.9000000000000004,77.5,70.8
-30.27402,30.69602,26-10-2011,59.7,29.38,21.119999,22.300001,148.0,0.87,3.0,68.6,79.4
-30.568333,29.422778,26-10-2011,58.800000000000004,27.689999,13.95,7.4,146.90001,0.93,2.9000000000000004,56.9,90.0
-30.86013889,29.07125,26-10-2011,52.5,29.109999,16.94,6.1,153.2,1.1,2.6,50.8,102.4
-30.570833,29.150556,26-10-2011,62.300000000000004,27.46,13.82,5.7000003,148.90001,0.96,3.1,59.9,89.0
-33.897778,20.012778,26-10-2011,6.800000000000001,32.329998,17.58,4.3,199.8,1.62,0.30000000000000004,7.1,192.7
-25.447222,30.711667,26-10-2011,94.9,30.14,17.51,14.3,160.3,1.1,4.7,91.6,68.700005
-30.13573889,30.67422222,27-10-2011,72.9,29.699999,21.119999,11.1,148.7,0.91999996,3.6,71.3,77.4
-31.031389,28.883333,27-10-2011,52.5,28.65,16.4,6.2000003,150.7,1.05,2.6,50.7,100.0
-34.405833,19.600556,27-10-2011,8.9,27.539999,17.19,7.7000003,174.1,0.93,0.4,9.8,164.3
-27.398611,26.614722,28-10-2011,46.800000000000004,32.61,16.47,2.3,195.8,1.73,2.3000000000000003,44.7,151.1
-27.902778,24.615556,28-10-2011,46.300000000000004,36.03,17.77,0.3,221.90001,2.47,2.3000000000000003,44.0,177.90001
-29.803611,30.516111,28-10-2011,96.9,28.98,17.949999,9.8,143.8,0.89,4.800000000000001,93.4,50.4
-25.99136,27.84208,31-10-2011,73.3,30.16,16.039999,4.4,173.1,1.28,3.7,70.1,103.0
-26.861111,28.884722,31-10-2011,69.8,28.96,13.759999,4.7000003,164.90001,1.09,3.5,66.8,98.1
-26.45,28.085833,31-10-2011,65.2,29.74,14.88,4.1,170.6,1.23,3.3000000000000003,62.4,108.200005
-32.502778,19.535833,31-10-2011,2.2,34.87,17.039999,1.2,229.8,2.31,0.1,2.2,227.6
-31.860278,18.6875,01-11-2011,1.6,33.5,17.119999,0.8,231.8,1.99,0.1,1.6,230.2
-28.735556,29.820556,01-11-2011,91.7,31.519999,16.41,3.0,164.1,1.3,4.6000000000000005,87.3,76.8
-27.00222,28.76528,01-11-2011,67.3,29.289999,13.94,4.5,166.1,1.14,3.4000000000000004,64.4,101.700005
-26.880278,26.965,01-11-2011,50.0,31.41,15.87,3.0,182.1,1.48,2.5,47.8,134.3
-27.38972222,26.46388889,01-11-2011,45.900000000000006,32.719997,16.57,2.4,197.5,1.76,2.3000000000000003,43.8,153.7
-29.160278,26.573333,01-11-2011,55.6,33.16,15.32,2.2,200.0,1.9399999,2.8000000000000003,53.100002,146.90001
-30.679722,26.7125,01-11-2011,43.7,32.96,14.92,1.9,195.0,1.89,2.2,41.7,153.3
-25.45963889,28.26430556,01-11-2011,70.0,31.91,17.05,4.7000003,177.0,1.43,3.5,67.0,110.0
-28.338333,31.373611,01-11-2011,101.30000000000001,30.929998,18.63,2.8,157.5,1.1,5.1000000000000005,96.4,61.100002
-25.81048333,27.90955222,02-11-2011,72.10000000000001,31.07,17.01,4.6,176.0,1.38,3.6,69.0,107.0
-29.641944,30.6875,02-11-2011,123.5,30.06,19.51,9.2,148.0,0.96999997,6.2,118.5,29.5
-28.69485,28.23487,02-11-2011,72.60000000000001,28.76,13.599999,2.8,165.0,1.1999999,3.6,69.3,95.700005
-29.615556,27.065278,02-11-2011,64.4,31.75,14.86,2.3,188.5,1.73,3.2,61.5,127.0
-29.161667,23.696389,03-11-2011,33.1,36.809998,17.97,0.1,226.6,2.75,1.7000000000000002,31.4,195.2
-28.44555556,32.325,03-11-2011,133.70000000000002,31.06,21.189999,13.7,159.2,0.95,6.7,130.5,28.7
-27.602222,29.942778,03-11-2011,90.5,29.97,15.089999,3.8,167.3,1.11,4.5,86.3,81.0
-30.160091,27.40124,03-11-2011,61.5,31.189999,14.969999,3.2,181.7,1.62,3.1,58.9,122.8
-30.336111,27.359444,03-11-2011,58.5,31.13,14.58,3.4,182.7,1.5999999,2.9000000000000004,56.0,126.700005
-28.883333,27.89,03-11-2011,73.7,29.869999,14.219999,3.0,170.6,1.36,3.7,70.4,100.200005
-29.1825,23.575556,03-11-2011,31.5,36.76,18.18,0.1,226.2,2.77,1.6,29.9,196.3
-32.595833,19.009444,03-11-2011,2.3000000000000003,34.62,17.34,5.5,231.3,2.11,0.1,2.8,228.5
-28.7115,24.07288889,04-11-2011,42.400000000000006,36.649998,17.63,0.3,223.2,2.6799998,2.1,40.3,182.90001
-30.830556,26.921389,04-11-2011,44.1,31.8,14.36,2.4,190.3,1.6899999,2.2,42.100002,148.2
-27.573056,24.746389,04-11-2011,46.1,35.42,17.34,0.4,215.5,2.3,2.3000000000000003,43.8,171.7
-30.679722,26.7125,04-11-2011,43.7,32.96,14.92,1.9,195.0,1.89,2.2,41.7,153.3
-28.69485,28.23487,04-11-2011,72.60000000000001,28.76,13.599999,2.8,165.0,1.1999999,3.6,69.3,95.700005
-28.760833,17.730278,05-11-2011,0.4,37.14,21.439999,0.0,249.8,3.1,0.0,0.4,249.40001
-29.658056,25.973333,05-11-2011,45.6,33.12,15.2,1.9,201.6,2.01,2.3000000000000003,43.5,158.1
-31.000833,26.353056,05-11-2011,38.900000000000006,31.48,13.88,1.8000001,196.2,1.7199999,1.9000000000000001,37.100002,159.1
-27.169444,29.233889,07-11-2011,70.5,28.599998,13.41,3.6000001,162.0,1.02,3.5,67.3,94.700005
-26.73806,27.59194,07-11-2011,59.300000000000004,30.199999,15.29,3.7,174.5,1.3199999,3.0,56.7,117.8
-27.01011111,26.69808333,08-11-2011,46.800000000000004,32.01,16.199999,2.0,189.3,1.5999999,2.3000000000000003,44.600002,144.7
-24.679167,30.8025,08-11-2011,121.60000000000001,27.76,15.78,14.6,151.40001,0.88,6.1000000000000005,117.6,33.8
-24.183889,30.823889,08-11-2011,71.7,33.38,20.47,6.4,170.0,1.51,3.6,68.6,101.4
-25.127778,27.628889,08-11-2011,56.5,33.51,18.449999,5.6,187.5,1.65,2.8000000000000003,54.2,133.3
-25.20639,27.558,08-11-2011,55.7,33.239998,18.26,5.9,185.90001,1.5999999,2.8000000000000003,53.4,132.5
-24.69514,27.40906,08-11-2011,54.800000000000004,33.57,19.47,6.4,187.7,1.7099999,2.7,52.600002,135.1
-27.363611,31.783333,08-11-2011,72.10000000000001,32.7,19.74,9.7,162.8,1.27,3.6,69.4,93.4
-29.380556,30.2775,08-11-2011,87.4,27.92,15.0199995,8.0,144.1,0.82,4.4,84.0,60.100002
-26.98472222,26.63227778,08-11-2011,47.300000000000004,32.17,16.449999,2.3,188.5,1.63,2.4000000000000004,45.100002,143.40001
-27.398611,26.614722,08-11-2011,46.800000000000004,32.61,16.47,2.3,195.8,1.73,2.3000000000000003,44.7,151.1
-27.671111,27.236944,08-11-2011,52.400000000000006,31.789999,15.45,2.4,188.3,1.5899999,2.6,50.0,138.3
-27.495556,26.074722,08-11-2011,43.800000000000004,32.829998,16.029999,2.6000001,200.7,1.78,2.2,41.9,158.8
-24.058889,31.237222,09-11-2011,68.9,33.489998,20.5,1.3000001,171.8,1.48,3.4000000000000004,65.5,106.3
-27.02314,28.59389,09-11-2011,66.10000000000001,29.64,14.24,4.4,168.3,1.1999999,3.3000000000000003,63.2,105.1
-26.648056,27.089444,09-11-2011,51.400000000000006,30.83,15.46,3.1000001,179.7,1.39,2.6,49.100002,130.6
-27.273889,28.49,09-11-2011,65.5,29.609999,14.24,4.0,168.40001,1.22,3.3000000000000003,62.600002,105.8
-27.4275,28.525833,09-11-2011,65.7,29.519999,13.969999,3.5,167.7,1.1999999,3.3000000000000003,62.8,104.9
-27.3,28.586944,09-11-2011,66.3,29.55,14.099999,3.8,168.1,1.1999999,3.3000000000000003,63.4,104.700005
-29.161667,30.629722,10-11-2011,118.5,28.01,16.109999,7.4,144.3,0.81,5.9,113.5,30.800001
-33.38056,19.30167,10-11-2011,5.300000000000001,30.51,14.86,7.0,206.7,1.54,0.30000000000000004,6.2000003,200.5
-33.31388889,19.07472222,10-11-2011,4.1000000000000005,32.809998,17.43,8.8,216.90001,1.77,0.2,5.3,211.6
-33.13083,18.86278,10-11-2011,3.4000000000000004,33.37,18.369999,6.7000003,210.1,1.87,0.2,4.1,206.0
-33.7075,18.97444444,10-11-2011,5.2,32.05,18.16,10.0,212.8,1.5999999,0.30000000000000004,6.7000003,206.1
-28.75,30.442778,11-11-2011,78.5,32.469997,18.25,3.1000001,166.6,1.37,3.9000000000000004,74.8,91.8
-30.733889,29.828333,11-11-2011,55.300000000000004,28.449999,17.699999,20.5,142.2,0.91999996,2.8000000000000003,65.1,77.1
-27.5275,30.858056,12-11-2011,98.5,29.06,15.92,6.5,157.2,0.94,4.9,94.200005,63.0
-24.670833,28.560833,14-11-2011,63.5,31.769999,17.02,6.0,173.6,1.38,3.2,60.9,112.700005
-25.99136,27.84208,14-11-2011,73.3,30.16,16.039999,4.4,173.1,1.28,3.7,70.1,103.0
-24.925278,29.324444,14-11-2011,57.5,33.04,18.31,3.6000001,177.1,1.52,2.9000000000000004,55.0,122.1
-24.282222,28.090278,15-11-2011,75.10000000000001,31.59,17.359999,6.0,170.3,1.4,3.8000000000000003,71.9,98.4
-29.380556,30.2775,15-11-2011,87.4,27.92,15.0199995,8.0,144.1,0.82,4.4,84.0,60.100002
-27.00222,28.76528,15-11-2011,67.3,29.289999,13.94,4.5,166.1,1.14,3.4000000000000004,64.4,101.700005
-26.648056,27.089444,15-11-2011,51.400000000000006,30.83,15.46,3.1000001,179.7,1.39,2.6,49.100002,130.6
-34.031944,22.053333,15-11-2011,17.400000000000002,28.119999,17.58,6.0,166.40001,0.89,0.9,17.5,148.90001
-34.039722,22.133333,15-11-2011,18.1,27.91,17.97,6.3,164.8,0.84999996,0.9,18.300001,146.5
-25.45963889,28.26430556,15-11-2011,70.0,31.91,17.05,4.7000003,177.0,1.43,3.5,67.0,110.0
-29.161667,23.696389,16-11-2011,33.1,36.809998,17.97,0.1,226.6,2.75,1.7000000000000002,31.4,195.2
-25.81048333,27.90955222,16-11-2011,72.10000000000001,31.07,17.01,4.6,176.0,1.38,3.6,69.0,107.0
-22.935,28.004167,16-11-2011,38.300000000000004,34.07,20.32,0.3,178.0,1.8499999,1.9000000000000001,36.4,141.6
-34.065833,20.404167,16-11-2011,7.800000000000001,32.43,18.84,5.4,194.90001,1.5999999,0.4,8.3,186.6
-27.937778,31.209444,16-11-2011,80.9,30.64,17.89,2.8,161.7,1.1,4.0,76.9,84.8
-28.404444,30.013056,16-11-2011,90.7,30.97,16.17,3.2,165.40001,1.25,4.5,86.4,79.0
-28.141944,26.417778,16-11-2011,51.1,32.64,16.09,2.3,196.40001,1.8199999,2.6,48.8,147.6
-30.160091,27.40124,16-11-2011,61.5,31.189999,14.969999,3.2,181.7,1.62,3.1,58.9,122.8
-34.02861,22.22222,16-11-2011,18.8,27.289999,17.75,6.6,162.2,0.78,0.9,19.0,143.2
-33.818056,19.694722,16-11-2011,6.300000000000001,32.1,17.22,5.3,212.1,1.61,0.30000000000000004,6.8,205.3
-34.075556,20.145556,16-11-2011,7.9,31.73,18.109999,5.4,197.40001,1.53,0.4,8.3,189.1
-34.005833,22.351111,16-11-2011,21.6,26.74,17.779999,7.0,158.6,0.74,1.1,21.800001,136.8
-28.058889,30.373611,16-11-2011,91.10000000000001,29.38,14.87,3.9,160.6,1.01,4.6000000000000005,86.8,73.8
-22.91028,29.61111,17-11-2011,59.1,32.18,19.05,1.2,163.1,1.4599999,3.0,56.2,106.9
-27.38972222,26.46388889,17-11-2011,45.900000000000006,32.719997,16.57,2.4,197.5,1.76,2.3000000000000003,43.8,153.7
-27.398611,26.614722,17-11-2011,46.800000000000004,32.61,16.47,2.3,195.8,1.73,2.3000000000000003,44.7,151.1
-27.671111,27.236944,17-11-2011,52.400000000000006,31.789999,15.45,2.4,188.3,1.5899999,2.6,50.0,138.3
-33.897778,20.012778,17-11-2011,6.800000000000001,32.329998,17.58,4.3,199.8,1.62,0.30000000000000004,7.1,192.7
-27.902778,24.615556,18-11-2011,46.300000000000004,36.03,17.77,0.3,221.90001,2.47,2.3000000000000003,44.0,177.90001
-28.760833,17.730278,19-11-2011,0.4,37.14,21.439999,0.0,249.8,3.1,0.0,0.4,249.40001
-29.161667,23.696389,21-11-2011,33.1,36.809998,17.97,0.1,226.6,2.75,1.7000000000000002,31.4,195.2
-27.01011111,26.69808333,21-11-2011,46.800000000000004,32.01,16.199999,2.0,189.3,1.5999999,2.3000000000000003,44.600002,144.7
-29.7775,29.470833,21-11-2011,94.80000000000001,26.75,13.2699995,7.2000003,144.7,0.84999996,4.7,91.700005,53.0
-29.744167,29.905833,21-11-2011,68.9,29.099998,15.889999,7.8,150.0,1.04,3.4000000000000004,66.4,83.6
-26.861111,28.884722,21-11-2011,69.8,28.96,13.759999,4.7000003,164.90001,1.09,3.5,66.8,98.1
-26.45,28.085833,21-11-2011,65.2,29.74,14.88,4.1,170.6,1.23,3.3000000000000003,62.4,108.200005
-26.98472222,26.63227778,21-11-2011,47.300000000000004,32.17,16.449999,2.3,188.5,1.63,2.4000000000000004,45.100002,143.40001
-31.554722,29.245556,21-11-2011,50.5,27.9,18.779999,17.7,142.40001,0.78999996,2.5,66.5,75.9
-25.127778,27.628889,22-11-2011,56.5,33.51,18.449999,5.6,187.5,1.65,2.8000000000000003,54.2,133.3
-25.20639,27.558,22-11-2011,55.7,33.239998,18.26,5.9,185.90001,1.5999999,2.8000000000000003,53.4,132.5
-24.69514,27.40906,22-11-2011,54.800000000000004,33.57,19.47,6.4,187.7,1.7099999,2.7,52.600002,135.1
-29.987778,29.851667,22-11-2011,66.8,28.16,15.29,9.5,144.90001,0.91999996,3.3000000000000003,64.8,80.1
-27.169444,29.233889,22-11-2011,70.5,28.599998,13.41,3.6000001,162.0,1.02,3.5,67.3,94.700005
-26.970278,27.211111,22-11-2011,53.1,31.05,15.639999,3.2,181.3,1.4499999,2.7,50.8,130.5
-26.880278,26.965,22-11-2011,50.0,31.41,15.87,3.0,182.1,1.48,2.5,47.8,134.3
-31.394444,20.947222,22-11-2011,6.9,34.52,16.84,0.0,234.0,2.53,0.30000000000000004,6.6,227.40001
-29.651389,22.746389,22-11-2011,21.6,36.86,19.59,0.0,230.6,2.9299998,1.1,20.6,210.0
-27.495556,26.074722,22-11-2011,43.800000000000004,32.829998,16.029999,2.6000001,200.7,1.78,2.2,41.9,158.8
-23.658056,31.05,23-11-2011,58.300000000000004,33.76,20.65,1.2,173.0,1.55,2.9000000000000004,55.4,117.6
-28.747778,31.745833,23-11-2011,124.2,31.82,20.77,5.8,160.90001,1.0799999,6.2,118.6,42.3
-28.801278,31.955389,23-11-2011,111.0,31.48,20.939999,9.400001,161.2,0.97999996,5.6000000000000005,107.1,54.100002
-30.398056,30.601944,23-11-2011,58.2,29.439999,21.31,26.800001,148.3,0.89,2.9000000000000004,77.5,70.8
-30.27402,30.69602,23-11-2011,59.7,29.38,21.119999,22.300001,148.0,0.87,3.0,68.6,79.4
-28.69485,28.23487,23-11-2011,72.60000000000001,28.76,13.599999,2.8,165.0,1.1999999,3.6,69.3,95.700005
-30.568333,29.422778,23-11-2011,58.800000000000004,27.689999,13.95,7.4,146.90001,0.93,2.9000000000000004,56.9,90.0
-30.13573889,30.67422222,24-11-2011,72.9,29.699999,21.119999,11.1,148.7,0.91999996,3.6,71.3,77.4
-27.573056,24.746389,24-11-2011,46.1,35.42,17.34,0.4,215.5,2.3,2.3000000000000003,43.8,171.7
-31.031389,28.883333,24-11-2011,52.5,28.65,16.4,6.2000003,150.7,1.05,2.6,50.7,100.0
-30.86013889,29.07125,24-11-2011,52.5,29.109999,16.94,6.1,153.2,1.1,2.6,50.8,102.4
-30.77586667,29.03221667,24-11-2011,55.0,29.039999,16.55,5.8,154.1,1.11,2.8000000000000003,53.100002,101.0
-27.902778,24.615556,25-11-2011,46.300000000000004,36.03,17.77,0.3,221.90001,2.47,2.3000000000000003,44.0,177.90001
-29.803611,30.516111,25-11-2011,96.9,28.98,17.949999,9.8,143.8,0.89,4.800000000000001,93.4,50.4
-25.99136,27.84208,28-11-2011,73.3,30.16,16.039999,4.4,173.1,1.28,3.7,70.1,103.0
-30.398056,30.601944,28-11-2011,58.2,29.439999,21.31,26.800001,148.3,0.89,2.9000000000000004,77.5,70.8
-30.27402,30.69602,28-11-2011,59.7,29.38,21.119999,22.300001,148.0,0.87,3.0,68.6,79.4
-27.169444,29.233889,28-11-2011,70.5,28.599998,13.41,3.6000001,162.0,1.02,3.5,67.3,94.700005
-26.861111,28.884722,28-11-2011,69.8,28.96,13.759999,4.7000003,164.90001,1.09,3.5,66.8,98.1
-26.73806,27.59194,28-11-2011,59.300000000000004,30.199999,15.29,3.7,174.5,1.3199999,3.0,56.7,117.8
-29.160278,26.573333,28-11-2011,55.6,33.16,15.32,2.2,200.0,1.9399999,2.8000000000000003,53.100002,146.90001
-28.735556,29.820556,29-11-2011,91.7,31.519999,16.41,3.0,164.1,1.3,4.6000000000000005,87.3,76.8
-30.679722,26.7125,29-11-2011,43.7,32.96,14.92,1.9,195.0,1.89,2.2,41.7,153.3
-28.69485,28.23487,29-11-2011,72.60000000000001,28.76,13.599999,2.8,165.0,1.1999999,3.6,69.3,95.700005
-29.615556,27.065278,29-11-2011,64.4,31.75,14.86,2.3,188.5,1.73,3.2,61.5,127.0
-28.883333,27.89,29-11-2011,73.7,29.869999,14.219999,3.0,170.6,1.36,3.7,70.4,100.200005
-25.45963889,28.26430556,29-11-2011,70.0,31.91,17.05,4.7000003,177.0,1.43,3.5,67.0,110.0
-25.81048333,27.90955222,30-11-2011,72.10000000000001,31.07,17.01,4.6,176.0,1.38,3.6,69.0,107.0
-29.641944,30.6875,30-11-2011,123.5,30.06,19.51,9.2,148.0,0.96999997,6.2,118.5,29.5
-27.602222,29.942778,30-11-2011,90.5,29.97,15.089999,3.8,167.3,1.11,4.5,86.3,81.0
-27.02314,28.59389,30-11-2011,66.10000000000001,29.64,14.24,4.4,168.3,1.1999999,3.3000000000000003,63.2,105.1
-27.273889,28.49,30-11-2011,65.5,29.609999,14.24,4.0,168.40001,1.22,3.3000000000000003,62.600002,105.8
-27.4275,28.525833,30-11-2011,65.7,29.519999,13.969999,3.5,167.7,1.1999999,3.3000000000000003,62.8,104.9
-27.3,28.586944,30-11-2011,66.3,29.55,14.099999,3.8,168.1,1.1999999,3.3000000000000003,63.4,104.700005
-30.160091,27.40124,30-11-2011,61.5,31.189999,14.969999,3.2,181.7,1.62,3.1,58.9,122.8
-30.336111,27.359444,30-11-2011,58.5,31.13,14.58,3.4,182.7,1.5999999,2.9000000000000004,56.0,126.700005
-25.447222,30.711667,30-11-2011,94.9,30.14,17.51,14.3,160.3,1.1,4.7,91.6,68.700005
-30.830556,26.921389,01-12-2011,44.1,31.8,14.36,2.4,190.3,1.6899999,2.2,42.100002,148.2
-27.398611,26.614722,01-12-2011,46.800000000000004,32.61,16.47,2.3,195.8,1.73,2.3000000000000003,44.7,151.1
-31.000833,26.353056,01-12-2011,38.900000000000006,31.48,13.88,1.8000001,196.2,1.7199999,1.9000000000000001,37.100002,159.1
-29.658056,25.973333,02-12-2011,45.6,33.12,15.2,1.9,201.6,2.01,2.3000000000000003,43.5,158.1
-28.760833,17.730278,03-12-2011,0.4,37.14,21.439999,0.0,249.8,3.1,0.0,0.4,249.40001
-28.96362,19.15486,03-12-2011,2.4000000000000004,38.61,20.02,0.0,263.0,3.29,0.1,2.3,260.7
-24.679167,30.8025,06-12-2011,121.60000000000001,27.76,15.78,14.6,151.40001,0.88,6.1000000000000005,117.6,33.8
-24.183889,30.823889,06-12-2011,71.7,33.38,20.47,6.4,170.0,1.51,3.6,68.6,101.4
-25.127778,27.628889,06-12-2011,56.5,33.51,18.449999,5.6,187.5,1.65,2.8000000000000003,54.2,133.3
-25.20639,27.558,06-12-2011,55.7,33.239998,18.26,5.9,185.90001,1.5999999,2.8000000000000003,53.4,132.5
-24.69514,27.40906,06-12-2011,54.800000000000004,33.57,19.47,6.4,187.7,1.7099999,2.7,52.600002,135.1
-24.39619444,27.08983333,09-04-2014,163.4,32.489998,19.67,1.9,175.2,1.7199999,8.200000000000001,155.3,19.9
-29.380556,30.2775,06-12-2011,87.4,27.92,15.0199995,8.0,144.1,0.82,4.4,84.0,60.100002
-27.671111,27.236944,06-12-2011,52.400000000000006,31.789999,15.45,2.4,188.3,1.5899999,2.6,50.0,138.3
-29.658056,25.973333,06-12-2011,45.6,33.12,15.2,1.9,201.6,2.01,2.3000000000000003,43.5,158.1
-33.501667,21.624167,06-12-2011,12.4,30.84,14.75,0.1,193.40001,1.4599999,0.6000000000000001,11.8,181.6
-29.161667,23.696389,07-12-2011,33.1,36.809998,17.97,0.1,226.6,2.75,1.7000000000000002,31.4,195.2
-27.01011111,26.69808333,07-12-2011,46.800000000000004,32.01,16.199999,2.0,189.3,1.5999999,2.3000000000000003,44.600002,144.7
-29.641944,30.6875,07-12-2011,123.5,30.06,19.51,9.2,148.0,0.96999997,6.2,118.5,29.5
-24.282222,28.090278,07-12-2011,75.10000000000001,31.59,17.359999,6.0,170.3,1.4,3.8000000000000003,71.9,98.4
-24.058889,31.237222,07-12-2011,68.9,33.489998,20.5,1.3000001,171.8,1.48,3.4000000000000004,65.5,106.3
-26.45,28.085833,07-12-2011,65.2,29.74,14.88,4.1,170.6,1.23,3.3000000000000003,62.4,108.200005
-26.98472222,26.63227778,07-12-2011,47.300000000000004,32.17,16.449999,2.3,188.5,1.63,2.4000000000000004,45.100002,143.40001
-27.398611,26.614722,07-12-2011,46.800000000000004,32.61,16.47,2.3,195.8,1.73,2.3000000000000003,44.7,151.1
-28.69485,28.23487,07-12-2011,72.60000000000001,28.76,13.599999,2.8,165.0,1.1999999,3.6,69.3,95.700005
-29.1825,23.575556,07-12-2011,31.5,36.76,18.18,0.1,226.2,2.77,1.6,29.9,196.3
-27.4,26.624722,07-12-2011,46.800000000000004,32.61,16.47,2.3,195.8,1.73,2.3000000000000003,44.7,151.1
-27.00222,28.76528,08-12-2011,67.3,29.289999,13.94,4.5,166.1,1.14,3.4000000000000004,64.4,101.700005
-26.648056,27.089444,08-12-2011,51.400000000000006,30.83,15.46,3.1000001,179.7,1.39,2.6,49.100002,130.6
-26.970278,27.211111,08-12-2011,53.1,31.05,15.639999,3.2,181.3,1.4499999,2.7,50.8,130.5
-26.880278,26.965,08-12-2011,50.0,31.41,15.87,3.0,182.1,1.48,2.5,47.8,134.3
-27.902778,24.615556,09-12-2011,46.300000000000004,36.03,17.77,0.3,221.90001,2.47,2.3000000000000003,44.0,177.90001
-28.768056,20.720556,09-12-2011,12.3,37.969997,19.98,0.0,262.5,3.24,0.6000000000000001,11.7,250.8
-27.01011111,26.69808333,12-12-2011,46.800000000000004,32.01,16.199999,2.0,189.3,1.5999999,2.3000000000000003,44.600002,144.7
-25.99136,27.84208,12-12-2011,73.3,30.16,16.039999,4.4,173.1,1.28,3.7,70.1,103.0
-24.058889,31.237222,12-12-2011,68.9,33.489998,20.5,1.3000001,171.8,1.48,3.4000000000000004,65.5,106.3
-29.380556,30.2775,12-12-2011,87.4,27.92,15.0199995,8.0,144.1,0.82,4.4,84.0,60.100002
-26.861111,28.884722,12-12-2011,69.8,28.96,13.759999,4.7000003,164.90001,1.09,3.5,66.8,98.1
-26.73806,27.59194,12-12-2011,59.300000000000004,30.199999,15.29,3.7,174.5,1.3199999,3.0,56.7,117.8
-26.45,28.085833,12-12-2011,65.2,29.74,14.88,4.1,170.6,1.23,3.3000000000000003,62.4,108.200005
-26.98472222,26.63227778,12-12-2011,47.300000000000004,32.17,16.449999,2.3,188.5,1.63,2.4000000000000004,45.100002,143.40001
-24.925278,29.324444,13-12-2011,57.5,33.04,18.31,3.6000001,177.1,1.52,2.9000000000000004,55.0,122.1
-27.169444,29.233889,13-12-2011,70.5,28.599998,13.41,3.6000001,162.0,1.02,3.5,67.3,94.700005
-26.648056,27.089444,13-12-2011,51.400000000000006,30.83,15.46,3.1000001,179.7,1.39,2.6,49.100002,130.6
-26.970278,27.211111,13-12-2011,53.1,31.05,15.639999,3.2,181.3,1.4499999,2.7,50.8,130.5
-26.880278,26.965,13-12-2011,50.0,31.41,15.87,3.0,182.1,1.48,2.5,47.8,134.3
-29.615556,27.065278,13-12-2011,64.4,31.75,14.86,2.3,188.5,1.73,3.2,61.5,127.0
-31.396,29.2651,13-12-2011,49.2,29.22,19.869999,14.8,149.90001,0.97999996,2.5,55.9,94.0
-33.38056,19.30167,13-12-2011,5.300000000000001,30.51,14.86,7.0,206.7,1.54,0.30000000000000004,6.2000003,200.5
-33.31388889,19.07472222,13-12-2011,4.1000000000000005,32.809998,17.43,8.8,216.90001,1.77,0.2,5.3,211.6
-29.161667,23.696389,14-12-2011,33.1,36.809998,17.97,0.1,226.6,2.75,1.7000000000000002,31.4,195.2
-25.81048333,27.90955222,14-12-2011,72.10000000000001,31.07,17.01,4.6,176.0,1.38,3.6,69.0,107.0
-27.937778,31.209444,14-12-2011,80.9,30.64,17.89,2.8,161.7,1.1,4.0,76.9,84.8
-28.141944,26.417778,14-12-2011,51.1,32.64,16.09,2.3,196.40001,1.8199999,2.6,48.8,147.6
-28.1175,26.719444,14-12-2011,52.400000000000006,32.5,16.35,2.3,193.3,1.79,2.6,50.0,143.3
-30.568333,29.422778,14-12-2011,58.800000000000004,27.689999,13.95,7.4,146.90001,0.93,2.9000000000000004,56.9,90.0
-31.104278,29.399722,14-12-2011,50.6,28.789999,18.49,14.8,148.3,0.96999997,2.5,54.9,93.4
-28.058889,30.373611,14-12-2011,91.10000000000001,29.38,14.87,3.9,160.6,1.01,4.6000000000000005,86.8,73.8
-25.447222,30.711667,14-12-2011,94.9,30.14,17.51,14.3,160.3,1.1,4.7,91.6,68.700005
-27.5275,30.858056,15-12-2011,98.5,29.06,15.92,6.5,157.2,0.94,4.9,94.200005,63.0
-27.398611,26.614722,15-12-2011,46.800000000000004,32.61,16.47,2.3,195.8,1.73,2.3000000000000003,44.7,151.1
-27.671111,27.236944,15-12-2011,52.400000000000006,31.789999,15.45,2.4,188.3,1.5899999,2.6,50.0,138.3
-31.031389,28.883333,15-12-2011,52.5,28.65,16.4,6.2000003,150.7,1.05,2.6,50.7,100.0
-30.86013889,29.07125,15-12-2011,52.5,29.109999,16.94,6.1,153.2,1.1,2.6,50.8,102.4
-32.502778,19.535833,19-12-2011,2.2,34.87,17.039999,1.2,229.8,2.31,0.1,2.2,227.6
-29.161667,23.696389,20-12-2011,33.1,36.809998,17.97,0.1,226.6,2.75,1.7000000000000002,31.4,195.2
-29.160278,26.573333,20-12-2011,55.6,33.16,15.32,2.2,200.0,1.9399999,2.8000000000000003,53.100002,146.90001
-32.595833,19.009444,20-12-2011,2.3000000000000003,34.62,17.34,5.5,231.3,2.11,0.1,2.8,228.5
-33.13083,18.86278,20-12-2011,3.4000000000000004,33.37,18.369999,6.7000003,210.1,1.87,0.2,4.1,206.0
-28.69485,28.23487,21-12-2011,72.60000000000001,28.76,13.599999,2.8,165.0,1.1999999,3.6,69.3,95.700005
-28.883333,27.89,21-12-2011,73.7,29.869999,14.219999,3.0,170.6,1.36,3.7,70.4,100.200005
-29.1825,23.575556,21-12-2011,31.5,36.76,18.18,0.1,226.2,2.77,1.6,29.9,196.3
-33.7075,18.97444444,21-12-2011,5.2,32.05,18.16,10.0,212.8,1.5999999,0.30000000000000004,6.7000003,206.1
-27.573056,24.746389,22-12-2011,46.1,35.42,17.34,0.4,215.5,2.3,2.3000000000000003,43.8,171.7
-30.160091,27.40124,22-12-2011,61.5,31.189999,14.969999,3.2,181.7,1.62,3.1,58.9,122.8
-30.336111,27.359444,22-12-2011,58.5,31.13,14.58,3.4,182.7,1.5999999,2.9000000000000004,56.0,126.700005
-30.830556,26.921389,23-12-2011,44.1,31.8,14.36,2.4,190.3,1.6899999,2.2,42.100002,148.2
-29.658056,25.973333,23-12-2011,45.6,33.12,15.2,1.9,201.6,2.01,2.3000000000000003,43.5,158.1
-31.000833,26.353056,23-12-2011,38.900000000000006,31.48,13.88,1.8000001,196.2,1.7199999,1.9000000000000001,37.100002,159.1
-25.362222,31.956667,26-12-2011,87.30000000000001,32.44,19.26,10.6,156.6,1.16,4.4,83.8,72.8
-25.14944444,31.94055556,26-12-2011,84.7,32.6,19.63,8.900001,159.7,1.22,4.2,81.200005,78.5
-28.735556,29.820556,27-12-2011,91.7,31.519999,16.41,3.0,164.1,1.3,4.6000000000000005,87.3,76.8
-29.641944,30.6875,28-12-2011,123.5,30.06,19.51,9.2,148.0,0.96999997,6.2,118.5,29.5
-29.758889,30.935278,28-12-2011,132.4,29.67,20.76,8.900001,146.8,0.84999996,6.6000000000000005,126.9,19.9
-27.602222,29.942778,29-12-2011,90.5,29.97,15.089999,3.8,167.3,1.11,4.5,86.3,81.0
-30.398056,30.601944,29-12-2011,58.2,29.439999,21.31,26.800001,148.3,0.89,2.9000000000000004,77.5,70.8
-30.27402,30.69602,29-12-2011,59.7,29.38,21.119999,22.300001,148.0,0.87,3.0,68.6,79.4
-28.760833,17.730278,03-01-2012,12.600000000000001,36.41,21.55,0.0,203.3,3.02,0.6000000000000001,12.0,191.3
-25.99136,27.84208,03-01-2012,64.8,29.05,12.88,3.7,142.1,1.1899999,3.2,61.8,80.3
-26.861111,28.884722,03-01-2012,57.400000000000006,27.869999,11.099999,4.0,138.2,1.06,2.9000000000000004,54.9,83.3
-26.73806,27.59194,03-01-2012,50.1,28.599998,12.21,3.1000001,142.5,1.18,2.5,47.9,94.6
-26.45,28.085833,03-01-2012,60.300000000000004,28.289999,11.969999,3.5,141.2,1.13,3.0,57.5,83.700005
-27.671111,27.236944,03-01-2012,39.800000000000004,29.41,12.84,2.0,145.5,1.31,2.0,38.0,107.5
-27.01011111,26.69808333,04-01-2012,10.200000000000001,25.42,7.99,1.7,116.1,1.04,0.5,9.8,106.3
-25.127778,27.628889,04-01-2012,4.3,28.699999,10.559999,4.5,121.3,1.22,0.2,4.4,116.9
-25.20639,27.558,04-01-2012,4.800000000000001,28.519999,10.49,4.7000003,119.5,1.1999999,0.2,4.9,114.6
-24.69514,27.40906,04-01-2012,4.0,29.31,11.45,5.2000003,128.8,1.29,0.2,4.1,124.700005
-27.169444,29.233889,04-01-2012,6.0,23.4,5.3199997,2.9,101.700005,0.82,0.30000000000000004,5.9,95.8
-26.880278,26.965,04-01-2012,9.700000000000001,25.24,7.81,2.4,110.9,1.01,0.5,9.400001,101.5
-26.98472222,26.63227778,04-01-2012,10.3,25.59,8.179999,1.8000001,115.8,1.06,0.5,10.0,105.8
-27.398611,26.614722,04-01-2012,12.100000000000001,25.98,8.0199995,1.8000001,118.6,1.11,0.6000000000000001,11.7,106.9
-25.45963889,28.26430556,04-01-2012,4.6000000000000005,27.9,9.78,3.7,117.6,1.18,0.2,4.7000003,112.9
-27.495556,26.074722,04-01-2012,14.700000000000001,25.869999,7.5299997,2.0,117.8,1.09,0.7000000000000001,14.1,103.700005
-27.4,26.624722,04-01-2012,12.100000000000001,25.98,8.0199995,1.8000001,118.6,1.11,0.6000000000000001,11.7,106.9
-25.81048333,27.90955222,05-01-2012,0.0,24.93,5.77,3.3,88.200005,1.0699999,0.0,0.3,87.9
-29.161667,30.629722,05-01-2012,1.0,22.369999,7.8399997,5.1,67.700005,0.71999997,0.1,1.4,66.3
-27.00222,28.76528,05-01-2012,0.2,22.46,1.87,3.2,80.3,0.84999996,0.0,0.4,79.9
-27.02314,28.59389,05-01-2012,0.2,23.119999,2.4199998,3.2,81.5,0.91999996,0.0,0.4,81.1
-26.648056,27.089444,05-01-2012,0.1,23.789999,4.04,2.3,87.1,1.01,0.0,0.2,86.9
-26.970278,27.211111,05-01-2012,0.1,23.81,4.15,2.3,85.9,1.03,0.0,0.3,85.6
-27.273889,28.49,05-01-2012,0.2,22.49,1.6999999,2.8,80.4,0.85999995,0.0,0.4,80.0
-27.4275,28.525833,05-01-2012,0.2,22.189999,1.53,2.5,79.200005,0.83,0.0,0.4,78.8
-27.3,28.586944,05-01-2012,0.2,22.41,1.64,2.7,79.5,0.84999996,0.0,0.4,79.1
-28.376944,24.303056,05-01-2012,0.9,24.9,5.68,0.3,88.200005,1.17,0.0,0.90000004,87.3
-29.744167,29.905833,06-01-2012,33.9,20.439999,3.3899999,5.3,61.4,0.81,1.7000000000000002,32.600002,28.800001
-29.7775,29.470833,09-01-2012,27.6,22.76,5.49,4.7000003,107.5,1.03,1.4000000000000001,26.800001,80.700005
-29.987778,29.851667,09-01-2012,34.6,23.26,6.8399997,6.6,105.9,0.94,1.7000000000000002,33.5,72.4
-29.744167,29.905833,09-01-2012,32.300000000000004,23.74,7.19,4.4,105.5,0.97999996,1.6,30.9,74.6
-26.970278,27.211111,09-01-2012,25.3,25.189999,6.3399997,1.8000001,146.6,1.38,1.3,24.1,122.5
-30.733889,29.828333,10-01-2012,148.70000000000002,23.71,12.099999,41.3,107.4,0.78,7.4,107.4,0.0
-26.880278,26.965,10-01-2012,46.900000000000006,28.68,11.24,1.7,180.0,1.56,2.3000000000000003,44.7,135.3
-26.98472222,26.63227778,10-01-2012,45.6,29.08,11.559999,1.3000001,185.0,1.63,2.3000000000000003,43.4,141.6
-33.501667,21.624167,10-01-2012,40.800000000000004,22.6,8.4,0.1,127.0,0.91999996,2.0,38.7,88.3
-30.27402,30.69602,11-01-2012,25.700000000000003,26.109999,17.44,29.5,122.1,0.69,1.3,75.1,47.0
-33.818056,19.694722,11-01-2012,12.0,27.81,13.25,7.8,177.0,1.31,0.6000000000000001,13.6,163.40001
-30.13573889,30.67422222,12-01-2012,189.0,26.949999,19.81,75.700005,132.0,0.71,9.4,132.0,0.0
-34.075556,20.145556,12-01-2012,11.100000000000001,30.0,16.57,6.0,183.0,1.36,0.6000000000000001,11.6,171.40001
-29.803611,30.516111,13-01-2012,240.3,26.26,16.67,83.8,128.90001,0.69,33.1,128.90001,0.0
-24.670833,28.560833,16-01-2012,130.0,30.91,15.599999,3.0,167.7,1.36,6.5,123.6,44.100002
-26.73806,27.59194,16-01-2012,147.0,27.859999,14.559999,1.8000001,161.40001,1.17,7.300000000000001,139.7,21.7
-26.45,28.085833,16-01-2012,141.4,27.42,13.79,2.1000001,155.90001,1.0699999,7.1000000000000005,134.40001,21.5
-27.044444,27.005,16-01-2012,141.70000000000002,28.849998,15.339999,1.5,170.3,1.3199999,7.1000000000000005,134.7,35.600002
-31.396,29.2651,16-01-2012,118.9,26.46,18.4,12.6,131.90001,0.75,5.9,118.6,13.3
-31.554722,29.245556,16-01-2012,121.7,25.25,17.35,16.4,122.9,0.58,6.1000000000000005,117.9,5.0
-25.73411,27.21422,29-03-2011,114.0,28.75,15.25,4.9,164.0,1.27,5.7,108.9,55.100002
-27.01011111,26.69808333,17-01-2012,139.5,28.98,15.53,1.1,175.6,1.35,7.0,132.5,43.100002
-25.81048333,27.90955222,17-01-2012,141.8,29.289999,15.74,2.2,163.5,1.24,7.1000000000000005,134.8,28.7
-24.679167,30.8025,17-01-2012,184.60000000000002,27.609999,14.559999,64.8,144.5,0.93,9.200000000000001,144.5,0.0
-24.183889,30.823889,17-01-2012,111.0,32.62,18.609999,3.5,154.2,1.41,5.6000000000000005,105.6,48.600002
-24.282222,28.090278,17-01-2012,111.2,30.9,16.1,3.1000001,168.7,1.4,5.6000000000000005,105.8,62.9
-25.99136,27.84208,17-01-2012,147.70000000000002,28.119999,14.75,2.1000001,158.8,1.13,7.4,140.40001,18.4
-25.20639,27.558,17-01-2012,124.5,31.91,17.21,3.0,177.0,1.53,6.2,118.5,58.5
-27.169444,29.233889,17-01-2012,142.6,26.349998,12.58,1.9,145.40001,0.90999997,7.1000000000000005,135.6,9.8
-27.00222,28.76528,17-01-2012,143.5,26.96,13.04,2.2,150.40001,1.01,7.2,136.40001,14.0
-26.648056,27.089444,17-01-2012,144.3,28.46,14.83,1.6,165.40001,1.23,7.2,137.2,28.2
-26.880278,26.965,17-01-2012,142.70000000000002,28.869999,15.36,1.5,168.40001,1.3,7.1000000000000005,135.6,32.8
-25.73411,27.21422,12-02-2013,175.9,27.96,15.21,12.3,156.2,1.14,8.8,156.2,0.0
-27.38972222,26.46388889,17-01-2012,132.4,29.71,15.66,1.2,184.3,1.48,6.6000000000000005,125.9,58.4
-29.042222,24.6,17-01-2012,91.10000000000001,32.07,15.88,0.1,203.3,2.08,4.6000000000000005,86.6,116.700005
-30.679722,26.7125,17-01-2012,100.9,29.279999,13.469999,1.0,170.8,1.49,5.0,95.9,74.9
-30.160091,27.40124,17-01-2012,146.1,27.74,13.809999,1.5,163.2,1.37,7.300000000000001,138.90001,24.300001
-31.104278,29.399722,17-01-2012,132.9,26.14,17.06,18.7,130.3,0.76,6.6000000000000005,127.4,2.9
-32.502778,19.535833,17-01-2012,17.8,32.84,15.969999,0.7,223.40001,2.0,0.9,16.9,206.5
-29.161667,23.696389,18-01-2012,74.60000000000001,33.17,16.65,0.1,204.3,2.29,3.7,70.9,133.40001
-22.935,28.004167,18-01-2012,59.1,34.11,18.64,0.3,185.90001,1.87,3.0,56.2,129.7
-30.830556,26.921389,18-01-2012,100.9,28.529999,12.969999,1.2,167.0,1.38,5.0,95.9,71.1
-23.23572222,27.717,18-01-2012,62.0,34.02,18.93,0.4,185.8,1.87,3.1,58.9,126.9
-25.127778,27.628889,18-01-2012,122.4,32.02,17.26,2.9,176.6,1.54,6.1000000000000005,116.4,60.2
-24.69514,27.40906,18-01-2012,115.5,32.829998,18.289999,3.5,185.0,1.6999999,5.800000000000001,109.9,75.1
-27.4275,28.525833,18-01-2012,165.0,26.699999,12.91,8.1,150.40001,1.01,8.200000000000001,150.40001,0.0
-25.73411,27.21422,11-02-2014,168.5,29.05,15.4,3.8,165.7,1.25,8.4,160.40001,5.3
-28.141944,26.417778,18-01-2012,133.4,29.57,15.179999,1.1,184.3,1.55,6.7,126.8,57.5
-25.73411,27.21422,13-03-2014,168.5,29.05,15.4,3.8,165.7,1.25,8.4,160.40001,5.3
-27.671111,27.236944,18-01-2012,145.70000000000002,28.949999,15.0,1.2,172.1,1.37,7.300000000000001,138.5,33.600002
-25.73411,27.21422,04-06-2014,168.5,29.05,15.4,3.8,165.7,1.25,8.4,160.40001,5.3
-25.73411,27.21422,09-07-2014,58.5,30.179998,15.71,3.5,172.5,1.3199999,2.9000000000000004,55.9,116.6
-30.336111,27.359444,18-01-2012,137.1,27.81,13.349999,1.5,164.1,1.35,6.9,130.3,33.8
-32.595833,19.009444,18-01-2012,19.700000000000003,33.0,16.38,5.1,213.8,1.89,1.0,19.2,194.6
-25.73411,27.21422,02-09-2014,58.5,30.179998,15.71,3.5,172.5,1.3199999,2.9000000000000004,55.9,116.6
-25.45963889,28.26430556,18-01-2012,126.9,30.599998,15.849999,2.4,167.0,1.3399999,6.300000000000001,120.700005,46.3
-27.356667,27.286389,18-01-2012,141.4,28.66,15.08,1.4,171.7,1.31,7.1000000000000005,134.40001,37.3
-22.548889,28.898056,19-01-2012,57.5,33.809998,17.98,0.1,183.90001,1.7199999,2.9000000000000004,54.600002,129.3
-22.91028,29.61111,19-01-2012,80.4,32.03,17.65,0.90000004,167.40001,1.48,4.0,76.4,91.0
-27.398611,26.614722,19-01-2012,134.0,29.529999,15.679999,1.2,182.6,1.4599999,6.7,127.4,55.2
-30.679722,26.7125,19-01-2012,100.9,29.279999,13.469999,1.0,170.8,1.49,5.0,95.9,74.9
-27.356667,27.286389,19-01-2012,141.4,28.66,15.08,1.4,171.7,1.31,7.1000000000000005,134.40001,37.3
-23.658056,31.05,20-01-2012,79.30000000000001,33.5,19.32,1.0,158.7,1.53,4.0,75.4,83.3
-30.27402,30.69602,20-01-2012,173.8,26.59,19.869999,63.9,130.7,0.65999997,8.700000000000001,130.7,0.0
-27.671111,27.236944,20-01-2012,145.70000000000002,28.949999,15.0,1.2,172.1,1.37,7.300000000000001,138.5,33.600002
-27.573056,24.746389,20-01-2012,113.4,32.09,16.56,0.4,207.0,1.9499999,5.7,107.700005,99.3
-27.902778,24.615556,20-01-2012,108.30000000000001,32.39,16.789999,0.3,204.3,2.05,5.4,102.9,101.4
-28.760833,17.730278,22-01-2012,4.4,36.239998,21.74,0.0,239.2,3.03,0.2,4.1,235.1
-27.044444,27.005,23-01-2012,141.70000000000002,28.849998,15.339999,1.5,170.3,1.3199999,7.1000000000000005,134.7,35.600002
-29.161667,23.696389,24-01-2012,74.60000000000001,33.17,16.65,0.1,204.3,2.29,3.7,70.9,133.40001
-27.01011111,26.69808333,24-01-2012,139.5,28.98,15.53,1.1,175.6,1.35,7.0,132.5,43.100002
-26.880278,26.965,24-01-2012,142.70000000000002,28.869999,15.36,1.5,168.40001,1.3,7.1000000000000005,135.6,32.8
-27.273889,28.49,24-01-2012,156.4,26.849998,13.09,1.9,151.8,1.03,7.800000000000001,148.7,3.1000001
-27.4275,28.525833,24-01-2012,165.0,26.699999,12.91,8.1,150.40001,1.01,8.200000000000001,150.40001,0.0
-25.73411,27.21422,24-06-2015,47.300000000000004,32.07,16.109999,1.9,194.2,1.54,2.4000000000000004,45.0,149.2
-25.73411,27.21422,07-07-2015,47.300000000000004,32.07,16.109999,1.9,194.2,1.54,2.4000000000000004,45.0,149.2
-27.3,28.586944,24-01-2012,156.9,26.849998,12.98,1.8000001,150.5,1.02,7.800000000000001,149.1,1.4
-31.031389,28.883333,24-01-2012,140.6,26.029999,15.08,4.4,135.2,0.84999996,7.0,133.7,1.5
-30.86013889,29.07125,24-01-2012,144.20000000000002,26.359999,15.589999,4.6,135.8,0.88,7.2,135.8,0.0
-33.31388889,19.07472222,24-01-2012,18.2,31.349998,16.74,12.8,206.90001,1.62,0.9,20.800001,186.1
-25.45963889,28.26430556,24-01-2012,126.9,30.599998,15.849999,2.4,167.0,1.3399999,6.300000000000001,120.700005,46.3
-29.161667,23.696389,25-01-2012,74.60000000000001,33.17,16.65,0.1,204.3,2.29,3.7,70.9,133.40001
-29.042222,24.6,25-01-2012,91.10000000000001,32.07,15.88,0.1,203.3,2.08,4.6000000000000005,86.6,116.700005
-29.028629,24.638389,25-01-2012,93.10000000000001,32.01,15.82,0.1,203.0,2.07,4.7,88.4,114.6
-30.568333,29.422778,25-01-2012,158.10000000000002,24.92,12.809999,21.5,132.2,0.74,7.9,132.2,0.0
-33.38056,19.30167,25-01-2012,18.5,28.68,14.16,9.1,193.8,1.35,0.9,19.800001,174.0
-33.13083,18.86278,25-01-2012,17.5,31.89,17.529999,10.3,209.40001,1.7199999,0.9,18.9,190.5
-29.758889,30.935278,26-01-2012,208.9,26.859999,19.49,79.700005,130.0,0.63,28.5,130.0,0.0
-29.161667,30.629722,26-01-2012,218.9,25.73,14.86,70.6,132.0,0.69,42.300000000000004,132.0,0.0
-34.031944,22.053333,26-01-2012,13.3,26.3,15.9,5.1,148.5,0.75,0.7000000000000001,13.3,135.2
-34.039722,22.133333,26-01-2012,13.4,26.119999,16.22,5.7000003,146.6,0.71,0.7000000000000001,13.5,133.1
-34.02861,22.22222,26-01-2012,14.200000000000001,25.66,15.96,6.3,143.1,0.65,0.7000000000000001,14.5,128.6
-30.398056,30.601944,27-01-2012,162.70000000000002,26.66,20.0,53.4,131.0,0.66999996,8.1,131.0,0.0
-30.27402,30.69602,27-01-2012,173.8,26.59,19.869999,63.9,130.7,0.65999997,8.700000000000001,130.7,0.0
-25.447222,30.711667,27-01-2012,154.5,28.89,16.0,38.9,145.0,1.0,7.7,145.0,0.0
-29.641944,30.6875,28-01-2012,241.4,27.26,18.33,84.200005,133.90001,0.77,31.1,133.90001,0.0
-29.380556,30.2775,28-01-2012,219.8,25.26,14.0,77.4,128.5,0.66999996,29.400000000000002,128.5,0.0
-25.127778,27.628889,30-01-2012,122.4,32.02,17.26,2.9,176.6,1.54,6.1000000000000005,116.4,60.2
-25.20639,27.558,30-01-2012,124.5,31.91,17.21,3.0,177.0,1.53,6.2,118.5,58.5
-24.69514,27.40906,30-01-2012,115.5,32.829998,18.289999,3.5,185.0,1.6999999,5.800000000000001,109.9,75.1
-27.169444,29.233889,30-01-2012,142.6,26.349998,12.58,1.9,145.40001,0.90999997,7.1000000000000005,135.6,9.8
-26.861111,28.884722,30-01-2012,134.5,26.9,12.91,2.3,151.0,0.98999995,6.7,127.9,23.1
-26.970278,27.211111,30-01-2012,144.9,28.49,15.059999,1.6,166.2,1.27,7.2,137.7,28.5
-26.73806,27.59194,30-01-2012,147.0,27.859999,14.559999,1.8000001,161.40001,1.17,7.300000000000001,139.7,21.7
-26.45,28.085833,30-01-2012,141.4,27.42,13.79,2.1000001,155.90001,1.0699999,7.1000000000000005,134.40001,21.5
-27.00222,28.76528,31-01-2012,143.5,26.96,13.04,2.2,150.40001,1.01,7.2,136.40001,14.0
-27.273889,28.49,31-01-2012,156.4,26.849998,13.09,1.9,151.8,1.03,7.800000000000001,148.7,3.1000001
-26.98472222,26.63227778,31-01-2012,140.20000000000002,29.09,15.62,1.2,174.1,1.36,7.0,133.3,40.8
-29.160278,26.573333,31-01-2012,134.9,29.13,14.349999,1.1,181.7,1.56,6.7,128.2,53.5
-33.818056,19.694722,31-01-2012,11.9,30.429998,15.95,6.4,199.7,1.43,0.6000000000000001,12.7,187.0
-27.3,28.586944,01-02-2012,156.9,26.849998,12.98,1.8000001,150.5,1.02,7.800000000000001,149.1,1.4
-28.69485,28.23487,01-02-2012,191.20000000000002,25.47,12.88,27.4,148.40001,1.02,16.7,148.40001,0.0
-29.615556,27.065278,01-02-2012,154.3,28.09,13.75,1.1,169.8,1.43,7.7,146.6,23.2
-28.883333,27.89,01-02-2012,193.20000000000002,26.17,13.44,29.6,152.8,1.11,12.3,152.8,0.0
-34.075556,20.145556,01-02-2012,11.100000000000001,30.0,16.57,6.0,183.0,1.36,0.6000000000000001,11.6,171.40001
-24.925278,29.324444,02-02-2012,114.9,32.25,16.9,1.8000001,168.0,1.49,5.7,109.200005,58.8
-30.336111,27.359444,02-02-2012,137.1,27.81,13.349999,1.5,164.1,1.35,6.9,130.3,33.8
-27.573056,24.746389,03-02-2012,113.4,32.09,16.56,0.4,207.0,1.9499999,5.7,107.700005,99.3
-27.902778,24.615556,03-02-2012,108.30000000000001,32.39,16.789999,0.3,204.3,2.05,5.4,102.9,101.4
-29.658056,25.973333,03-02-2012,102.10000000000001,28.939999,14.219999,0.90000004,179.1,1.5999999,5.1000000000000005,97.1,82.0
-31.000833,26.353056,03-02-2012,76.0,28.31,12.28,0.8,167.3,1.4,3.8000000000000003,72.3,95.0
-30.679722,26.7125,03-02-2012,100.9,29.279999,13.469999,1.0,170.8,1.49,5.0,95.9,74.9
-28.760833,17.730278,05-02-2012,4.4,36.239998,21.74,0.0,239.2,3.03,0.2,4.1,235.1
-25.99136,27.84208,06-02-2012,147.70000000000002,28.119999,14.75,2.1000001,158.8,1.13,7.4,140.40001,18.4
-29.987778,29.851667,06-02-2012,219.5,25.56,14.2,84.1,129.90001,0.76,11.600000000000001,129.90001,0.0
-26.45,28.085833,06-02-2012,141.4,27.42,13.79,2.1000001,155.90001,1.0699999,7.1000000000000005,134.40001,21.5
-27.398611,26.614722,06-02-2012,134.0,29.529999,15.679999,1.2,182.6,1.4599999,6.7,127.4,55.2
-27.671111,27.236944,06-02-2012,145.70000000000002,28.949999,15.0,1.2,172.1,1.37,7.300000000000001,138.5,33.600002
-29.042222,24.6,06-02-2012,91.10000000000001,32.07,15.88,0.1,203.3,2.08,4.6000000000000005,86.6,116.700005
-27.356667,27.286389,06-02-2012,141.4,28.66,15.08,1.4,171.7,1.31,7.1000000000000005,134.40001,37.3
-27.01011111,26.69808333,07-02-2012,139.5,28.98,15.53,1.1,175.6,1.35,7.0,132.5,43.100002
-30.830556,26.921389,07-02-2012,100.9,28.529999,12.969999,1.2,167.0,1.38,5.0,95.9,71.1
-30.733889,29.828333,07-02-2012,161.20000000000002,25.68,16.35,48.5,127.4,0.71,8.1,127.4,0.0
-29.380556,30.2775,07-02-2012,219.8,25.26,14.0,77.4,128.5,0.66999996,29.400000000000002,128.5,0.0
-26.98472222,26.63227778,07-02-2012,140.20000000000002,29.09,15.62,1.2,174.1,1.36,7.0,133.3,40.8
-25.45963889,28.26430556,07-02-2012,126.9,30.599998,15.849999,2.4,167.0,1.3399999,6.300000000000001,120.700005,46.3
-25.57877778,29.12747222,07-02-2012,125.9,30.109999,14.809999,2.2,161.7,1.27,6.300000000000001,119.700005,42.0
-27.4,26.624722,07-02-2012,134.0,29.529999,15.679999,1.2,182.6,1.4599999,6.7,127.4,55.2
-25.81048333,27.90955222,08-02-2012,141.8,29.289999,15.74,2.2,163.5,1.24,7.1000000000000005,134.8,28.7
-27.937778,31.209444,08-02-2012,150.70000000000002,28.72,17.16,28.2,145.2,1.0,7.5,143.8,1.4
-30.398056,30.601944,08-02-2012,162.70000000000002,26.66,20.0,53.4,131.0,0.66999996,8.1,131.0,0.0
-30.27402,30.69602,08-02-2012,173.8,26.59,19.869999,63.9,130.7,0.65999997,8.700000000000001,130.7,0.0
-27.00222,28.76528,08-02-2012,143.5,26.96,13.04,2.2,150.40001,1.01,7.2,136.40001,14.0
-27.02314,28.59389,08-02-2012,145.9,27.15,13.17,2.2,152.0,1.04,7.300000000000001,138.7,13.3
-26.648056,27.089444,08-02-2012,144.3,28.46,14.83,1.6,165.40001,1.23,7.2,137.2,28.2
-26.970278,27.211111,08-02-2012,144.9,28.49,15.059999,1.6,166.2,1.27,7.2,137.7,28.5
-26.880278,26.965,08-02-2012,142.70000000000002,28.869999,15.36,1.5,168.40001,1.3,7.1000000000000005,135.6,32.8
-27.273889,28.49,08-02-2012,156.4,26.849998,13.09,1.9,151.8,1.03,7.800000000000001,148.7,3.1000001
-27.4275,28.525833,08-02-2012,165.0,26.699999,12.91,8.1,150.40001,1.01,8.200000000000001,150.40001,0.0
-27.3,28.586944,08-02-2012,156.9,26.849998,12.98,1.8000001,150.5,1.02,7.800000000000001,149.1,1.4
-27.044444,27.005,08-02-2012,141.70000000000002,28.849998,15.339999,1.5,170.3,1.3199999,7.1000000000000005,134.7,35.600002
-29.028629,24.638389,08-02-2012,93.10000000000001,32.01,15.82,0.1,203.0,2.07,4.7,88.4,114.6
-34.329722,18.990278,08-02-2012,7.2,25.1,15.71,23.4,163.0,0.71999997,0.4,16.7,146.3
-27.5275,30.858056,09-02-2012,188.20000000000002,27.34,15.25,72.8,139.7,0.87,9.4,139.7,0.0
-30.13573889,30.67422222,09-02-2012,189.0,26.949999,19.81,75.700005,132.0,0.71,9.4,132.0,0.0
-29.803611,30.516111,10-02-2012,240.3,26.26,16.67,83.8,128.90001,0.69,33.1,128.90001,0.0
-28.44555556,32.325,12-02-2012,135.5,28.609999,20.039999,23.4,142.2,0.75,6.800000000000001,132.90001,9.3
-29.161667,30.629722,12-02-2012,218.9,25.73,14.86,70.6,132.0,0.69,42.300000000000004,132.0,0.0
-26.73806,27.59194,13-02-2012,147.0,27.859999,14.559999,1.8000001,161.40001,1.17,7.300000000000001,139.7,21.7
-31.396,29.2651,13-02-2012,118.9,26.46,18.4,12.6,131.90001,0.75,5.9,118.6,13.3
-31.554722,29.245556,13-02-2012,121.7,25.25,17.35,16.4,122.9,0.58,6.1000000000000005,117.9,5.0
-25.127778,27.628889,14-02-2012,122.4,32.02,17.26,2.9,176.6,1.54,6.1000000000000005,116.4,60.2
-25.20639,27.558,14-02-2012,124.5,31.91,17.21,3.0,177.0,1.53,6.2,118.5,58.5
-27.169444,29.233889,14-02-2012,142.6,26.349998,12.58,1.9,145.40001,0.90999997,7.1000000000000005,135.6,9.8
-30.568333,29.422778,14-02-2012,158.10000000000002,24.92,12.809999,21.5,132.2,0.74,7.9,132.2,0.0
-30.570833,29.150556,14-02-2012,164.8,24.73,12.66,26.0,133.40001,0.78,8.200000000000001,133.40001,0.0
-31.104278,29.399722,14-02-2012,132.9,26.14,17.06,18.7,130.3,0.76,6.6000000000000005,127.4,2.9
-32.595833,19.009444,14-02-2012,19.700000000000003,33.0,16.38,5.1,213.8,1.89,1.0,19.2,194.6
-28.141944,26.417778,15-02-2012,133.4,29.57,15.179999,1.1,184.3,1.55,6.7,126.8,57.5
-28.1175,26.719444,15-02-2012,136.20000000000002,29.26,15.5,1.1,179.40001,1.5,6.800000000000001,129.40001,50.0
-31.031389,28.883333,15-02-2012,140.6,26.029999,15.08,4.4,135.2,0.84999996,7.0,133.7,1.5
-30.86013889,29.07125,15-02-2012,144.20000000000002,26.359999,15.589999,4.6,135.8,0.88,7.2,135.8,0.0
-30.77586667,29.03221667,15-02-2012,151.4,26.25,15.309999,10.2,136.3,0.9,7.6000000000000005,136.3,0.0
-24.69514,27.40906,16-02-2012,115.5,32.829998,18.289999,3.5,185.0,1.6999999,5.800000000000001,109.9,75.1
-27.398611,26.614722,16-02-2012,134.0,29.529999,15.679999,1.2,182.6,1.4599999,6.7,127.4,55.2
-27.671111,27.236944,16-02-2012,145.70000000000002,28.949999,15.0,1.2,172.1,1.37,7.300000000000001,138.5,33.600002
-28.376944,24.303056,16-02-2012,102.0,32.37,16.77,0.3,204.3,2.1,5.1000000000000005,96.9,107.4
-29.615556,27.065278,16-02-2012,154.3,28.09,13.75,1.1,169.8,1.43,7.7,146.6,23.2
-27.356667,27.286389,16-02-2012,141.4,28.66,15.08,1.4,171.7,1.31,7.1000000000000005,134.40001,37.3
-27.4,26.624722,16-02-2012,134.0,29.529999,15.679999,1.2,182.6,1.4599999,6.7,127.4,55.2
-22.43772222,31.07805556,17-02-2012,84.30000000000001,35.43,20.4,0.5,183.3,1.8499999,4.2,80.1,103.200005
-27.902778,24.615556,17-02-2012,108.30000000000001,32.39,16.789999,0.3,204.3,2.05,5.4,102.9,101.4
-34.250556,20.9925,17-02-2012,13.100000000000001,28.47,16.89,8.8,174.5,1.01,0.7000000000000001,14.0,160.5
-28.760833,17.730278,19-02-2012,4.4,36.239998,21.74,0.0,239.2,3.03,0.2,4.1,235.1
-27.01011111,26.69808333,20-02-2012,139.5,28.98,15.53,1.1,175.6,1.35,7.0,132.5,43.100002
-26.45,28.085833,20-02-2012,141.4,27.42,13.79,2.1000001,155.90001,1.0699999,7.1000000000000005,134.40001,21.5
-26.98472222,26.63227778,20-02-2012,140.20000000000002,29.09,15.62,1.2,174.1,1.36,7.0,133.3,40.8
-33.501667,21.624167,20-02-2012,15.0,28.5,13.059999,0.1,175.2,1.23,0.7000000000000001,14.2,161.0
-33.31388889,19.07472222,20-02-2012,18.2,31.349998,16.74,12.8,206.90001,1.62,0.9,20.800001,186.1
-24.679167,30.8025,21-02-2012,184.60000000000002,27.609999,14.559999,64.8,144.5,0.93,9.200000000000001,144.5,0.0
-30.830556,26.921389,21-02-2012,100.9,28.529999,12.969999,1.2,167.0,1.38,5.0,95.9,71.1
-24.670833,28.560833,21-02-2012,130.0,30.91,15.599999,3.0,167.7,1.36,6.5,123.6,44.100002
-28.735556,29.820556,21-02-2012,197.10000000000002,28.93,15.74,40.7,148.3,1.15,9.9,148.3,0.0
-26.648056,27.089444,21-02-2012,144.3,28.46,14.83,1.6,165.40001,1.23,7.2,137.2,28.2
-26.970278,27.211111,21-02-2012,144.9,28.49,15.059999,1.6,166.2,1.27,7.2,137.7,28.5
-26.880278,26.965,21-02-2012,142.70000000000002,28.869999,15.36,1.5,168.40001,1.3,7.1000000000000005,135.6,32.8
-27.044444,27.005,21-02-2012,141.70000000000002,28.849998,15.339999,1.5,170.3,1.3199999,7.1000000000000005,134.7,35.600002
-25.45963889,28.26430556,21-02-2012,126.9,30.599998,15.849999,2.4,167.0,1.3399999,6.300000000000001,120.700005,46.3
-28.068333,31.55,21-02-2012,137.8,30.9,19.73,18.300001,149.6,1.25,6.9,136.7,12.900001
-29.161667,23.696389,22-02-2012,74.60000000000001,33.17,16.65,0.1,204.3,2.29,3.7,70.9,133.40001
-29.641944,30.6875,22-02-2012,241.4,27.26,18.33,84.200005,133.90001,0.77,31.1,133.90001,0.0
-27.38972222,26.46388889,22-02-2012,132.4,29.71,15.66,1.2,184.3,1.48,6.6000000000000005,125.9,58.4
-30.679722,26.7125,22-02-2012,100.9,29.279999,13.469999,1.0,170.8,1.49,5.0,95.9,74.9
-29.1825,23.575556,22-02-2012,70.2,33.18,16.77,0.1,208.8,2.3,3.5,66.6,142.2
-28.7115,24.07288889,23-02-2012,90.10000000000001,32.719997,16.43,0.2,204.8,2.1599998,4.5,85.6,119.200005
-27.602222,29.942778,23-02-2012,171.8,28.8,14.46,18.0,152.6,1.13,8.6,152.6,0.0
-28.75,30.442778,23-02-2012,182.8,29.949999,17.42,23.4,152.1,1.1999999,9.1,152.1,0.0
-29.380556,30.2775,23-02-2012,219.8,25.26,14.0,77.4,128.5,0.66999996,29.400000000000002,128.5,0.0
-27.398611,26.614722,23-02-2012,134.0,29.529999,15.679999,1.2,182.6,1.4599999,6.7,127.4,55.2
-29.758889,30.935278,24-02-2012,208.9,26.859999,19.49,79.700005,130.0,0.63,28.5,130.0,0.0
-27.573056,24.746389,24-02-2012,113.4,32.09,16.56,0.4,207.0,1.9499999,5.7,107.700005,99.3
-34.031944,22.053333,24-02-2012,13.3,26.3,15.9,5.1,148.5,0.75,0.7000000000000001,13.3,135.2
-34.039722,22.133333,24-02-2012,13.4,26.119999,16.22,5.7000003,146.6,0.71,0.7000000000000001,13.5,133.1
-30.398056,30.601944,25-02-2012,162.70000000000002,26.66,20.0,53.4,131.0,0.66999996,8.1,131.0,0.0
-30.27402,30.69602,25-02-2012,173.8,26.59,19.869999,63.9,130.7,0.65999997,8.700000000000001,130.7,0.0
-27.169444,29.233889,27-02-2012,142.6,26.349998,12.58,1.9,145.40001,0.90999997,7.1000000000000005,135.6,9.8
-26.861111,28.884722,27-02-2012,134.5,26.9,12.91,2.3,151.0,0.98999995,6.7,127.9,23.1
-26.73806,27.59194,27-02-2012,147.0,27.859999,14.559999,1.8000001,161.40001,1.17,7.300000000000001,139.7,21.7
-25.127778,27.628889,28-02-2012,122.4,32.02,17.26,2.9,176.6,1.54,6.1000000000000005,116.4,60.2
-25.20639,27.558,28-02-2012,124.5,31.91,17.21,3.0,177.0,1.53,6.2,118.5,58.5
-24.69514,27.40906,28-02-2012,115.5,32.829998,18.289999,3.5,185.0,1.6999999,5.800000000000001,109.9,75.1
-27.00222,28.76528,28-02-2012,143.5,26.96,13.04,2.2,150.40001,1.01,7.2,136.40001,14.0
-33.818056,19.694722,28-02-2012,11.9,30.429998,15.95,6.4,199.7,1.43,0.6000000000000001,12.7,187.0
-29.161667,23.696389,29-02-2012,74.60000000000001,33.17,16.65,0.1,204.3,2.29,3.7,70.9,133.40001
-22.769722,30.886944,29-02-2012,94.5,33.579998,19.23,3.2,169.40001,1.5699999,4.7,89.9,79.5
-23.281,30.54305556,29-02-2012,77.60000000000001,32.52,18.98,3.4,162.7,1.4699999,3.9000000000000004,73.9,88.8
-26.905,32.324722,29-02-2012,92.0,32.79,19.56,29.2,149.0,1.3,4.6000000000000005,98.4,50.600002
-28.69485,28.23487,29-02-2012,191.20000000000002,25.47,12.88,27.4,148.40001,1.02,16.7,148.40001,0.0
-28.883333,27.89,29-02-2012,193.20000000000002,26.17,13.44,29.6,152.8,1.11,12.3,152.8,0.0
-34.075556,20.145556,29-02-2012,11.100000000000001,30.0,16.57,6.0,183.0,1.36,0.6000000000000001,11.6,171.40001
-24.925278,29.324444,01-03-2012,114.9,32.25,16.9,1.8000001,168.0,1.49,5.7,109.200005,58.8
-27.573056,24.746389,01-03-2012,113.4,32.09,16.56,0.4,207.0,1.9499999,5.7,107.700005,99.3
-30.160091,27.40124,01-03-2012,146.1,27.74,13.809999,1.5,163.2,1.37,7.300000000000001,138.90001,24.300001
-30.336111,27.359444,01-03-2012,137.1,27.81,13.349999,1.5,164.1,1.35,6.9,130.3,33.8
-29.615556,27.065278,01-03-2012,154.3,28.09,13.75,1.1,169.8,1.43,7.7,146.6,23.2
-30.830556,26.921389,02-03-2012,100.9,28.529999,12.969999,1.2,167.0,1.38,5.0,95.9,71.1
-23.658056,31.05,02-03-2012,79.30000000000001,33.5,19.32,1.0,158.7,1.53,4.0,75.4,83.3
-27.902778,24.615556,02-03-2012,108.30000000000001,32.39,16.789999,0.3,204.3,2.05,5.4,102.9,101.4
-29.658056,25.973333,02-03-2012,102.10000000000001,28.939999,14.219999,0.90000004,179.1,1.5999999,5.1000000000000005,97.1,82.0
-29.028629,24.638389,02-03-2012,93.10000000000001,32.01,15.82,0.1,203.0,2.07,4.7,88.4,114.6
-31.000833,26.353056,02-03-2012,76.0,28.31,12.28,0.8,167.3,1.4,3.8000000000000003,72.3,95.0
-30.679722,26.7125,02-03-2012,100.9,29.279999,13.469999,1.0,170.8,1.49,5.0,95.9,74.9
-28.760833,17.730278,04-03-2012,4.4,36.239998,21.74,0.0,239.2,3.03,0.2,4.1,235.1
-25.99136,27.84208,05-03-2012,147.70000000000002,28.119999,14.75,2.1000001,158.8,1.13,7.4,140.40001,18.4
-24.058889,31.237222,05-03-2012,97.5,33.29,19.289999,1.2,153.7,1.49,4.9,92.6,61.100002
-29.987778,29.851667,05-03-2012,219.5,25.56,14.2,84.1,129.90001,0.76,11.600000000000001,129.90001,0.0
-29.744167,29.905833,05-03-2012,233.20000000000002,26.369999,14.79,79.200005,134.7,0.84999996,23.3,134.7,0.0
-26.861111,28.884722,05-03-2012,134.5,26.9,12.91,2.3,151.0,0.98999995,6.7,127.9,23.1
-26.45,28.085833,05-03-2012,141.4,27.42,13.79,2.1000001,155.90001,1.0699999,7.1000000000000005,134.40001,21.5
-28.768056,20.720556,05-03-2012,26.6,35.93,18.619999,0.0,243.1,2.9199998,1.3,25.300001,217.8
-30.733889,29.828333,06-03-2012,161.20000000000002,25.68,16.35,48.5,127.4,0.71,8.1,127.4,0.0
-29.380556,30.2775,06-03-2012,219.8,25.26,14.0,77.4,128.5,0.66999996,29.400000000000002,128.5,0.0
-27.398611,26.614722,06-03-2012,134.0,29.529999,15.679999,1.2,182.6,1.4599999,6.7,127.4,55.2
-27.671111,27.236944,06-03-2012,145.70000000000002,28.949999,15.0,1.2,172.1,1.37,7.300000000000001,138.5,33.600002
-29.042222,24.6,06-03-2012,91.10000000000001,32.07,15.88,0.1,203.3,2.08,4.6000000000000005,86.6,116.700005
-30.336111,27.359444,06-03-2012,137.1,27.81,13.349999,1.5,164.1,1.35,6.9,130.3,33.8
-27.4,26.624722,06-03-2012,134.0,29.529999,15.679999,1.2,182.6,1.4599999,6.7,127.4,55.2
-29.161667,23.696389,07-03-2012,74.60000000000001,33.17,16.65,0.1,204.3,2.29,3.7,70.9,133.40001
-24.925278,29.324444,18-10-2011,57.5,33.04,18.31,3.6000001,177.1,1.52,2.9000000000000004,55.0,122.1
-28.7115,24.07288889,07-03-2012,90.10000000000001,32.719997,16.43,0.2,204.8,2.1599998,4.5,85.6,119.200005
-25.81048333,27.90955222,07-03-2012,141.8,29.289999,15.74,2.2,163.5,1.24,7.1000000000000005,134.8,28.7
-27.937778,31.209444,07-03-2012,150.70000000000002,28.72,17.16,28.2,145.2,1.0,7.5,143.8,1.4
-28.404444,30.013056,07-03-2012,184.3,28.74,15.19,28.9,150.2,1.14,9.200000000000001,150.2,0.0
-30.398056,30.601944,07-03-2012,162.70000000000002,26.66,20.0,53.4,131.0,0.66999996,8.1,131.0,0.0
-24.925278,29.324444,07-06-2012,114.9,32.25,16.9,1.8000001,168.0,1.49,5.7,109.200005,58.8
-24.925278,29.324444,09-08-2012,103.7,32.37,17.91,1.7,166.8,1.4399999,5.2,98.6,68.200005
-24.925278,29.324444,05-10-2012,103.7,32.37,17.91,1.7,166.8,1.4399999,5.2,98.6,68.200005
-30.27402,30.69602,07-03-2012,173.8,26.59,19.869999,63.9,130.7,0.65999997,8.700000000000001,130.7,0.0
-27.02314,28.59389,07-03-2012,145.9,27.15,13.17,2.2,152.0,1.04,7.300000000000001,138.7,13.3
-27.273889,28.49,07-03-2012,156.4,26.849998,13.09,1.9,151.8,1.03,7.800000000000001,148.7,3.1000001
-24.925278,29.324444,02-07-2013,152.3,30.32,17.9,1.2,154.1,1.3,7.6000000000000005,144.8,9.3
-24.925278,29.324444,22-08-2013,65.7,31.599998,19.449999,1.2,172.3,1.3299999,3.3000000000000003,62.4,109.9
-24.925278,29.324444,16-09-2013,65.7,31.599998,19.449999,1.2,172.3,1.3299999,3.3000000000000003,62.4,109.9
-27.4275,28.525833,07-03-2012,165.0,26.699999,12.91,8.1,150.40001,1.01,8.200000000000001,150.40001,0.0
-24.925278,29.324444,20-01-2014,232.9,31.17,18.05,41.7,161.90001,1.39,30.3,161.90001,0.0
-27.3,28.586944,07-03-2012,156.9,26.849998,12.98,1.8000001,150.5,1.02,7.800000000000001,149.1,1.4
-29.1825,23.575556,07-03-2012,70.2,33.18,16.77,0.1,208.8,2.3,3.5,66.6,142.2
-24.925278,29.324444,10-06-2014,232.9,31.17,18.05,41.7,161.90001,1.39,30.3,161.90001,0.0
-24.925278,29.324444,18-07-2014,40.300000000000004,32.04,18.17,15.3,173.0,1.4699999,2.0,64.6,108.4
-34.329722,18.990278,07-03-2012,7.2,25.1,15.71,23.4,163.0,0.71999997,0.4,16.7,146.3
-24.925278,29.324444,05-09-2014,40.300000000000004,32.04,18.17,15.3,173.0,1.4699999,2.0,64.6,108.4
-28.058889,30.373611,07-03-2012,182.3,27.8,14.2,45.100002,147.1,0.98999995,9.1,147.1,0.0
-27.5275,30.858056,08-03-2012,188.20000000000002,27.34,15.25,72.8,139.7,0.87,9.4,139.7,0.0
-27.38972222,26.46388889,08-03-2012,132.4,29.71,15.66,1.2,184.3,1.48,6.6000000000000005,125.9,58.4
-27.398611,26.614722,08-03-2012,134.0,29.529999,15.679999,1.2,182.6,1.4599999,6.7,127.4,55.2
-30.679722,26.7125,08-03-2012,100.9,29.279999,13.469999,1.0,170.8,1.49,5.0,95.9,74.9
-29.803611,30.516111,09-03-2012,240.3,26.26,16.67,83.8,128.90001,0.69,33.1,128.90001,0.0
-27.01011111,26.69808333,12-03-2012,139.5,28.98,15.53,1.1,175.6,1.35,7.0,132.5,43.100002
-32.595833,19.009444,12-03-2012,19.700000000000003,33.0,16.38,5.1,213.8,1.89,1.0,19.2,194.6
-25.127778,27.628889,13-03-2012,122.4,32.02,17.26,2.9,176.6,1.54,6.1000000000000005,116.4,60.2
-25.20639,27.558,13-03-2012,124.5,31.91,17.21,3.0,177.0,1.53,6.2,118.5,58.5
-24.69514,27.40906,13-03-2012,115.5,32.829998,18.289999,3.5,185.0,1.6999999,5.800000000000001,109.9,75.1
-28.747778,31.745833,13-03-2012,158.20000000000002,29.96,19.93,25.800001,147.8,0.97999996,7.9,147.8,0.0
-27.169444,29.233889,13-03-2012,142.6,26.349998,12.58,1.9,145.40001,0.90999997,7.1000000000000005,135.6,9.8
-27.00222,28.76528,13-03-2012,143.5,26.96,13.04,2.2,150.40001,1.01,7.2,136.40001,14.0
-26.648056,27.089444,13-03-2012,144.3,28.46,14.83,1.6,165.40001,1.23,7.2,137.2,28.2
-26.970278,27.211111,13-03-2012,144.9,28.49,15.059999,1.6,166.2,1.27,7.2,137.7,28.5
-26.880278,26.965,13-03-2012,142.70000000000002,28.869999,15.36,1.5,168.40001,1.3,7.1000000000000005,135.6,32.8
-26.98472222,26.63227778,13-03-2012,140.20000000000002,29.09,15.62,1.2,174.1,1.36,7.0,133.3,40.8
-31.104278,29.399722,13-03-2012,132.9,26.14,17.06,18.7,130.3,0.76,6.6000000000000005,127.4,2.9
-31.396,29.2651,13-03-2012,118.9,26.46,18.4,12.6,131.90001,0.75,5.9,118.6,13.3
-33.501667,21.624167,13-03-2012,15.0,28.5,13.059999,0.1,175.2,1.23,0.7000000000000001,14.2,161.0
-29.161667,23.696389,14-03-2012,74.60000000000001,33.17,16.65,0.1,204.3,2.29,3.7,70.9,133.40001
-28.801278,31.955389,14-03-2012,139.4,29.359999,19.82,20.5,146.8,0.82,7.0,136.90001,9.900001
-28.141944,26.417778,14-03-2012,133.4,29.57,15.179999,1.1,184.3,1.55,6.7,126.8,57.5
-28.1175,26.719444,14-03-2012,136.20000000000002,29.26,15.5,1.1,179.40001,1.5,6.800000000000001,129.40001,50.0
-29.033333,23.983333,14-03-2012,84.5,32.71,16.17,0.2,202.3,2.1699998,4.2,80.3,122.0
-29.161667,30.629722,15-03-2012,218.9,25.73,14.86,70.6,132.0,0.69,42.300000000000004,132.0,0.0
-27.398611,26.614722,15-03-2012,134.0,29.529999,15.679999,1.2,182.6,1.4599999,6.7,127.4,55.2
-27.671111,27.236944,15-03-2012,145.70000000000002,28.949999,15.0,1.2,172.1,1.37,7.300000000000001,138.5,33.600002
-27.902778,24.615556,15-03-2012,108.30000000000001,32.39,16.789999,0.3,204.3,2.05,5.4,102.9,101.4
-27.573056,24.746389,16-03-2012,113.4,32.09,16.56,0.4,207.0,1.9499999,5.7,107.700005,99.3
-31.031389,28.883333,16-03-2012,140.6,26.029999,15.08,4.4,135.2,0.84999996,7.0,133.7,1.5
-30.86013889,29.07125,16-03-2012,144.20000000000002,26.359999,15.589999,4.6,135.8,0.88,7.2,135.8,0.0
-30.77586667,29.03221667,16-03-2012,151.4,26.25,15.309999,10.2,136.3,0.9,7.6000000000000005,136.3,0.0
-28.760833,17.730278,17-03-2012,4.4,36.239998,21.74,0.0,239.2,3.03,0.2,4.1,235.1
-28.96362,19.15486,17-03-2012,8.5,36.88,19.34,0.0,243.6,3.02,0.4,8.1,235.5
-27.01011111,26.69808333,19-03-2012,139.5,28.98,15.53,1.1,175.6,1.35,7.0,132.5,43.100002
-26.861111,28.884722,19-03-2012,134.5,26.9,12.91,2.3,151.0,0.98999995,6.7,127.9,23.1
-24.679167,30.8025,20-03-2012,184.60000000000002,27.609999,14.559999,64.8,144.5,0.93,9.200000000000001,144.5,0.0
-26.970278,27.211111,20-03-2012,144.9,28.49,15.059999,1.6,166.2,1.27,7.2,137.7,28.5
-33.38056,19.30167,20-03-2012,18.5,28.68,14.16,9.1,193.8,1.35,0.9,19.800001,174.0
-33.31388889,19.07472222,20-03-2012,18.2,31.349998,16.74,12.8,206.90001,1.62,0.9,20.800001,186.1
-28.068333,31.55,20-03-2012,137.8,30.9,19.73,18.300001,149.6,1.25,6.9,136.7,12.900001
-29.161667,23.696389,21-03-2012,74.60000000000001,33.17,16.65,0.1,204.3,2.29,3.7,70.9,133.40001
-24.183889,30.823889,21-03-2012,111.0,32.62,18.609999,3.5,154.2,1.41,5.6000000000000005,105.6,48.600002
-28.44555556,32.325,21-03-2012,135.5,28.609999,20.039999,23.4,142.2,0.75,6.800000000000001,132.90001,9.3
-27.602222,29.942778,21-03-2012,171.8,28.8,14.46,18.0,152.6,1.13,8.6,152.6,0.0
-33.13083,18.86278,21-03-2012,17.5,31.89,17.529999,10.3,209.40001,1.7199999,0.9,18.9,190.5
-30.398056,30.601944,23-03-2012,162.70000000000002,26.66,20.0,53.4,131.0,0.66999996,8.1,131.0,0.0
-30.27402,30.69602,23-03-2012,173.8,26.59,19.869999,63.9,130.7,0.65999997,8.700000000000001,130.7,0.0
-29.641944,30.6875,26-03-2012,241.4,27.26,18.33,84.200005,133.90001,0.77,31.1,133.90001,0.0
-25.99136,27.84208,26-03-2012,147.70000000000002,28.119999,14.75,2.1000001,158.8,1.13,7.4,140.40001,18.4
-29.987778,29.851667,26-03-2012,219.5,25.56,14.2,84.1,129.90001,0.76,11.600000000000001,129.90001,0.0
-29.758889,30.935278,26-03-2012,208.9,26.859999,19.49,79.700005,130.0,0.63,28.5,130.0,0.0
-26.98472222,26.63227778,26-03-2012,140.20000000000002,29.09,15.62,1.2,174.1,1.36,7.0,133.3,40.8
-33.818056,19.694722,26-03-2012,11.9,30.429998,15.95,6.4,199.7,1.43,0.6000000000000001,12.7,187.0
-25.127778,27.628889,27-03-2012,122.4,32.02,17.26,2.9,176.6,1.54,6.1000000000000005,116.4,60.2
-25.20639,27.558,27-03-2012,124.5,31.91,17.21,3.0,177.0,1.53,6.2,118.5,58.5
-24.69514,27.40906,27-03-2012,115.5,32.829998,18.289999,3.5,185.0,1.6999999,5.800000000000001,109.9,75.1
-27.363611,31.783333,27-03-2012,111.60000000000001,30.849998,18.9,33.0,144.5,1.14,5.6000000000000005,117.9,26.6
-26.648056,27.089444,27-03-2012,144.3,28.46,14.83,1.6,165.40001,1.23,7.2,137.2,28.2
-26.880278,26.965,27-03-2012,142.70000000000002,28.869999,15.36,1.5,168.40001,1.3,7.1000000000000005,135.6,32.8
-27.573056,24.746389,27-03-2012,113.4,32.09,16.56,0.4,207.0,1.9499999,5.7,107.700005,99.3
-28.768056,20.720556,27-03-2012,26.6,35.93,18.619999,0.0,243.1,2.9199998,1.3,25.300001,217.8
-34.031944,22.053333,27-03-2012,13.3,26.3,15.9,5.1,148.5,0.75,0.7000000000000001,13.3,135.2
-34.039722,22.133333,27-03-2012,13.4,26.119999,16.22,5.7000003,146.6,0.71,0.7000000000000001,13.5,133.1
-34.075556,20.145556,27-03-2012,11.100000000000001,30.0,16.57,6.0,183.0,1.36,0.6000000000000001,11.6,171.40001
-25.45963889,28.26430556,27-03-2012,126.9,30.599998,15.849999,2.4,167.0,1.3399999,6.300000000000001,120.700005,46.3
-25.81048333,27.90955222,28-03-2012,141.8,29.289999,15.74,2.2,163.5,1.24,7.1000000000000005,134.8,28.7
-29.380556,30.2775,28-03-2012,219.8,25.26,14.0,77.4,128.5,0.66999996,29.400000000000002,128.5,0.0
-30.398056,30.601944,28-03-2012,162.70000000000002,26.66,20.0,53.4,131.0,0.66999996,8.1,131.0,0.0
-30.27402,30.69602,28-03-2012,173.8,26.59,19.869999,63.9,130.7,0.65999997,8.700000000000001,130.7,0.0
-26.73806,27.59194,28-03-2012,147.0,27.859999,14.559999,1.8000001,161.40001,1.17,7.300000000000001,139.7,21.7
-26.45,28.085833,28-03-2012,141.4,27.42,13.79,2.1000001,155.90001,1.0699999,7.1000000000000005,134.40001,21.5
-30.679722,26.7125,28-03-2012,100.9,29.279999,13.469999,1.0,170.8,1.49,5.0,95.9,74.9
-28.69485,28.23487,28-03-2012,191.20000000000002,25.47,12.88,27.4,148.40001,1.02,16.7,148.40001,0.0
-29.615556,27.065278,28-03-2012,154.3,28.09,13.75,1.1,169.8,1.43,7.7,146.6,23.2
-28.883333,27.89,28-03-2012,193.20000000000002,26.17,13.44,29.6,152.8,1.11,12.3,152.8,0.0
-34.02861,22.22222,28-03-2012,14.200000000000001,25.66,15.96,6.3,143.1,0.65,0.7000000000000001,14.5,128.6
-25.447222,30.711667,28-03-2012,154.5,28.89,16.0,38.9,145.0,1.0,7.7,145.0,0.0
-27.273889,28.49,29-03-2012,156.4,26.849998,13.09,1.9,151.8,1.03,7.800000000000001,148.7,3.1000001
-27.3,28.586944,29-03-2012,156.9,26.849998,12.98,1.8000001,150.5,1.02,7.800000000000001,149.1,1.4
-28.376944,24.303056,29-03-2012,102.0,32.37,16.77,0.3,204.3,2.1,5.1000000000000005,96.9,107.4
-30.160091,27.40124,29-03-2012,146.1,27.74,13.809999,1.5,163.2,1.37,7.300000000000001,138.90001,24.300001
-30.336111,27.359444,29-03-2012,137.1,27.81,13.349999,1.5,164.1,1.35,6.9,130.3,33.8
-27.4275,28.525833,30-03-2012,165.0,26.699999,12.91,8.1,150.40001,1.01,8.200000000000001,150.40001,0.0
-27.902778,24.615556,30-03-2012,108.30000000000001,32.39,16.789999,0.3,204.3,2.05,5.4,102.9,101.4
-31.000833,26.353056,30-03-2012,76.0,28.31,12.28,0.8,167.3,1.4,3.8000000000000003,72.3,95.0
-30.679722,26.7125,30-03-2012,100.9,29.279999,13.469999,1.0,170.8,1.49,5.0,95.9,74.9
-28.760833,17.730278,01-04-2012,4.4,36.239998,21.74,0.0,239.2,3.03,0.2,4.1,235.1
-25.99136,27.84208,02-04-2012,147.70000000000002,28.119999,14.75,2.1000001,158.8,1.13,7.4,140.40001,18.4
-28.735556,29.820556,02-04-2012,197.10000000000002,28.93,15.74,40.7,148.3,1.15,9.9,148.3,0.0
-29.380556,30.2775,02-04-2012,219.8,25.26,14.0,77.4,128.5,0.66999996,29.400000000000002,128.5,0.0
-30.398056,30.601944,02-04-2012,162.70000000000002,26.66,20.0,53.4,131.0,0.66999996,8.1,131.0,0.0
-33.897778,20.012778,02-04-2012,11.0,30.769999,16.24,4.9,193.5,1.4599999,0.5,11.2,182.3
-34.065833,20.404167,03-04-2012,11.200000000000001,30.529999,17.39,5.3,178.8,1.4,0.6000000000000001,11.400001,167.40001
-23.658056,31.05,03-04-2012,79.30000000000001,33.5,19.32,1.0,158.7,1.53,4.0,75.4,83.3
-27.398611,26.614722,03-04-2012,134.0,29.529999,15.679999,1.2,182.6,1.4599999,6.7,127.4,55.2
-27.671111,27.236944,03-04-2012,145.70000000000002,28.949999,15.0,1.2,172.1,1.37,7.300000000000001,138.5,33.600002
-25.45963889,28.26430556,03-04-2012,126.9,30.599998,15.849999,2.4,167.0,1.3399999,6.300000000000001,120.700005,46.3
-27.4,26.624722,03-04-2012,134.0,29.529999,15.679999,1.2,182.6,1.4599999,6.7,127.4,55.2
-29.161667,23.696389,04-04-2012,74.60000000000001,33.17,16.65,0.1,204.3,2.29,3.7,70.9,133.40001
-25.81048333,27.90955222,04-04-2012,141.8,29.289999,15.74,2.2,163.5,1.24,7.1000000000000005,134.8,28.7
-27.937778,31.209444,04-04-2012,150.70000000000002,28.72,17.16,28.2,145.2,1.0,7.5,143.8,1.4
-28.404444,30.013056,04-04-2012,184.3,28.74,15.19,28.9,150.2,1.14,9.200000000000001,150.2,0.0
-27.02314,28.59389,04-04-2012,145.9,27.15,13.17,2.2,152.0,1.04,7.300000000000001,138.7,13.3
-26.880278,26.965,04-04-2012,142.70000000000002,28.869999,15.36,1.5,168.40001,1.3,7.1000000000000005,135.6,32.8
-27.273889,28.49,04-04-2012,156.4,26.849998,13.09,1.9,151.8,1.03,7.800000000000001,148.7,3.1000001
-27.4275,28.525833,04-04-2012,165.0,26.699999,12.91,8.1,150.40001,1.01,8.200000000000001,150.40001,0.0
-27.3,28.586944,04-04-2012,156.9,26.849998,12.98,1.8000001,150.5,1.02,7.800000000000001,149.1,1.4
-29.615556,27.065278,04-04-2012,154.3,28.09,13.75,1.1,169.8,1.43,7.7,146.6,23.2
-25.57877778,29.12747222,04-04-2012,125.9,30.109999,14.809999,2.2,161.7,1.27,6.300000000000001,119.700005,42.0
-27.5275,30.858056,05-04-2012,188.20000000000002,27.34,15.25,72.8,139.7,0.87,9.4,139.7,0.0
-27.01011111,26.69808333,10-04-2012,139.5,28.98,15.53,1.1,175.6,1.35,7.0,132.5,43.100002
-25.127778,27.628889,10-04-2012,122.4,32.02,17.26,2.9,176.6,1.54,6.1000000000000005,116.4,60.2
-25.20639,27.558,10-04-2012,124.5,31.91,17.21,3.0,177.0,1.53,6.2,118.5,58.5
-24.69514,27.40906,10-04-2012,115.5,32.829998,18.289999,3.5,185.0,1.6999999,5.800000000000001,109.9,75.1
-26.861111,28.884722,10-04-2012,134.5,26.9,12.91,2.3,151.0,0.98999995,6.7,127.9,23.1
-26.73806,27.59194,10-04-2012,147.0,27.859999,14.559999,1.8000001,161.40001,1.17,7.300000000000001,139.7,21.7
-26.98472222,26.63227778,10-04-2012,140.20000000000002,29.09,15.62,1.2,174.1,1.36,7.0,133.3,40.8
-29.161667,23.696389,11-04-2012,74.60000000000001,33.17,16.65,0.1,204.3,2.29,3.7,70.9,133.40001
-26.03611,30.99778,11-04-2012,202.4,29.34,17.09,128.40001,149.40001,1.13,10.100000000000001,149.40001,0.0
-28.747778,31.745833,11-04-2012,158.20000000000002,29.96,19.93,25.800001,147.8,0.97999996,7.9,147.8,0.0
-27.00222,28.76528,11-04-2012,143.5,26.96,13.04,2.2,150.40001,1.01,7.2,136.40001,14.0
-26.648056,27.089444,11-04-2012,144.3,28.46,14.83,1.6,165.40001,1.23,7.2,137.2,28.2
-26.970278,27.211111,11-04-2012,144.9,28.49,15.059999,1.6,166.2,1.27,7.2,137.7,28.5
-28.141944,26.417778,11-04-2012,133.4,29.57,15.179999,1.1,184.3,1.55,6.7,126.8,57.5
-28.116667,26.725278,11-04-2012,136.20000000000002,29.26,15.5,1.1,179.40001,1.5,6.800000000000001,129.40001,50.0
-29.615556,27.065278,11-04-2012,154.3,28.09,13.75,1.1,169.8,1.43,7.7,146.6,23.2
-34.250556,20.9925,11-04-2012,13.100000000000001,28.47,16.89,8.8,174.5,1.01,0.7000000000000001,14.0,160.5
-28.7115,24.07288889,12-04-2012,90.10000000000001,32.719997,16.43,0.2,204.8,2.1599998,4.5,85.6,119.200005
-28.801278,31.955389,12-04-2012,139.4,29.359999,19.82,20.5,146.8,0.82,7.0,136.90001,9.900001
-28.75,30.442778,12-04-2012,182.8,29.949999,17.42,23.4,152.1,1.1999999,9.1,152.1,0.0
-29.161667,30.629722,12-04-2012,218.9,25.73,14.86,70.6,132.0,0.69,42.300000000000004,132.0,0.0
-27.38972222,26.46388889,12-04-2012,132.4,29.71,15.66,1.2,184.3,1.48,6.6000000000000005,125.9,58.4
-28.1175,26.719444,12-04-2012,136.20000000000002,29.26,15.5,1.1,179.40001,1.5,6.800000000000001,129.40001,50.0
-28.116667,26.725278,12-04-2012,136.20000000000002,29.26,15.5,1.1,179.40001,1.5,6.800000000000001,129.40001,50.0
-27.398611,26.614722,12-04-2012,134.0,29.529999,15.679999,1.2,182.6,1.4599999,6.7,127.4,55.2
-27.671111,27.236944,12-04-2012,145.70000000000002,28.949999,15.0,1.2,172.1,1.37,7.300000000000001,138.5,33.600002
-28.376944,24.303056,12-04-2012,102.0,32.37,16.77,0.3,204.3,2.1,5.1000000000000005,96.9,107.4
-29.615556,27.065278,12-04-2012,154.3,28.09,13.75,1.1,169.8,1.43,7.7,146.6,23.2
-33.31388889,19.07472222,12-04-2012,18.2,31.349998,16.74,12.8,206.90001,1.62,0.9,20.800001,186.1
-25.49037,30.6986,13-04-2012,158.20000000000002,28.34,15.36,46.8,143.3,0.94,7.9,143.3,0.0
-27.573056,24.746389,13-04-2012,113.4,32.09,16.56,0.4,207.0,1.9499999,5.7,107.700005,99.3
-27.902778,24.615556,13-04-2012,108.30000000000001,32.39,16.789999,0.3,204.3,2.05,5.4,102.9,101.4
-33.7075,18.97444444,13-04-2012,13.5,30.619999,17.16,14.2,204.7,1.4699999,0.7000000000000001,16.9,187.8
-28.760833,17.730278,15-04-2012,4.4,36.239998,21.74,0.0,239.2,3.03,0.2,4.1,235.1
-25.99136,27.84208,16-04-2012,147.70000000000002,28.119999,14.75,2.1000001,158.8,1.13,7.4,140.40001,18.4
-22.935,28.004167,17-04-2012,59.1,34.11,18.64,0.3,185.90001,1.87,3.0,56.2,129.7
-22.91028,29.61111,17-04-2012,80.4,32.03,17.65,0.90000004,167.40001,1.48,4.0,76.4,91.0
-24.058889,31.237222,17-04-2012,97.5,33.29,19.289999,1.2,153.7,1.49,4.9,92.6,61.100002
-25.681111,31.783333,17-04-2012,124.2,31.13,18.01,24.1,142.2,1.0799999,6.2,122.8,19.4
-25.67386,31.57527,17-04-2012,134.9,31.789999,19.119999,30.4,147.1,1.29,6.7,132.7,14.400001
-28.735556,29.820556,17-04-2012,197.10000000000002,28.93,15.74,40.7,148.3,1.15,9.9,148.3,0.0
-26.861111,28.884722,17-04-2012,134.5,26.9,12.91,2.3,151.0,0.98999995,6.7,127.9,23.1
-26.45,28.085833,17-04-2012,141.4,27.42,13.79,2.1000001,155.90001,1.0699999,7.1000000000000005,134.40001,21.5
-28.69485,28.23487,17-04-2012,191.20000000000002,25.47,12.88,27.4,148.40001,1.02,16.7,148.40001,0.0
-28.883333,27.89,17-04-2012,193.20000000000002,26.17,13.44,29.6,152.8,1.11,12.3,152.8,0.0
-31.396,29.2651,17-04-2012,118.9,26.46,18.4,12.6,131.90001,0.75,5.9,118.6,13.3
-31.554722,29.245556,17-04-2012,121.7,25.25,17.35,16.4,122.9,0.58,6.1000000000000005,117.9,5.0
-25.45963889,28.26430556,17-04-2012,126.9,30.599998,15.849999,2.4,167.0,1.3399999,6.300000000000001,120.700005,46.3
-28.338333,31.373611,17-04-2012,164.60000000000002,28.67,17.369999,37.2,141.8,0.93,8.200000000000001,141.8,0.0
-29.161667,23.696389,18-04-2012,74.60000000000001,33.17,16.65,0.1,204.3,2.29,3.7,70.9,133.40001
-27.01011111,26.69808333,18-04-2012,139.5,28.98,15.53,1.1,175.6,1.35,7.0,132.5,43.100002
-25.81048333,27.90955222,18-04-2012,141.8,29.289999,15.74,2.2,163.5,1.24,7.1000000000000005,134.8,28.7
-24.282222,28.090278,18-04-2012,111.2,30.9,16.1,3.1000001,168.7,1.4,5.6000000000000005,105.8,62.9
-24.768889,31.39,18-04-2012,128.20000000000002,31.49,18.4,5.2000003,144.5,1.23,6.4,122.0,22.5
-24.9675,31.516667,18-04-2012,123.0,31.82,19.09,5.0,145.1,1.29,6.1000000000000005,117.0,28.1
-27.00222,28.76528,18-04-2012,143.5,26.96,13.04,2.2,150.40001,1.01,7.2,136.40001,14.0
-26.648056,27.089444,18-04-2012,144.3,28.46,14.83,1.6,165.40001,1.23,7.2,137.2,28.2
-26.970278,27.211111,18-04-2012,144.9,28.49,15.059999,1.6,166.2,1.27,7.2,137.7,28.5
-26.880278,26.965,18-04-2012,142.70000000000002,28.869999,15.36,1.5,168.40001,1.3,7.1000000000000005,135.6,32.8
-27.38972222,26.46388889,18-04-2012,132.4,29.71,15.66,1.2,184.3,1.48,6.6000000000000005,125.9,58.4
-26.98472222,26.63227778,18-04-2012,140.20000000000002,29.09,15.62,1.2,174.1,1.36,7.0,133.3,40.8
-30.568333,29.422778,18-04-2012,158.10000000000002,24.92,12.809999,21.5,132.2,0.74,7.9,132.2,0.0
-30.570833,29.150556,18-04-2012,164.8,24.73,12.66,26.0,133.40001,0.78,8.200000000000001,133.40001,0.0
-27.602222,29.942778,19-04-2012,171.8,28.8,14.46,18.0,152.6,1.13,8.6,152.6,0.0
-27.671111,27.236944,19-04-2012,145.70000000000002,28.949999,15.0,1.2,172.1,1.37,7.300000000000001,138.5,33.600002
-31.031389,28.883333,19-04-2012,140.6,26.029999,15.08,4.4,135.2,0.84999996,7.0,133.7,1.5
-30.86013889,29.07125,19-04-2012,144.20000000000002,26.359999,15.589999,4.6,135.8,0.88,7.2,135.8,0.0
-33.13083,18.86278,19-04-2012,17.5,31.89,17.529999,10.3,209.40001,1.7199999,0.9,18.9,190.5
-29.140556,31.391944,20-04-2012,163.70000000000002,28.38,19.52,41.8,139.5,0.75,8.200000000000001,139.5,0.0
-27.573056,24.746389,22-04-2012,113.4,32.09,16.56,0.4,207.0,1.9499999,5.7,107.700005,99.3
-29.7775,29.470833,23-04-2012,267.7,24.21,12.259999,42.9,131.0,0.71999997,97.60000000000001,131.0,0.0
-29.987778,29.851667,23-04-2012,219.5,25.56,14.2,84.1,129.90001,0.76,11.600000000000001,129.90001,0.0
-29.744167,29.905833,23-04-2012,233.20000000000002,26.369999,14.79,79.200005,134.7,0.84999996,23.3,134.7,0.0
-26.73806,27.59194,23-04-2012,147.0,27.859999,14.559999,1.8000001,161.40001,1.17,7.300000000000001,139.7,21.7
-29.160278,26.573333,23-04-2012,134.9,29.13,14.349999,1.1,181.7,1.56,6.7,128.2,53.5
-29.1825,23.575556,23-04-2012,70.2,33.18,16.77,0.1,208.8,2.3,3.5,66.6,142.2
-33.501667,21.624167,23-04-2012,15.0,28.5,13.059999,0.1,175.2,1.23,0.7000000000000001,14.2,161.0
-33.818056,19.694722,23-04-2012,11.9,30.429998,15.95,6.4,199.7,1.43,0.6000000000000001,12.7,187.0
-28.7115,24.07288889,24-04-2012,90.10000000000001,32.719997,16.43,0.2,204.8,2.1599998,4.5,85.6,119.200005
-24.679167,30.8025,24-04-2012,184.60000000000002,27.609999,14.559999,64.8,144.5,0.93,9.200000000000001,144.5,0.0
-25.127778,27.628889,24-04-2012,122.4,32.02,17.26,2.9,176.6,1.54,6.1000000000000005,116.4,60.2
-25.20639,27.558,24-04-2012,124.5,31.91,17.21,3.0,177.0,1.53,6.2,118.5,58.5
-24.69514,27.40906,24-04-2012,115.5,32.829998,18.289999,3.5,185.0,1.6999999,5.800000000000001,109.9,75.1
-27.363611,31.783333,24-04-2012,111.60000000000001,30.849998,18.9,33.0,144.5,1.14,5.6000000000000005,117.9,26.6
-30.733889,29.828333,24-04-2012,161.20000000000002,25.68,16.35,48.5,127.4,0.71,8.1,127.4,0.0
-26.880278,26.965,24-04-2012,142.70000000000002,28.869999,15.36,1.5,168.40001,1.3,7.1000000000000005,135.6,32.8
-29.615556,27.065278,24-04-2012,154.3,28.09,13.75,1.1,169.8,1.43,7.7,146.6,23.2
-28.883333,27.89,24-04-2012,193.20000000000002,26.17,13.44,29.6,152.8,1.11,12.3,152.8,0.0
-29.161667,23.696389,25-04-2012,74.60000000000001,33.17,16.65,0.1,204.3,2.29,3.7,70.9,133.40001
-24.183889,30.823889,25-04-2012,111.0,32.62,18.609999,3.5,154.2,1.41,5.6000000000000005,105.6,48.600002
-22.769722,30.886944,25-04-2012,94.5,33.579998,19.23,3.2,169.40001,1.5699999,4.7,89.9,79.5
-27.937778,31.209444,25-04-2012,150.70000000000002,28.72,17.16,28.2,145.2,1.0,7.5,143.8,1.4
-26.905,32.324722,25-04-2012,92.0,32.79,19.56,29.2,149.0,1.3,4.6000000000000005,98.4,50.600002
-27.935,26.126667,25-04-2012,117.30000000000001,29.779999,14.79,1.1,187.40001,1.54,5.9,111.5,75.9
-34.075556,20.145556,25-04-2012,11.100000000000001,30.0,16.57,6.0,183.0,1.36,0.6000000000000001,11.6,171.40001
-30.398056,30.601944,26-04-2012,162.70000000000002,26.66,20.0,53.4,131.0,0.66999996,8.1,131.0,0.0
-30.27402,30.69602,26-04-2012,173.8,26.59,19.869999,63.9,130.7,0.65999997,8.700000000000001,130.7,0.0
-30.679722,26.7125,26-04-2012,100.9,29.279999,13.469999,1.0,170.8,1.49,5.0,95.9,74.9
-30.160091,27.40124,26-04-2012,146.1,27.74,13.809999,1.5,163.2,1.37,7.300000000000001,138.90001,24.300001
-34.005833,22.351111,26-04-2012,15.4,25.1,16.0,8.1,139.6,0.61,0.8,16.4,123.200005
-29.803611,30.516111,27-04-2012,240.3,26.26,16.67,83.8,128.90001,0.69,33.1,128.90001,0.0
-29.758889,30.935278,28-04-2012,208.9,26.859999,19.49,79.700005,130.0,0.63,28.5,130.0,0.0
-28.760833,17.730278,29-04-2012,4.4,36.239998,21.74,0.0,239.2,3.03,0.2,4.1,235.1
-25.99136,27.84208,30-04-2012,147.70000000000002,28.119999,14.75,2.1000001,158.8,1.13,7.4,140.40001,18.4
-29.380556,30.2775,30-04-2012,219.8,25.26,14.0,77.4,128.5,0.66999996,29.400000000000002,128.5,0.0
-34.065833,20.404167,01-05-2012,11.200000000000001,30.529999,17.39,5.3,178.8,1.4,0.6000000000000001,11.400001,167.40001
-26.006389,29.253889,01-05-2012,135.5,27.25,12.83,2.5,147.5,0.96999997,6.800000000000001,128.8,18.7
-25.45963889,28.26430556,01-05-2012,126.9,30.599998,15.849999,2.4,167.0,1.3399999,6.300000000000001,120.700005,46.3
-33.897778,20.012778,01-05-2012,11.0,30.769999,16.24,4.9,193.5,1.4599999,0.5,11.2,182.3
-29.161667,23.696389,02-05-2012,74.60000000000001,33.17,16.65,0.1,204.3,2.29,3.7,70.9,133.40001
-25.81048333,27.90955222,02-05-2012,141.8,29.289999,15.74,2.2,163.5,1.24,7.1000000000000005,134.8,28.7
-26.861111,28.884722,02-05-2012,134.5,26.9,12.91,2.3,151.0,0.98999995,6.7,127.9,23.1
-29.033333,23.983333,02-05-2012,84.5,32.71,16.17,0.2,202.3,2.1699998,4.2,80.3,122.0
-28.058889,30.373611,02-05-2012,182.3,27.8,14.2,45.100002,147.1,0.98999995,9.1,147.1,0.0
-24.925278,29.324444,03-05-2012,114.9,32.25,16.9,1.8000001,168.0,1.49,5.7,109.200005,58.8
-27.00222,28.76528,03-05-2012,143.5,26.96,13.04,2.2,150.40001,1.01,7.2,136.40001,14.0
-27.398611,26.614722,03-05-2012,134.0,29.529999,15.679999,1.2,182.6,1.4599999,6.7,127.4,55.2
-27.671111,27.236944,03-05-2012,145.70000000000002,28.949999,15.0,1.2,172.1,1.37,7.300000000000001,138.5,33.600002
-27.4,26.624722,03-05-2012,134.0,29.529999,15.679999,1.2,182.6,1.4599999,6.7,127.4,55.2
-26.648056,27.089444,04-05-2012,144.3,28.46,14.83,1.6,165.40001,1.23,7.2,137.2,28.2
-26.970278,27.211111,04-05-2012,144.9,28.49,15.059999,1.6,166.2,1.27,7.2,137.7,28.5
-26.880278,26.965,04-05-2012,142.70000000000002,28.869999,15.36,1.5,168.40001,1.3,7.1000000000000005,135.6,32.8
-27.01011111,26.69808333,07-05-2012,139.5,28.98,15.53,1.1,175.6,1.35,7.0,132.5,43.100002
-26.73806,27.59194,07-05-2012,147.0,27.859999,14.559999,1.8000001,161.40001,1.17,7.300000000000001,139.7,21.7
-26.45,28.085833,07-05-2012,141.4,27.42,13.79,2.1000001,155.90001,1.0699999,7.1000000000000005,134.40001,21.5
-26.98472222,26.63227778,07-05-2012,140.20000000000002,29.09,15.62,1.2,174.1,1.36,7.0,133.3,40.8
-32.502778,19.535833,07-05-2012,17.8,32.84,15.969999,0.7,223.40001,2.0,0.9,16.9,206.5
-29.161667,23.696389,08-05-2012,74.60000000000001,33.17,16.65,0.1,204.3,2.29,3.7,70.9,133.40001
-25.127778,27.628889,08-05-2012,122.4,32.02,17.26,2.9,176.6,1.54,6.1000000000000005,116.4,60.2
-25.20639,27.558,08-05-2012,124.5,31.91,17.21,3.0,177.0,1.53,6.2,118.5,58.5
-24.69514,27.40906,08-05-2012,115.5,32.829998,18.289999,3.5,185.0,1.6999999,5.800000000000001,109.9,75.1
-28.747778,31.745833,08-05-2012,158.20000000000002,29.96,19.93,25.800001,147.8,0.97999996,7.9,147.8,0.0
-27.169444,29.233889,08-05-2012,142.6,26.349998,12.58,1.9,145.40001,0.90999997,7.1000000000000005,135.6,9.8
-26.648056,27.089444,08-05-2012,144.3,28.46,14.83,1.6,165.40001,1.23,7.2,137.2,28.2
-26.970278,27.211111,08-05-2012,144.9,28.49,15.059999,1.6,166.2,1.27,7.2,137.7,28.5
-26.880278,26.965,08-05-2012,142.70000000000002,28.869999,15.36,1.5,168.40001,1.3,7.1000000000000005,135.6,32.8
-28.141944,26.417778,08-05-2012,133.4,29.57,15.179999,1.1,184.3,1.55,6.7,126.8,57.5
-28.116667,26.725278,08-05-2012,136.20000000000002,29.26,15.5,1.1,179.40001,1.5,6.800000000000001,129.40001,50.0
-29.042222,24.6,08-05-2012,91.10000000000001,32.07,15.88,0.1,203.3,2.08,4.6000000000000005,86.6,116.700005
-28.460833,21.248889,08-05-2012,36.2,35.18,18.67,0.0,238.6,2.8,1.8,34.4,204.2
-31.396,29.2651,08-05-2012,118.9,26.46,18.4,12.6,131.90001,0.75,5.9,118.6,13.3
-25.57877778,29.12747222,08-05-2012,125.9,30.109999,14.809999,2.2,161.7,1.27,6.300000000000001,119.700005,42.0
-29.161667,23.696389,09-05-2012,74.60000000000001,33.17,16.65,0.1,204.3,2.29,3.7,70.9,133.40001
-25.49037,30.6986,09-05-2012,158.20000000000002,28.34,15.36,46.8,143.3,0.94,7.9,143.3,0.0
-28.801278,31.955389,09-05-2012,139.4,29.359999,19.82,20.5,146.8,0.82,7.0,136.90001,9.900001
-27.273889,28.49,09-05-2012,156.4,26.849998,13.09,1.9,151.8,1.03,7.800000000000001,148.7,3.1000001
-27.4275,28.525833,09-05-2012,165.0,26.699999,12.91,8.1,150.40001,1.01,8.200000000000001,150.40001,0.0
-27.3,28.586944,09-05-2012,156.9,26.849998,12.98,1.8000001,150.5,1.02,7.800000000000001,149.1,1.4
-27.398611,26.614722,09-05-2012,134.0,29.529999,15.679999,1.2,182.6,1.4599999,6.7,127.4,55.2
-29.028629,24.638389,09-05-2012,93.10000000000001,32.01,15.82,0.1,203.0,2.07,4.7,88.4,114.6
-29.1825,23.575556,09-05-2012,70.2,33.18,16.77,0.1,208.8,2.3,3.5,66.6,142.2
-30.570833,29.150556,09-05-2012,164.8,24.73,12.66,26.0,133.40001,0.78,8.200000000000001,133.40001,0.0
-31.104278,29.399722,09-05-2012,132.9,26.14,17.06,18.7,130.3,0.76,6.6000000000000005,127.4,2.9
-33.31388889,19.07472222,09-05-2012,18.2,31.349998,16.74,12.8,206.90001,1.62,0.9,20.800001,186.1
-28.7115,24.07288889,10-05-2012,90.10000000000001,32.719997,16.43,0.2,204.8,2.1599998,4.5,85.6,119.200005
-29.140556,31.391944,10-05-2012,163.70000000000002,28.38,19.52,41.8,139.5,0.75,8.200000000000001,139.5,0.0
-28.75,30.442778,10-05-2012,182.8,29.949999,17.42,23.4,152.1,1.1999999,9.1,152.1,0.0
-29.161667,30.629722,10-05-2012,218.9,25.73,14.86,70.6,132.0,0.69,42.300000000000004,132.0,0.0
-27.38972222,26.46388889,10-05-2012,132.4,29.71,15.66,1.2,184.3,1.48,6.6000000000000005,125.9,58.4
-27.935,26.126667,10-05-2012,117.30000000000001,29.779999,14.79,1.1,187.40001,1.54,5.9,111.5,75.9
-27.671111,27.236944,10-05-2012,145.70000000000002,28.949999,15.0,1.2,172.1,1.37,7.300000000000001,138.5,33.600002
-28.376944,24.303056,10-05-2012,102.0,32.37,16.77,0.3,204.3,2.1,5.1000000000000005,96.9,107.4
-31.031389,28.883333,10-05-2012,140.6,26.029999,15.08,4.4,135.2,0.84999996,7.0,133.7,1.5
-30.86013889,29.07125,10-05-2012,144.20000000000002,26.359999,15.589999,4.6,135.8,0.88,7.2,135.8,0.0
-30.77586667,29.03221667,10-05-2012,151.4,26.25,15.309999,10.2,136.3,0.9,7.6000000000000005,136.3,0.0
-33.7075,18.97444444,10-05-2012,13.5,30.619999,17.16,14.2,204.7,1.4699999,0.7000000000000001,16.9,187.8
-33.72266667,18.61691667,10-05-2012,9.200000000000001,28.65,17.18,11.8,195.3,1.16,0.5,12.1,183.2
-27.902778,24.615556,11-05-2012,108.30000000000001,32.39,16.789999,0.3,204.3,2.05,5.4,102.9,101.4
-28.44555556,32.325,19-04-2012,135.5,28.609999,20.039999,23.4,142.2,0.75,6.800000000000001,132.90001,9.3
-31.554722,29.245556,12-05-2012,121.7,25.25,17.35,16.4,122.9,0.58,6.1000000000000005,117.9,5.0
-28.760833,17.730278,13-05-2012,4.4,36.239998,21.74,0.0,239.2,3.03,0.2,4.1,235.1
-25.99136,27.84208,14-05-2012,147.70000000000002,28.119999,14.75,2.1000001,158.8,1.13,7.4,140.40001,18.4
-26.861111,28.884722,14-05-2012,134.5,26.9,12.91,2.3,151.0,0.98999995,6.7,127.9,23.1
-26.45,28.085833,14-05-2012,141.4,27.42,13.79,2.1000001,155.90001,1.0699999,7.1000000000000005,134.40001,21.5
-25.681111,31.783333,15-05-2012,124.2,31.13,18.01,24.1,142.2,1.0799999,6.2,122.8,19.4
-25.398889,31.610556,15-05-2012,124.60000000000001,31.029999,18.41,22.0,140.8,1.13,6.2,122.4,18.4
-27.00222,28.76528,15-05-2012,143.5,26.96,13.04,2.2,150.40001,1.01,7.2,136.40001,14.0
-26.648056,27.089444,15-05-2012,144.3,28.46,14.83,1.6,165.40001,1.23,7.2,137.2,28.2
-33.38056,19.30167,15-05-2012,18.5,28.68,14.16,9.1,193.8,1.35,0.9,19.800001,174.0
-25.45963889,28.26430556,15-05-2012,126.9,30.599998,15.849999,2.4,167.0,1.3399999,6.300000000000001,120.700005,46.3
-28.068333,31.55,15-05-2012,137.8,30.9,19.73,18.300001,149.6,1.25,6.9,136.7,12.900001
-25.81048333,27.90955222,16-05-2012,141.8,29.289999,15.74,2.2,163.5,1.24,7.1000000000000005,134.8,28.7
-24.768889,31.39,16-05-2012,128.20000000000002,31.49,18.4,5.2000003,144.5,1.23,6.4,122.0,22.5
-29.033333,23.983333,16-05-2012,84.5,32.71,16.17,0.2,202.3,2.1699998,4.2,80.3,122.0
-34.092222,21.295278,16-05-2012,14.3,28.38,16.029999,4.7000003,167.0,1.06,0.7000000000000001,14.400001,152.6
-33.13083,18.86278,16-05-2012,17.5,31.89,17.529999,10.3,209.40001,1.7199999,0.9,18.9,190.5
-24.99328,30.81444,17-05-2012,185.9,25.55,12.67,112.8,132.5,0.68,9.3,132.5,0.0
-33.970833,22.548333,17-05-2012,17.900000000000002,24.779999,16.09,12.5,136.1,0.57,0.9,21.7,114.4
-25.436111,31.982222,18-05-2012,116.0,32.309998,18.39,19.4,140.7,1.24,5.800000000000001,113.700005,27.0
-25.14944444,31.94055556,18-05-2012,113.5,31.71,18.289999,10.3,140.2,1.16,5.7,108.700005,31.5
-29.7775,29.470833,21-05-2012,267.7,24.21,12.259999,42.9,131.0,0.71999997,97.60000000000001,131.0,0.0
-29.987778,29.851667,21-05-2012,219.5,25.56,14.2,84.1,129.90001,0.76,11.600000000000001,129.90001,0.0
-29.744167,29.905833,21-05-2012,233.20000000000002,26.369999,14.79,79.200005,134.7,0.84999996,23.3,134.7,0.0
-30.27402,30.69602,21-05-2012,173.8,26.59,19.869999,63.9,130.7,0.65999997,8.700000000000001,130.7,0.0
-26.73806,27.59194,21-05-2012,147.0,27.859999,14.559999,1.8000001,161.40001,1.17,7.300000000000001,139.7,21.7
-33.818056,19.694722,21-05-2012,11.9,30.429998,15.95,6.4,199.7,1.43,0.6000000000000001,12.7,187.0
-27.01011111,26.69808333,22-05-2012,139.5,28.98,15.53,1.1,175.6,1.35,7.0,132.5,43.100002
-34.065833,20.404167,22-05-2012,11.200000000000001,30.529999,17.39,5.3,178.8,1.4,0.6000000000000001,11.400001,167.40001
-24.679167,30.8025,22-05-2012,184.60000000000002,27.609999,14.559999,64.8,144.5,0.93,9.200000000000001,144.5,0.0
-24.183889,30.823889,22-05-2012,111.0,32.62,18.609999,3.5,154.2,1.41,5.6000000000000005,105.6,48.600002
-25.127778,27.628889,22-05-2012,122.4,32.02,17.26,2.9,176.6,1.54,6.1000000000000005,116.4,60.2
-25.20639,27.558,22-05-2012,124.5,31.91,17.21,3.0,177.0,1.53,6.2,118.5,58.5
-24.69514,27.40906,22-05-2012,115.5,32.829998,18.289999,3.5,185.0,1.6999999,5.800000000000001,109.9,75.1
-27.363611,31.783333,22-05-2012,111.60000000000001,30.849998,18.9,33.0,144.5,1.14,5.6000000000000005,117.9,26.6
-30.733889,29.828333,22-05-2012,161.20000000000002,25.68,16.35,48.5,127.4,0.71,8.1,127.4,0.0
-27.169444,29.233889,22-05-2012,142.6,26.349998,12.58,1.9,145.40001,0.90999997,7.1000000000000005,135.6,9.8
-26.880278,26.965,22-05-2012,142.70000000000002,28.869999,15.36,1.5,168.40001,1.3,7.1000000000000005,135.6,32.8
-26.98472222,26.63227778,22-05-2012,140.20000000000002,29.09,15.62,1.2,174.1,1.36,7.0,133.3,40.8
-29.160278,26.573333,22-05-2012,134.9,29.13,14.349999,1.1,181.7,1.56,6.7,128.2,53.5
-30.336111,27.359444,22-05-2012,137.1,27.81,13.349999,1.5,164.1,1.35,6.9,130.3,33.8
-33.501667,21.624167,22-05-2012,15.0,28.5,13.059999,0.1,175.2,1.23,0.7000000000000001,14.2,161.0
-34.075556,20.145556,22-05-2012,11.100000000000001,30.0,16.57,6.0,183.0,1.36,0.6000000000000001,11.6,171.40001
-33.897778,20.012778,22-05-2012,11.0,30.769999,16.24,4.9,193.5,1.4599999,0.5,11.2,182.3
-24.058889,31.237222,23-05-2012,97.5,33.29,19.289999,1.2,153.7,1.49,4.9,92.6,61.100002
-30.398056,30.601944,23-05-2012,162.70000000000002,26.66,20.0,53.4,131.0,0.66999996,8.1,131.0,0.0
-30.160091,27.40124,23-05-2012,146.1,27.74,13.809999,1.5,163.2,1.37,7.300000000000001,138.90001,24.300001
-28.69485,28.23487,23-05-2012,191.20000000000002,25.47,12.88,27.4,148.40001,1.02,16.7,148.40001,0.0
-28.883333,27.89,23-05-2012,193.20000000000002,26.17,13.44,29.6,152.8,1.11,12.3,152.8,0.0
-34.005833,22.351111,23-05-2012,15.4,25.1,16.0,8.1,139.6,0.61,0.8,16.4,123.200005
-29.641944,30.6875,24-05-2012,241.4,27.26,18.33,84.200005,133.90001,0.77,31.1,133.90001,0.0
-30.830556,26.921389,24-05-2012,100.9,28.529999,12.969999,1.2,167.0,1.38,5.0,95.9,71.1
-29.380556,30.2775,24-05-2012,219.8,25.26,14.0,77.4,128.5,0.66999996,29.400000000000002,128.5,0.0
-30.679722,26.7125,24-05-2012,100.9,29.279999,13.469999,1.0,170.8,1.49,5.0,95.9,74.9
-29.615556,27.065278,24-05-2012,154.3,28.09,13.75,1.1,169.8,1.43,7.7,146.6,23.2
-34.031944,22.053333,24-05-2012,13.3,26.3,15.9,5.1,148.5,0.75,0.7000000000000001,13.3,135.2
-34.039722,22.133333,24-05-2012,13.4,26.119999,16.22,5.7000003,146.6,0.71,0.7000000000000001,13.5,133.1
-30.398056,30.601944,25-05-2012,162.70000000000002,26.66,20.0,53.4,131.0,0.66999996,8.1,131.0,0.0
-30.27402,30.69602,25-05-2012,173.8,26.59,19.869999,63.9,130.7,0.65999997,8.700000000000001,130.7,0.0
-29.658056,25.973333,25-05-2012,102.10000000000001,28.939999,14.219999,0.90000004,179.1,1.5999999,5.1000000000000005,97.1,82.0
-31.000833,26.353056,25-05-2012,76.0,28.31,12.28,0.8,167.3,1.4,3.8000000000000003,72.3,95.0
-28.460833,21.248889,25-05-2012,36.2,35.18,18.67,0.0,238.6,2.8,1.8,34.4,204.2
-29.803611,30.516111,25-05-2012,240.3,26.26,16.67,83.8,128.90001,0.69,33.1,128.90001,0.0
-29.758889,30.935278,26-05-2012,208.9,26.859999,19.49,79.700005,130.0,0.63,28.5,130.0,0.0
-28.760833,17.730278,27-05-2012,4.4,36.239998,21.74,0.0,239.2,3.03,0.2,4.1,235.1
-25.99136,27.84208,28-05-2012,147.70000000000002,28.119999,14.75,2.1000001,158.8,1.13,7.4,140.40001,18.4
-26.861111,28.884722,28-05-2012,134.5,26.9,12.91,2.3,151.0,0.98999995,6.7,127.9,23.1
-26.970278,27.211111,28-05-2012,144.9,28.49,15.059999,1.6,166.2,1.27,7.2,137.7,28.5
-26.45,28.085833,28-05-2012,141.4,27.42,13.79,2.1000001,155.90001,1.0699999,7.1000000000000005,134.40001,21.5
-27.01011111,26.69808333,29-05-2012,139.5,28.98,15.53,1.1,175.6,1.35,7.0,132.5,43.100002
-29.380556,30.2775,29-05-2012,219.8,25.26,14.0,77.4,128.5,0.66999996,29.400000000000002,128.5,0.0
-27.00222,28.76528,29-05-2012,143.5,26.96,13.04,2.2,150.40001,1.01,7.2,136.40001,14.0
-26.648056,27.089444,29-05-2012,144.3,28.46,14.83,1.6,165.40001,1.23,7.2,137.2,28.2
-26.880278,26.965,29-05-2012,142.70000000000002,28.869999,15.36,1.5,168.40001,1.3,7.1000000000000005,135.6,32.8
-26.98472222,26.63227778,29-05-2012,140.20000000000002,29.09,15.62,1.2,174.1,1.36,7.0,133.3,40.8
-31.000833,26.353056,29-05-2012,76.0,28.31,12.28,0.8,167.3,1.4,3.8000000000000003,72.3,95.0
-25.45963889,28.26430556,29-05-2012,126.9,30.599998,15.849999,2.4,167.0,1.3399999,6.300000000000001,120.700005,46.3
-29.161667,23.696389,30-05-2012,74.60000000000001,33.17,16.65,0.1,204.3,2.29,3.7,70.9,133.40001
-24.282222,28.090278,30-05-2012,111.2,30.9,16.1,3.1000001,168.7,1.4,5.6000000000000005,105.8,62.9
-27.937778,31.209444,30-05-2012,150.70000000000002,28.72,17.16,28.2,145.2,1.0,7.5,143.8,1.4
-28.404444,30.013056,30-05-2012,184.3,28.74,15.19,28.9,150.2,1.14,9.200000000000001,150.2,0.0
-28.1175,26.719444,30-05-2012,136.20000000000002,29.26,15.5,1.1,179.40001,1.5,6.800000000000001,129.40001,50.0
-28.44555556,32.325,12-05-2012,135.5,28.609999,20.039999,23.4,142.2,0.75,6.800000000000001,132.90001,9.3
-24.670833,28.560833,31-05-2012,130.0,30.91,15.599999,3.0,167.7,1.36,6.5,123.6,44.100002
-27.573056,24.746389,31-05-2012,113.4,32.09,16.56,0.4,207.0,1.9499999,5.7,107.700005,99.3
-30.679722,26.7125,31-05-2012,100.9,29.279999,13.469999,1.0,170.8,1.49,5.0,95.9,74.9
-28.44555556,32.325,12-07-2012,233.4,30.269999,20.689999,74.8,136.2,0.88,45.800000000000004,136.2,0.0
-33.38056,19.30167,31-05-2012,18.5,28.68,14.16,9.1,193.8,1.35,0.9,19.800001,174.0
-33.13083,18.86278,31-05-2012,17.5,31.89,17.529999,10.3,209.40001,1.7199999,0.9,18.9,190.5
-29.161667,23.696389,01-06-2012,74.60000000000001,33.17,16.65,0.1,204.3,2.29,3.7,70.9,133.40001
-28.7115,24.07288889,01-06-2012,90.10000000000001,32.719997,16.43,0.2,204.8,2.1599998,4.5,85.6,119.200005
-27.5275,30.858056,01-06-2012,188.20000000000002,27.34,15.25,72.8,139.7,0.87,9.4,139.7,0.0
-29.1825,23.575556,01-06-2012,70.2,33.18,16.77,0.1,208.8,2.3,3.5,66.6,142.2
-26.73806,27.59194,04-06-2012,147.0,27.859999,14.559999,1.8000001,161.40001,1.17,7.300000000000001,139.7,21.7
-32.502778,19.535833,04-06-2012,17.8,32.84,15.969999,0.7,223.40001,2.0,0.9,16.9,206.5
-25.127778,27.628889,05-06-2012,122.4,32.02,17.26,2.9,176.6,1.54,6.1000000000000005,116.4,60.2
-25.20639,27.558,05-06-2012,124.5,31.91,17.21,3.0,177.0,1.53,6.2,118.5,58.5
-24.69514,27.40906,05-06-2012,115.5,32.829998,18.289999,3.5,185.0,1.6999999,5.800000000000001,109.9,75.1
-26.006389,29.253889,05-06-2012,135.5,27.25,12.83,2.5,147.5,0.96999997,6.800000000000001,128.8,18.7
-28.747778,31.745833,05-06-2012,158.20000000000002,29.96,19.93,25.800001,147.8,0.97999996,7.9,147.8,0.0
-27.169444,29.233889,05-06-2012,142.6,26.349998,12.58,1.9,145.40001,0.90999997,7.1000000000000005,135.6,9.8
-34.250556,20.9925,05-06-2012,13.100000000000001,28.47,16.89,8.8,174.5,1.01,0.7000000000000001,14.0,160.5
-25.57877778,29.12747222,05-06-2012,125.9,30.109999,14.809999,2.2,161.7,1.27,6.300000000000001,119.700005,42.0
-23.658056,31.05,06-06-2012,79.30000000000001,33.5,19.32,1.0,158.7,1.53,4.0,75.4,83.3
-28.801278,31.955389,06-06-2012,139.4,29.359999,19.82,20.5,146.8,0.82,7.0,136.90001,9.900001
-27.02314,28.59389,06-06-2012,145.9,27.15,13.17,2.2,152.0,1.04,7.300000000000001,138.7,13.3
-27.4275,28.525833,06-06-2012,165.0,26.699999,12.91,8.1,150.40001,1.01,8.200000000000001,150.40001,0.0
-27.3,28.586944,06-06-2012,156.9,26.849998,12.98,1.8000001,150.5,1.02,7.800000000000001,149.1,1.4
-28.141944,26.417778,06-06-2012,133.4,29.57,15.179999,1.1,184.3,1.55,6.7,126.8,57.5
-28.1175,26.719444,06-06-2012,136.20000000000002,29.26,15.5,1.1,179.40001,1.5,6.800000000000001,129.40001,50.0
-28.44555556,32.325,08-08-2012,233.4,30.269999,20.689999,74.8,136.2,0.88,45.800000000000004,136.2,0.0
-33.7075,18.97444444,06-06-2012,13.5,30.619999,17.16,14.2,204.7,1.4699999,0.7000000000000001,16.9,187.8
-33.72266667,18.61691667,06-06-2012,9.200000000000001,28.65,17.18,11.8,195.3,1.16,0.5,12.1,183.2
-29.140556,31.391944,07-06-2012,163.70000000000002,28.38,19.52,41.8,139.5,0.75,8.200000000000001,139.5,0.0
-23.838611,31.640833,07-06-2012,89.9,34.44,19.859999,0.90000004,159.90001,1.65,4.5,85.4,74.5
-28.44555556,32.325,12-09-2012,233.4,30.269999,20.689999,74.8,136.2,0.88,45.800000000000004,136.2,0.0
-28.75,30.442778,07-06-2012,182.8,29.949999,17.42,23.4,152.1,1.1999999,9.1,152.1,0.0
-29.161667,30.629722,07-06-2012,218.9,25.73,14.86,70.6,132.0,0.69,42.300000000000004,132.0,0.0
-27.398611,26.614722,07-06-2012,134.0,29.529999,15.679999,1.2,182.6,1.4599999,6.7,127.4,55.2
-27.671111,27.236944,07-06-2012,145.70000000000002,28.949999,15.0,1.2,172.1,1.37,7.300000000000001,138.5,33.600002
-27.5275,30.858056,25-08-2011,98.5,29.06,15.92,6.5,157.2,0.94,4.9,94.200005,63.0
-27.4,26.624722,07-06-2012,134.0,29.529999,15.679999,1.2,182.6,1.4599999,6.7,127.4,55.2
-25.99136,27.84208,11-06-2012,147.70000000000002,28.119999,14.75,2.1000001,158.8,1.13,7.4,140.40001,18.4
-26.861111,28.884722,11-06-2012,134.5,26.9,12.91,2.3,151.0,0.98999995,6.7,127.9,23.1
-27.671111,27.236944,11-06-2012,145.70000000000002,28.949999,15.0,1.2,172.1,1.37,7.300000000000001,138.5,33.600002
-31.554722,29.245556,11-06-2012,121.7,25.25,17.35,16.4,122.9,0.58,6.1000000000000005,117.9,5.0
-33.818056,19.694722,11-06-2012,11.9,30.429998,15.95,6.4,199.7,1.43,0.6000000000000001,12.7,187.0
-27.935,26.126667,12-06-2012,117.30000000000001,29.779999,14.79,1.1,187.40001,1.54,5.9,111.5,75.9
-28.141944,26.417778,12-06-2012,133.4,29.57,15.179999,1.1,184.3,1.55,6.7,126.8,57.5
-29.658056,25.973333,12-06-2012,102.10000000000001,28.939999,14.219999,0.90000004,179.1,1.5999999,5.1000000000000005,97.1,82.0
-31.000833,26.353056,12-06-2012,76.0,28.31,12.28,0.8,167.3,1.4,3.8000000000000003,72.3,95.0
-30.534167,24.961944,12-06-2012,58.0,30.57,14.38,0.0,187.90001,1.8299999,2.9000000000000004,55.100002,132.8
-31.104278,29.399722,12-06-2012,132.9,26.14,17.06,18.7,130.3,0.76,6.6000000000000005,127.4,2.9
-34.075556,20.145556,12-06-2012,11.100000000000001,30.0,16.57,6.0,183.0,1.36,0.6000000000000001,11.6,171.40001
-25.45963889,28.26430556,12-06-2012,126.9,30.599998,15.849999,2.4,167.0,1.3399999,6.300000000000001,120.700005,46.3
-28.068333,31.55,12-06-2012,137.8,30.9,19.73,18.300001,149.6,1.25,6.9,136.7,12.900001
-29.161667,23.696389,13-06-2012,74.60000000000001,33.17,16.65,0.1,204.3,2.29,3.7,70.9,133.40001
-25.81048333,27.90955222,13-06-2012,141.8,29.289999,15.74,2.2,163.5,1.24,7.1000000000000005,134.8,28.7
-27.00222,28.76528,13-06-2012,143.5,26.96,13.04,2.2,150.40001,1.01,7.2,136.40001,14.0
-28.1175,26.719444,13-06-2012,136.20000000000002,29.26,15.5,1.1,179.40001,1.5,6.800000000000001,129.40001,50.0
-30.534167,24.961944,13-06-2012,58.0,30.57,14.38,0.0,187.90001,1.8299999,2.9000000000000004,55.100002,132.8
-30.568333,29.422778,13-06-2012,158.10000000000002,24.92,12.809999,21.5,132.2,0.74,7.9,132.2,0.0
-30.570833,29.150556,13-06-2012,164.8,24.73,12.66,26.0,133.40001,0.78,8.200000000000001,133.40001,0.0
-29.161667,23.696389,14-06-2012,74.60000000000001,33.17,16.65,0.1,204.3,2.29,3.7,70.9,133.40001
-26.905,32.324722,14-06-2012,92.0,32.79,19.56,29.2,149.0,1.3,4.6000000000000005,98.4,50.600002
-27.602222,29.942778,14-06-2012,171.8,28.8,14.46,18.0,152.6,1.13,8.6,152.6,0.0
-27.935,26.126667,14-06-2012,117.30000000000001,29.779999,14.79,1.1,187.40001,1.54,5.9,111.5,75.9
-28.1175,26.719444,14-06-2012,136.20000000000002,29.26,15.5,1.1,179.40001,1.5,6.800000000000001,129.40001,50.0
-31.000833,26.353056,14-06-2012,76.0,28.31,12.28,0.8,167.3,1.4,3.8000000000000003,72.3,95.0
-30.679722,26.7125,14-06-2012,100.9,29.279999,13.469999,1.0,170.8,1.49,5.0,95.9,74.9
-30.160091,27.40124,14-06-2012,146.1,27.74,13.809999,1.5,163.2,1.37,7.300000000000001,138.90001,24.300001
-30.86013889,29.07125,14-06-2012,144.20000000000002,26.359999,15.589999,4.6,135.8,0.88,7.2,135.8,0.0
-28.7115,24.07288889,15-06-2012,90.10000000000001,32.719997,16.43,0.2,204.8,2.1599998,4.5,85.6,119.200005
-27.01011111,26.69808333,15-06-2012,139.5,28.98,15.53,1.1,175.6,1.35,7.0,132.5,43.100002
-29.641944,30.6875,15-06-2012,241.4,27.26,18.33,84.200005,133.90001,0.77,31.1,133.90001,0.0
-26.648056,27.089444,15-06-2012,144.3,28.46,14.83,1.6,165.40001,1.23,7.2,137.2,28.2
-26.970278,27.211111,15-06-2012,144.9,28.49,15.059999,1.6,166.2,1.27,7.2,137.7,28.5
-26.880278,26.965,15-06-2012,142.70000000000002,28.869999,15.36,1.5,168.40001,1.3,7.1000000000000005,135.6,32.8
-26.98472222,26.63227778,15-06-2012,140.20000000000002,29.09,15.62,1.2,174.1,1.36,7.0,133.3,40.8
-27.398611,26.614722,15-06-2012,134.0,29.529999,15.679999,1.2,182.6,1.4599999,6.7,127.4,55.2
-29.1825,23.575556,15-06-2012,70.2,33.18,16.77,0.1,208.8,2.3,3.5,66.6,142.2
-22.91028,29.61111,18-06-2012,80.4,32.03,17.65,0.90000004,167.40001,1.48,4.0,76.4,91.0
-29.7775,29.470833,18-06-2012,267.7,24.21,12.259999,42.9,131.0,0.71999997,97.60000000000001,131.0,0.0
-29.744167,29.905833,18-06-2012,233.20000000000002,26.369999,14.79,79.200005,134.7,0.84999996,23.3,134.7,0.0
-26.861111,28.884722,18-06-2012,134.5,26.9,12.91,2.3,151.0,0.98999995,6.7,127.9,23.1
-26.73806,27.59194,18-06-2012,147.0,27.859999,14.559999,1.8000001,161.40001,1.17,7.300000000000001,139.7,21.7
-26.45,28.085833,18-06-2012,141.4,27.42,13.79,2.1000001,155.90001,1.0699999,7.1000000000000005,134.40001,21.5
-34.065833,20.404167,19-06-2012,11.200000000000001,30.529999,17.39,5.3,178.8,1.4,0.6000000000000001,11.400001,167.40001
-25.127778,27.628889,19-06-2012,122.4,32.02,17.26,2.9,176.6,1.54,6.1000000000000005,116.4,60.2
-25.20639,27.558,19-06-2012,124.5,31.91,17.21,3.0,177.0,1.53,6.2,118.5,58.5
-24.69514,27.40906,19-06-2012,115.5,32.829998,18.289999,3.5,185.0,1.6999999,5.800000000000001,109.9,75.1
-27.363611,31.783333,19-06-2012,111.60000000000001,30.849998,18.9,33.0,144.5,1.14,5.6000000000000005,117.9,26.6
-30.733889,29.828333,19-06-2012,161.20000000000002,25.68,16.35,48.5,127.4,0.71,8.1,127.4,0.0
-27.169444,29.233889,19-06-2012,142.6,26.349998,12.58,1.9,145.40001,0.90999997,7.1000000000000005,135.6,9.8
-27.00222,28.76528,19-06-2012,143.5,26.96,13.04,2.2,150.40001,1.01,7.2,136.40001,14.0
-29.160278,26.573333,19-06-2012,134.9,29.13,14.349999,1.1,181.7,1.56,6.7,128.2,53.5
-29.028629,24.638389,19-06-2012,93.10000000000001,32.01,15.82,0.1,203.0,2.07,4.7,88.4,114.6
-29.161667,23.696389,20-06-2012,74.60000000000001,33.17,16.65,0.1,204.3,2.29,3.7,70.9,133.40001
-24.282222,28.090278,20-06-2012,111.2,30.9,16.1,3.1000001,168.7,1.4,5.6000000000000005,105.8,62.9
-25.681111,31.783333,20-06-2012,124.2,31.13,18.01,24.1,142.2,1.0799999,6.2,122.8,19.4
-25.398889,31.610556,20-06-2012,124.60000000000001,31.029999,18.41,22.0,140.8,1.13,6.2,122.4,18.4
-30.398056,30.601944,20-06-2012,162.70000000000002,26.66,20.0,53.4,131.0,0.66999996,8.1,131.0,0.0
-30.27402,30.69602,20-06-2012,173.8,26.59,19.869999,63.9,130.7,0.65999997,8.700000000000001,130.7,0.0
-29.615556,27.065278,20-06-2012,154.3,28.09,13.75,1.1,169.8,1.43,7.7,146.6,23.2
-28.883333,27.89,20-06-2012,193.20000000000002,26.17,13.44,29.6,152.8,1.11,12.3,152.8,0.0
-34.405833,19.600556,20-06-2012,8.9,25.81,15.71,10.5,161.7,0.79999995,0.4,11.3,150.40001
-24.670833,28.560833,21-06-2012,130.0,30.91,15.599999,3.0,167.7,1.36,6.5,123.6,44.100002
-24.99328,30.81444,21-06-2012,185.9,25.55,12.67,112.8,132.5,0.68,9.3,132.5,0.0
-24.768889,31.39,21-06-2012,128.20000000000002,31.49,18.4,5.2000003,144.5,1.23,6.4,122.0,22.5
-27.802778,28.768333,21-06-2012,176.60000000000002,26.18,12.429999,23.800001,145.5,0.96,8.8,145.5,0.0
-27.935,26.126667,21-06-2012,117.30000000000001,29.779999,14.79,1.1,187.40001,1.54,5.9,111.5,75.9
-28.1175,26.719444,21-06-2012,136.20000000000002,29.26,15.5,1.1,179.40001,1.5,6.800000000000001,129.40001,50.0
-30.679722,26.7125,21-06-2012,100.9,29.279999,13.469999,1.0,170.8,1.49,5.0,95.9,74.9
-30.160091,27.40124,21-06-2012,146.1,27.74,13.809999,1.5,163.2,1.37,7.300000000000001,138.90001,24.300001
-30.336111,27.359444,21-06-2012,137.1,27.81,13.349999,1.5,164.1,1.35,6.9,130.3,33.8
-33.501667,21.624167,21-06-2012,15.0,28.5,13.059999,0.1,175.2,1.23,0.7000000000000001,14.2,161.0
-34.329722,18.990278,21-06-2012,7.2,25.1,15.71,23.4,163.0,0.71999997,0.4,16.7,146.3
-25.436111,31.982222,22-06-2012,116.0,32.309998,18.39,19.4,140.7,1.24,5.800000000000001,113.700005,27.0
-25.14944444,31.94055556,22-06-2012,113.5,31.71,18.289999,10.3,140.2,1.16,5.7,108.700005,31.5
-29.658056,25.973333,22-06-2012,102.10000000000001,28.939999,14.219999,0.90000004,179.1,1.5999999,5.1000000000000005,97.1,82.0
-31.000833,26.353056,22-06-2012,76.0,28.31,12.28,0.8,167.3,1.4,3.8000000000000003,72.3,95.0
-29.803611,30.516111,22-06-2012,240.3,26.26,16.67,83.8,128.90001,0.69,33.1,128.90001,0.0
-27.363611,31.783333,24-11-2015,16.8,33.2,20.109999,7.6,170.5,1.4399999,0.8,16.5,154.0
-28.760833,17.730278,24-06-2012,4.4,36.239998,21.74,0.0,239.2,3.03,0.2,4.1,235.1
-24.679167,30.8025,25-06-2012,184.60000000000002,27.609999,14.559999,64.8,144.5,0.93,9.200000000000001,144.5,0.0
-25.99136,27.84208,25-06-2012,147.70000000000002,28.119999,14.75,2.1000001,158.8,1.13,7.4,140.40001,18.4
-25.362222,31.956667,25-06-2012,114.7,31.75,18.1,16.5,139.5,1.15,5.7,111.4,28.1
-25.14944444,31.94055556,25-06-2012,113.5,31.71,18.289999,10.3,140.2,1.16,5.7,108.700005,31.5
-27.01011111,26.69808333,26-06-2012,139.5,28.98,15.53,1.1,175.6,1.35,7.0,132.5,43.100002
-24.183889,30.823889,26-06-2012,111.0,32.62,18.609999,3.5,154.2,1.41,5.6000000000000005,105.6,48.600002
-29.758889,30.935278,26-06-2012,208.9,26.859999,19.49,79.700005,130.0,0.63,28.5,130.0,0.0
-29.380556,30.2775,26-06-2012,219.8,25.26,14.0,77.4,128.5,0.66999996,29.400000000000002,128.5,0.0
-26.861111,28.884722,26-06-2012,134.5,26.9,12.91,2.3,151.0,0.98999995,6.7,127.9,23.1
-26.880278,26.965,26-06-2012,142.70000000000002,28.869999,15.36,1.5,168.40001,1.3,7.1000000000000005,135.6,32.8
-26.45,28.085833,26-06-2012,141.4,27.42,13.79,2.1000001,155.90001,1.0699999,7.1000000000000005,134.40001,21.5
-26.98472222,26.63227778,26-06-2012,140.20000000000002,29.09,15.62,1.2,174.1,1.36,7.0,133.3,40.8
-34.039722,22.133333,26-06-2012,13.4,26.119999,16.22,5.7000003,146.6,0.71,0.7000000000000001,13.5,133.1
-33.7075,18.97444444,26-06-2012,13.5,30.619999,17.16,14.2,204.7,1.4699999,0.7000000000000001,16.9,187.8
-33.72266667,18.61691667,26-06-2012,9.200000000000001,28.65,17.18,11.8,195.3,1.16,0.5,12.1,183.2
-25.45963889,28.26430556,26-06-2012,126.9,30.599998,15.849999,2.4,167.0,1.3399999,6.300000000000001,120.700005,46.3
-29.161667,23.696389,27-06-2012,74.60000000000001,33.17,16.65,0.1,204.3,2.29,3.7,70.9,133.40001
-25.81048333,27.90955222,27-06-2012,141.8,29.289999,15.74,2.2,163.5,1.24,7.1000000000000005,134.8,28.7
-30.830556,26.921389,27-06-2012,100.9,28.529999,12.969999,1.2,167.0,1.38,5.0,95.9,71.1
-24.058889,31.237222,27-06-2012,97.5,33.29,19.289999,1.2,153.7,1.49,4.9,92.6,61.100002
-28.404444,30.013056,27-06-2012,184.3,28.74,15.19,28.9,150.2,1.14,9.200000000000001,150.2,0.0
-27.4275,28.525833,27-06-2012,165.0,26.699999,12.91,8.1,150.40001,1.01,8.200000000000001,150.40001,0.0
-34.031944,22.053333,27-06-2012,13.3,26.3,15.9,5.1,148.5,0.75,0.7000000000000001,13.3,135.2
-32.595833,19.009444,27-06-2012,19.700000000000003,33.0,16.38,5.1,213.8,1.89,1.0,19.2,194.6
-28.058889,30.373611,27-06-2012,182.3,27.8,14.2,45.100002,147.1,0.98999995,9.1,147.1,0.0
-25.447222,30.711667,27-06-2012,154.5,28.89,16.0,38.9,145.0,1.0,7.7,145.0,0.0
-29.161667,23.696389,28-06-2012,74.60000000000001,33.17,16.65,0.1,204.3,2.29,3.7,70.9,133.40001
-29.641944,30.6875,28-06-2012,241.4,27.26,18.33,84.200005,133.90001,0.77,31.1,133.90001,0.0
-31.860278,18.6875,28-06-2012,17.3,31.519999,16.07,0.7,211.8,1.6999999,0.9,16.4,195.40001
-27.5275,30.858056,28-06-2012,188.20000000000002,27.34,15.25,72.8,139.7,0.87,9.4,139.7,0.0
-29.380556,30.2775,28-06-2012,219.8,25.26,14.0,77.4,128.5,0.66999996,29.400000000000002,128.5,0.0
-27.00222,28.76528,28-06-2012,143.5,26.96,13.04,2.2,150.40001,1.01,7.2,136.40001,14.0
-26.648056,27.089444,28-06-2012,144.3,28.46,14.83,1.6,165.40001,1.23,7.2,137.2,28.2
-29.028629,24.638389,28-06-2012,93.10000000000001,32.01,15.82,0.1,203.0,2.07,4.7,88.4,114.6
-29.1825,23.575556,28-06-2012,70.2,33.18,16.77,0.1,208.8,2.3,3.5,66.6,142.2
-25.49037,30.6986,29-06-2012,158.20000000000002,28.34,15.36,46.8,143.3,0.94,7.9,143.3,0.0
-30.398056,30.601944,29-06-2012,162.70000000000002,26.66,20.0,53.4,131.0,0.66999996,8.1,131.0,0.0
-30.27402,30.69602,29-06-2012,173.8,26.59,19.869999,63.9,130.7,0.65999997,8.700000000000001,130.7,0.0
-27.935,26.126667,29-06-2012,117.30000000000001,29.779999,14.79,1.1,187.40001,1.54,5.9,111.5,75.9
-28.1175,26.719444,29-06-2012,136.20000000000002,29.26,15.5,1.1,179.40001,1.5,6.800000000000001,129.40001,50.0
-25.127778,27.628889,03-07-2012,122.4,32.02,17.26,2.9,176.6,1.54,6.1000000000000005,116.4,60.2
-25.20639,27.558,03-07-2012,124.5,31.91,17.21,3.0,177.0,1.53,6.2,118.5,58.5
-24.69514,27.40906,03-07-2012,115.5,32.829998,18.289999,3.5,185.0,1.6999999,5.800000000000001,109.9,75.1
-28.747778,31.745833,03-07-2012,158.20000000000002,29.96,19.93,25.800001,147.8,0.97999996,7.9,147.8,0.0
-31.5653,18.3306,03-07-2012,13.100000000000001,29.98,16.119999,0.2,203.2,1.39,0.7000000000000001,12.400001,190.8
-24.39619444,27.08983333,04-07-2012,104.30000000000001,33.2,18.529999,4.0,184.5,1.77,5.2,99.3,85.200005
-28.801278,31.955389,04-07-2012,139.4,29.359999,19.82,20.5,146.8,0.82,7.0,136.90001,9.900001
-27.935,26.126667,04-07-2012,117.30000000000001,29.779999,14.79,1.1,187.40001,1.54,5.9,111.5,75.9
-28.141944,26.417778,04-07-2012,133.4,29.57,15.179999,1.1,184.3,1.55,6.7,126.8,57.5
-28.1175,26.719444,04-07-2012,136.20000000000002,29.26,15.5,1.1,179.40001,1.5,6.800000000000001,129.40001,50.0
-28.75,30.442778,05-07-2012,182.8,29.949999,17.42,23.4,152.1,1.1999999,9.1,152.1,0.0
-29.161667,30.629722,05-07-2012,218.9,25.73,14.86,70.6,132.0,0.69,42.300000000000004,132.0,0.0
-28.460833,21.248889,05-07-2012,36.2,35.18,18.67,0.0,238.6,2.8,1.8,34.4,204.2
-34.092222,21.295278,05-07-2012,14.3,28.38,16.029999,4.7000003,167.0,1.06,0.7000000000000001,14.400001,152.6
-33.38056,19.30167,05-07-2012,18.5,28.68,14.16,9.1,193.8,1.35,0.9,19.800001,174.0
-27.4,26.624722,05-07-2012,134.0,29.529999,15.679999,1.2,182.6,1.4599999,6.7,127.4,55.2
-27.573056,24.746389,06-07-2012,113.4,32.09,16.56,0.4,207.0,1.9499999,5.7,107.700005,99.3
-28.760833,17.730278,08-07-2012,0.6000000000000001,36.739998,20.64,0.0,251.7,2.99,0.0,0.5,251.2
-29.028629,24.638389,09-07-2012,39.6,35.36,17.359999,0.1,231.6,2.47,2.0,37.7,193.90001
-33.818056,19.694722,09-07-2012,15.9,30.779999,16.52,5.4,210.2,1.4599999,0.8,16.0,194.2
-26.861111,28.884722,10-07-2012,90.80000000000001,28.43,13.679999,2.2,152.7,1.04,4.5,86.3,66.4
-26.880278,26.965,10-07-2012,58.300000000000004,30.91,16.1,1.4,175.40001,1.42,2.9000000000000004,55.4,120.0
-26.45,28.085833,10-07-2012,75.7,29.349998,14.99,2.0,160.7,1.1899999,3.8000000000000003,72.0,88.700005
-26.98472222,26.63227778,10-07-2012,54.6,31.679998,16.699999,1.1,183.7,1.5699999,2.7,51.9,131.8
-27.935,26.126667,10-07-2012,46.2,32.2,15.95,1.0,198.6,1.73,2.3000000000000003,44.0,154.6
-28.1175,26.719444,10-07-2012,48.300000000000004,31.91,16.619999,1.0,191.7,1.73,2.4000000000000004,45.9,145.8
-28.69485,28.23487,10-07-2012,68.0,28.07,13.61,10.1,155.40001,1.14,3.4000000000000004,82.0,73.4
-31.104278,29.399722,10-07-2012,79.10000000000001,27.779999,17.99,13.5,141.3,0.9,4.0,80.4,60.9
-31.396,29.2651,10-07-2012,78.2,28.22,19.369999,9.8,143.3,0.90999997,3.9000000000000004,77.1,66.200005
-34.075556,20.145556,10-07-2012,18.1,30.46,17.359999,5.2000003,195.2,1.4,0.9,18.0,177.2
-25.45963889,28.26430556,10-07-2012,91.9,31.449999,16.99,2.3,167.0,1.36,4.6000000000000005,87.4,79.6
-28.338333,31.373611,10-07-2012,177.8,30.13,18.199999,61.7,136.3,1.03,17.0,136.3,0.0
-28.068333,31.55,10-07-2012,172.8,32.03,20.06,37.5,144.90001,1.28,8.6,144.90001,0.0
-28.760833,17.730278,11-07-2012,0.6000000000000001,36.739998,20.64,0.0,251.7,2.99,0.0,0.5,251.2
-29.161667,23.696389,11-07-2012,28.400000000000002,36.38,18.05,0.1,242.5,2.69,1.4000000000000001,27.0,215.5
-25.81048333,27.90955222,11-07-2012,83.60000000000001,30.73,17.08,2.1000001,166.5,1.3299999,4.2,79.5,87.0
-29.641944,30.6875,11-07-2012,85.7,29.09,19.01,50.2,135.1,0.89,4.3,115.3,19.800001
-28.883333,27.89,11-07-2012,65.4,29.099998,14.219999,10.900001,162.7,1.29,3.3000000000000003,80.8,81.9
-30.568333,29.422778,11-07-2012,86.5,26.72,13.49,15.3,139.40001,0.87,4.3,88.4,51.0
-30.86013889,29.07125,11-07-2012,77.4,28.15,16.48,4.2000003,147.2,1.03,3.9000000000000004,73.9,73.3
-30.570833,29.150556,11-07-2012,89.0,26.55,13.41,15.5,142.3,0.9,4.4,95.1,47.2
-30.77586667,29.03221667,11-07-2012,79.4,28.09,16.09,8.3,148.0,1.04,4.0,77.4,70.6
-34.250556,20.9925,11-07-2012,21.8,29.369999,17.38,7.6,181.5,1.0699999,1.1,21.800001,159.7
-28.44555556,32.325,09-10-2012,233.4,30.269999,20.689999,74.8,136.2,0.88,45.800000000000004,136.2,0.0
-26.648056,27.089444,12-07-2012,60.7,30.349998,15.639999,1.5,171.8,1.3299999,3.0,57.7,114.1
-27.902778,24.615556,12-07-2012,48.5,35.71,18.05,0.3,229.7,2.4299998,2.4000000000000004,46.0,183.7
-28.768056,20.720556,12-07-2012,14.3,37.37,19.77,0.0,270.80002,3.1299999,0.7000000000000001,13.6,257.2
-31.031389,28.883333,12-07-2012,78.10000000000001,27.72,15.969999,4.1,145.3,0.98999995,3.9000000000000004,74.5,70.8
-29.7775,29.470833,16-07-2012,118.10000000000001,25.849998,12.92,27.800001,136.1,0.81,5.9,127.3,8.8
-29.987778,29.851667,16-07-2012,93.30000000000001,27.22,14.839999,54.2,135.90001,0.84999996,4.7,118.5,17.4
-29.744167,29.905833,16-07-2012,92.30000000000001,28.199999,15.46,45.7,140.6,0.96999997,4.6000000000000005,121.1,19.5
-33.897778,20.012778,16-07-2012,15.8,31.07,16.859999,4.3,198.5,1.48,0.8,15.6,182.90001
-27.01011111,26.69808333,17-07-2012,53.6,31.519999,16.449999,1.1,184.40001,1.54,2.7,51.0,133.40001
-34.065833,20.404167,17-07-2012,16.900000000000002,31.199999,18.06,4.7000003,193.7,1.4599999,0.8,16.7,177.0
-25.127778,27.628889,17-07-2012,76.7,33.01,18.27,2.8,178.2,1.5799999,3.8000000000000003,73.0,105.200005
-25.20639,27.558,17-07-2012,74.5,32.76,18.119999,2.9,176.5,1.54,3.7,70.9,105.6
-24.69514,27.40906,17-07-2012,85.10000000000001,33.05,19.23,3.3,178.7,1.64,4.3,81.0,97.700005
-25.73411,27.21422,17-07-2012,75.0,30.769999,15.799999,2.1000001,167.3,1.3199999,3.8000000000000003,71.4,95.9
-27.363611,31.783333,17-07-2012,144.4,32.0,19.26,32.600002,138.90001,1.1899999,7.2,137.6,1.3000001
-30.733889,29.828333,17-07-2012,83.9,27.369999,17.199999,24.1,133.8,0.84,4.2,104.1,29.7
-26.648056,27.089444,17-07-2012,60.7,30.349998,15.639999,1.5,171.8,1.3299999,3.0,57.7,114.1
-26.970278,27.211111,17-07-2012,60.6,30.55,15.889999,1.5,173.8,1.4,3.0,57.7,116.1
-26.45,28.085833,17-07-2012,75.7,29.349998,14.99,2.0,160.7,1.1899999,3.8000000000000003,72.0,88.700005
-26.98472222,26.63227778,17-07-2012,54.6,31.679998,16.699999,1.1,183.7,1.5699999,2.7,51.9,131.8
-27.935,26.126667,17-07-2012,46.2,32.2,15.95,1.0,198.6,1.73,2.3000000000000003,44.0,154.6
-29.160278,26.573333,17-07-2012,46.2,32.48,15.509999,1.0,204.2,1.86,2.3000000000000003,43.9,160.3
-33.870833,20.003333,17-07-2012,14.8,31.429998,17.0,4.7000003,198.6,1.52,0.7000000000000001,14.8,183.8
-29.161667,23.696389,18-07-2012,28.400000000000002,36.38,18.05,0.1,242.5,2.69,1.4000000000000001,27.0,215.5
-24.39619444,27.08983333,18-07-2012,77.9,33.5,19.35,3.8,178.7,1.7199999,3.9000000000000004,74.200005,104.5
-26.905,32.324722,18-07-2012,159.5,33.809998,20.43,36.7,144.0,1.4,8.0,144.0,0.0
-30.398056,30.601944,18-07-2012,89.0,28.46,20.83,27.7,137.7,0.82,4.4,110.200005,27.5
-30.27402,30.69602,18-07-2012,88.7,28.4,20.63,35.100002,136.7,0.79999995,4.4,113.0,23.7
-27.169444,29.233889,18-07-2012,96.80000000000001,28.01,13.32,1.8000001,148.5,0.96999997,4.800000000000001,92.0,56.5
-26.861111,28.884722,18-07-2012,90.80000000000001,28.43,13.679999,2.2,152.7,1.04,4.5,86.3,66.4
-28.69485,28.23487,18-07-2012,68.0,28.07,13.61,10.1,155.40001,1.14,3.4000000000000004,82.0,73.4
-29.615556,27.065278,18-07-2012,53.0,31.05,14.969999,1.1,190.7,1.66,2.6,50.4,140.3
-28.883333,27.89,18-07-2012,65.4,29.099998,14.219999,10.900001,162.7,1.29,3.3000000000000003,80.8,81.9
-34.02861,22.22222,18-07-2012,31.8,26.23,16.9,5.5,156.6,0.7,1.6,30.9,125.700005
-34.405833,19.600556,18-07-2012,25.1,26.22,16.47,8.7,168.7,0.83,1.3,25.6,143.1
-30.160091,27.40124,19-07-2012,54.900000000000006,30.49,14.96,1.4,184.1,1.5699999,2.7,52.2,131.90001
-30.336111,27.359444,19-07-2012,53.6,30.429998,14.54,1.5,185.8,1.55,2.7,50.9,134.90001
-30.830556,26.921389,20-07-2012,40.5,31.08,14.28,1.1,197.7,1.64,2.0,38.5,159.2
-29.658056,25.973333,20-07-2012,35.1,32.53,15.349999,0.90000004,213.6,1.9399999,1.8,33.4,180.2
-31.000833,26.353056,20-07-2012,32.4,30.63,13.639999,0.8,207.0,1.64,1.6,30.800001,176.2
-30.679722,26.7125,20-07-2012,37.7,32.27,14.929999,1.0,205.2,1.8299999,1.9000000000000001,35.9,169.3
-28.460833,21.248889,20-07-2012,22.3,37.45,19.449999,0.0,258.2,3.11,1.1,21.2,237.0
-29.803611,30.516111,20-07-2012,80.2,28.029999,17.46,48.3,132.3,0.82,4.0,111.700005,20.6
-31.5653,18.3306,21-07-2012,0.5,31.15,16.57,0.2,226.8,1.55,0.0,0.5,226.3
-24.679167,30.8025,23-07-2012,249.5,27.07,15.29,125.9,131.7,0.83,56.800000000000004,131.7,0.0
-25.99136,27.84208,23-07-2012,84.10000000000001,29.8,16.13,2.0,163.40001,1.23,4.2,80.0,83.4
-26.880278,26.965,23-07-2012,58.300000000000004,30.91,16.1,1.4,175.40001,1.42,2.9000000000000004,55.4,120.0
-26.98472222,26.63227778,23-07-2012,54.6,31.679998,16.699999,1.1,183.7,1.5699999,2.7,51.9,131.8
-33.31388889,19.07472222,23-07-2012,10.200000000000001,31.56,16.83,10.6,220.3,1.64,0.5,11.900001,208.40001
-24.183889,30.823889,24-07-2012,152.8,32.69,19.99,3.4,148.0,1.4399999,7.6000000000000005,145.3,2.7
-26.861111,28.884722,24-07-2012,90.80000000000001,28.43,13.679999,2.2,152.7,1.04,4.5,86.3,66.4
-26.970278,27.211111,24-07-2012,60.6,30.55,15.889999,1.5,173.8,1.4,3.0,57.7,116.1
-27.802778,28.768333,24-07-2012,80.7,28.349998,13.24,11.1,150.7,1.06,4.0,89.4,61.3
-28.69485,28.23487,24-07-2012,68.0,28.07,13.61,10.1,155.40001,1.14,3.4000000000000004,82.0,73.4
-33.501667,21.624167,24-07-2012,19.900000000000002,29.84,14.009999,0.1,195.5,1.37,1.0,18.9,176.6
-29.161667,23.696389,25-07-2012,28.400000000000002,36.38,18.05,0.1,242.5,2.69,1.4000000000000001,27.0,215.5
-25.81048333,27.90955222,25-07-2012,83.60000000000001,30.73,17.08,2.1000001,166.5,1.3299999,4.2,79.5,87.0
-24.034167,31.123611,25-07-2012,165.10000000000002,32.48,19.88,14.900001,143.0,1.38,8.3,143.0,0.0
-29.380556,30.2775,25-07-2012,112.80000000000001,27.019999,14.5199995,61.7,132.0,0.76,5.6000000000000005,122.9,9.1
-28.058889,30.373611,25-07-2012,140.3,28.67,14.549999,39.100002,143.8,0.96,7.0,139.3,4.5
-29.641944,30.6875,26-07-2012,85.7,29.09,19.01,50.2,135.1,0.89,4.3,115.3,19.800001
-31.860278,18.6875,26-07-2012,1.3,32.469997,16.43,0.7,235.40001,1.8499999,0.1,1.2,234.2
-27.5275,30.858056,26-07-2012,181.10000000000002,28.34,15.509999,72.8,136.1,0.89,45.0,136.1,0.0
-29.380556,30.2775,26-07-2012,112.80000000000001,27.019999,14.5199995,61.7,132.0,0.76,5.6000000000000005,122.9,9.1
-27.00222,28.76528,26-07-2012,84.7,28.74,13.889999,2.1000001,154.2,1.09,4.2,80.5,73.700005
-26.648056,27.089444,26-07-2012,60.7,30.349998,15.639999,1.5,171.8,1.3299999,3.0,57.7,114.1
-29.758889,30.935278,27-07-2012,121.4,28.67,20.23,68.9,132.5,0.77,6.1000000000000005,126.200005,6.3
-30.27402,30.69602,28-07-2012,88.7,28.4,20.63,35.100002,136.7,0.79999995,4.4,113.0,23.7
-27.01011111,26.69808333,30-07-2012,53.6,31.519999,16.449999,1.1,184.40001,1.54,2.7,51.0,133.40001
-26.648056,27.089444,30-07-2012,60.7,30.349998,15.639999,1.5,171.8,1.3299999,3.0,57.7,114.1
-26.880278,26.965,30-07-2012,58.300000000000004,30.91,16.1,1.4,175.40001,1.42,2.9000000000000004,55.4,120.0
-26.98472222,26.63227778,30-07-2012,54.6,31.679998,16.699999,1.1,183.7,1.5699999,2.7,51.9,131.8
-31.554722,29.245556,30-07-2012,80.5,26.91,18.289999,11.8,134.90001,0.72999996,4.0,81.0,53.9
-33.38056,19.30167,30-07-2012,12.700000000000001,29.25,14.219999,7.6,208.3,1.42,0.6000000000000001,13.5,194.8
-25.127778,27.628889,31-07-2012,76.7,33.01,18.27,2.8,178.2,1.5799999,3.8000000000000003,73.0,105.200005
-25.20639,27.558,31-07-2012,74.5,32.76,18.119999,2.9,176.5,1.54,3.7,70.9,105.6
-26.861111,28.884722,31-07-2012,90.80000000000001,28.43,13.679999,2.2,152.7,1.04,4.5,86.3,66.4
-26.970278,27.211111,31-07-2012,60.6,30.55,15.889999,1.5,173.8,1.4,3.0,57.7,116.1
-26.73806,27.59194,31-07-2012,67.4,29.84,15.49,1.7,165.90001,1.29,3.4000000000000004,64.1,101.8
-26.45,28.085833,31-07-2012,75.7,29.349998,14.99,2.0,160.7,1.1899999,3.8000000000000003,72.0,88.700005
-31.104278,29.399722,31-07-2012,79.10000000000001,27.779999,17.99,13.5,141.3,0.9,4.0,80.4,60.9
-24.39619444,27.08983333,01-08-2012,77.9,33.5,19.35,3.8,178.7,1.7199999,3.9000000000000004,74.200005,104.5
-27.169444,29.233889,01-08-2012,96.80000000000001,28.01,13.32,1.8000001,148.5,0.96999997,4.800000000000001,92.0,56.5
-28.141944,26.417778,01-08-2012,47.400000000000006,32.149998,16.41,1.1,197.6,1.76,2.4000000000000004,45.100002,152.5
-28.1175,26.719444,01-08-2012,48.300000000000004,31.91,16.619999,1.0,191.7,1.73,2.4000000000000004,45.9,145.8
-33.13083,18.86278,01-08-2012,8.0,32.12,17.77,8.7,216.0,1.73,0.4,9.2,206.8
-28.75,30.442778,02-08-2012,113.4,31.64,17.82,13.8,151.6,1.29,5.7,117.3,34.3
-29.161667,30.629722,02-08-2012,140.0,27.14,15.639999,70.6,129.3,0.76,10.700000000000001,129.3,0.0
-27.00222,28.76528,02-08-2012,84.7,28.74,13.889999,2.1000001,154.2,1.09,4.2,80.5,73.700005
-26.648056,27.089444,02-08-2012,60.7,30.349998,15.639999,1.5,171.8,1.3299999,3.0,57.7,114.1
-27.398611,26.614722,02-08-2012,49.0,32.11,16.74,1.1,192.90001,1.67,2.5,46.600002,146.3
-28.376944,24.303056,02-08-2012,46.7,36.0,17.789999,0.3,231.8,2.52,2.3000000000000003,44.4,187.40001
-27.671111,27.236944,03-08-2012,53.1,31.199999,15.66,1.2,181.8,1.52,2.7,50.5,131.3
-28.735556,29.820556,04-08-2012,113.0,30.63,16.01,15.900001,151.2,1.22,5.6000000000000005,132.1,19.1
-28.760833,17.730278,05-08-2012,0.6000000000000001,36.739998,20.64,0.0,251.7,2.99,0.0,0.5,251.2
-25.99136,27.84208,06-08-2012,84.10000000000001,29.8,16.13,2.0,163.40001,1.23,4.2,80.0,83.4
-26.970278,27.211111,06-08-2012,60.6,30.55,15.889999,1.5,173.8,1.4,3.0,57.7,116.1
-33.818056,19.694722,06-08-2012,15.9,30.779999,16.52,5.4,210.2,1.4599999,0.8,16.0,194.2
-27.01011111,26.69808333,07-08-2012,53.6,31.519999,16.449999,1.1,184.40001,1.54,2.7,51.0,133.40001
-29.641944,30.6875,07-08-2012,85.7,29.09,19.01,50.2,135.1,0.89,4.3,115.3,19.800001
-28.735556,29.820556,07-08-2012,113.0,30.63,16.01,15.900001,151.2,1.22,5.6000000000000005,132.1,19.1
-26.880278,26.965,07-08-2012,58.300000000000004,30.91,16.1,1.4,175.40001,1.42,2.9000000000000004,55.4,120.0
-26.98472222,26.63227778,07-08-2012,54.6,31.679998,16.699999,1.1,183.7,1.5699999,2.7,51.9,131.8
-27.398611,26.614722,07-08-2012,49.0,32.11,16.74,1.1,192.90001,1.67,2.5,46.600002,146.3
-34.075556,20.145556,07-08-2012,18.1,30.46,17.359999,5.2000003,195.2,1.4,0.9,18.0,177.2
-25.45963889,28.26430556,07-08-2012,91.9,31.449999,16.99,2.3,167.0,1.36,4.6000000000000005,87.4,79.6
-28.338333,31.373611,07-08-2012,177.8,30.13,18.199999,61.7,136.3,1.03,17.0,136.3,0.0
-28.068333,31.55,07-08-2012,172.8,32.03,20.06,37.5,144.90001,1.28,8.6,144.90001,0.0
-25.57877778,29.12747222,07-08-2012,115.80000000000001,30.66,15.73,2.1000001,161.40001,1.26,5.800000000000001,110.1,51.3
-25.81048333,27.90955222,08-08-2012,83.60000000000001,30.73,17.08,2.1000001,166.5,1.3299999,4.2,79.5,87.0
-28.44555556,32.325,31-10-2012,233.4,30.269999,20.689999,74.8,136.2,0.88,45.800000000000004,136.2,0.0
-26.861111,28.884722,08-08-2012,90.80000000000001,28.43,13.679999,2.2,152.7,1.04,4.5,86.3,66.4
-26.45,28.085833,08-08-2012,75.7,29.349998,14.99,2.0,160.7,1.1899999,3.8000000000000003,72.0,88.700005
-27.273889,28.49,09-08-2012,76.3,29.07,14.299999,1.8000001,157.5,1.17,3.8000000000000003,72.6,84.9
-27.802778,28.768333,09-08-2012,80.7,28.349998,13.24,11.1,150.7,1.06,4.0,89.4,61.3
-27.00222,28.76528,10-08-2012,84.7,28.74,13.889999,2.1000001,154.2,1.09,4.2,80.5,73.700005
-27.02314,28.59389,10-08-2012,80.7,29.109999,14.24,2.1000001,157.0,1.15,4.0,76.8,80.200005
-26.648056,27.089444,10-08-2012,60.7,30.349998,15.639999,1.5,171.8,1.3299999,3.0,57.7,114.1
-27.573056,24.746389,10-08-2012,49.800000000000004,35.12,17.67,0.4,221.3,2.26,2.5,47.3,174.0
-34.065833,20.404167,12-08-2012,16.900000000000002,31.199999,18.06,4.7000003,193.7,1.4599999,0.8,16.7,177.0
-27.01011111,26.69808333,13-08-2012,53.6,31.519999,16.449999,1.1,184.40001,1.54,2.7,51.0,133.40001
-29.7775,29.470833,13-08-2012,118.10000000000001,25.849998,12.92,27.800001,136.1,0.81,5.9,127.3,8.8
-29.987778,29.851667,13-08-2012,93.30000000000001,27.22,14.839999,54.2,135.90001,0.84999996,4.7,118.5,17.4
-29.744167,29.905833,13-08-2012,92.30000000000001,28.199999,15.46,45.7,140.6,0.96999997,4.6000000000000005,121.1,19.5
-26.880278,26.965,13-08-2012,58.300000000000004,30.91,16.1,1.4,175.40001,1.42,2.9000000000000004,55.4,120.0
-26.98472222,26.63227778,13-08-2012,54.6,31.679998,16.699999,1.1,183.7,1.5699999,2.7,51.9,131.8
-25.127778,27.628889,14-08-2012,76.7,33.01,18.27,2.8,178.2,1.5799999,3.8000000000000003,73.0,105.200005
-24.39619444,27.08983333,14-08-2012,77.9,33.5,19.35,3.8,178.7,1.7199999,3.9000000000000004,74.200005,104.5
-24.69514,27.40906,14-08-2012,85.10000000000001,33.05,19.23,3.3,178.7,1.64,4.3,81.0,97.700005
-25.73411,27.21422,14-08-2012,75.0,30.769999,15.799999,2.1000001,167.3,1.3199999,3.8000000000000003,71.4,95.9
-26.03611,30.99778,14-08-2012,237.20000000000002,29.47,17.64,139.7,144.3,1.1,81.5,144.3,0.0
-27.363611,31.783333,14-08-2012,144.4,32.0,19.26,32.600002,138.90001,1.1899999,7.2,137.6,1.3000001
-26.73806,27.59194,14-08-2012,67.4,29.84,15.49,1.7,165.90001,1.29,3.4000000000000004,64.1,101.8
-26.45,28.085833,14-08-2012,75.7,29.349998,14.99,2.0,160.7,1.1899999,3.8000000000000003,72.0,88.700005
-27.273889,28.49,14-08-2012,76.3,29.07,14.299999,1.8000001,157.5,1.17,3.8000000000000003,72.6,84.9
-29.160278,26.573333,14-08-2012,46.2,32.48,15.509999,1.0,204.2,1.86,2.3000000000000003,43.9,160.3
-34.250556,20.9925,14-08-2012,21.8,29.369999,17.38,7.6,181.5,1.0699999,1.1,21.800001,159.7
-33.897778,20.012778,14-08-2012,15.8,31.07,16.859999,4.3,198.5,1.48,0.8,15.6,182.90001
-25.20639,27.558,15-08-2012,74.5,32.76,18.119999,2.9,176.5,1.54,3.7,70.9,105.6
-25.49037,30.6986,15-08-2012,185.8,28.83,16.359999,84.8,138.5,0.96999997,9.3,138.5,0.0
-30.398056,30.601944,15-08-2012,89.0,28.46,20.83,27.7,137.7,0.82,4.4,110.200005,27.5
-30.27402,30.69602,15-08-2012,88.7,28.4,20.63,35.100002,136.7,0.79999995,4.4,113.0,23.7
-27.169444,29.233889,15-08-2012,96.80000000000001,28.01,13.32,1.8000001,148.5,0.96999997,4.800000000000001,92.0,56.5
-27.3,28.586944,15-08-2012,79.10000000000001,28.98,14.139999,1.8000001,156.7,1.15,4.0,75.3,81.4
-29.033333,23.983333,15-08-2012,33.300000000000004,35.89,17.449999,0.2,236.2,2.55,1.7000000000000002,31.7,204.5
-28.69485,28.23487,15-08-2012,68.0,28.07,13.61,10.1,155.40001,1.14,3.4000000000000004,82.0,73.4
-29.615556,27.065278,15-08-2012,53.0,31.05,14.969999,1.1,190.7,1.66,2.6,50.4,140.3
-28.883333,27.89,15-08-2012,65.4,29.099998,14.219999,10.900001,162.7,1.29,3.3000000000000003,80.8,81.9
-34.405833,19.600556,15-08-2012,25.1,26.22,16.47,8.7,168.7,0.83,1.3,25.6,143.1
-25.447222,30.711667,15-08-2012,182.10000000000002,29.39,17.02,70.6,141.3,1.04,9.1,141.3,0.0
-30.13573889,30.67422222,16-08-2012,85.10000000000001,28.72,20.63,41.100002,137.40001,0.84999996,4.3,115.4,22.0
-26.648056,27.089444,16-08-2012,60.7,30.349998,15.639999,1.5,171.8,1.3299999,3.0,57.7,114.1
-27.902778,24.615556,16-08-2012,48.5,35.71,18.05,0.3,229.7,2.4299998,2.4000000000000004,46.0,183.7
-30.160091,27.40124,16-08-2012,54.900000000000006,30.49,14.96,1.4,184.1,1.5699999,2.7,52.2,131.90001
-30.336111,27.359444,16-08-2012,53.6,30.429998,14.54,1.5,185.8,1.55,2.7,50.9,134.90001
-30.830556,26.921389,17-08-2012,40.5,31.08,14.28,1.1,197.7,1.64,2.0,38.5,159.2
-29.658056,25.973333,17-08-2012,35.1,32.53,15.349999,0.90000004,213.6,1.9399999,1.8,33.4,180.2
-31.000833,26.353056,17-08-2012,32.4,30.63,13.639999,0.8,207.0,1.64,1.6,30.800001,176.2
-30.679722,26.7125,17-08-2012,37.7,32.27,14.929999,1.0,205.2,1.8299999,1.9000000000000001,35.9,169.3
-29.803611,30.516111,17-08-2012,80.2,28.029999,17.46,48.3,132.3,0.82,4.0,111.700005,20.6
-28.760833,17.730278,18-08-2012,0.6000000000000001,36.739998,20.64,0.0,251.7,2.99,0.0,0.5,251.2
-22.43772222,31.07805556,19-08-2012,149.8,34.96,20.75,0.5,157.2,1.75,7.5,142.3,14.900001
-24.679167,30.8025,20-08-2012,249.5,27.07,15.29,125.9,131.7,0.83,56.800000000000004,131.7,0.0
-25.99136,27.84208,20-08-2012,84.10000000000001,29.8,16.13,2.0,163.40001,1.23,4.2,80.0,83.4
-30.27402,30.69602,20-08-2012,88.7,28.4,20.63,35.100002,136.7,0.79999995,4.4,113.0,23.7
-26.880278,26.965,20-08-2012,58.300000000000004,30.91,16.1,1.4,175.40001,1.42,2.9000000000000004,55.4,120.0
-26.98472222,26.63227778,20-08-2012,54.6,31.679998,16.699999,1.1,183.7,1.5699999,2.7,51.9,131.8
-33.7075,18.97444444,20-08-2012,15.600000000000001,30.72,17.52,11.7,214.3,1.4599999,0.8,17.4,196.90001
-24.183889,30.823889,21-08-2012,152.8,32.69,19.99,3.4,148.0,1.4399999,7.6000000000000005,145.3,2.7
-29.380556,30.2775,21-08-2012,112.80000000000001,27.019999,14.5199995,61.7,132.0,0.76,5.6000000000000005,122.9,9.1
-26.45,28.085833,21-08-2012,75.7,29.349998,14.99,2.0,160.7,1.1899999,3.8000000000000003,72.0,88.700005
-33.464444,18.740556,21-08-2012,12.100000000000001,30.269999,17.33,9.0,214.3,1.4499999,0.6000000000000001,13.3,201.0
-25.45963889,28.26430556,21-08-2012,91.9,31.449999,16.99,2.3,167.0,1.36,4.6000000000000005,87.4,79.6
-25.81048333,27.90955222,22-08-2012,83.60000000000001,30.73,17.08,2.1000001,166.5,1.3299999,4.2,79.5,87.0
-24.058889,31.237222,22-08-2012,151.4,32.89,20.09,1.2,145.1,1.42,7.6000000000000005,143.90001,1.2
-27.169444,29.233889,22-08-2012,96.80000000000001,28.01,13.32,1.8000001,148.5,0.96999997,4.800000000000001,92.0,56.5
-27.273889,28.49,22-08-2012,76.3,29.07,14.299999,1.8000001,157.5,1.17,3.8000000000000003,72.6,84.9
-27.802778,28.768333,22-08-2012,80.7,28.349998,13.24,11.1,150.7,1.06,4.0,89.4,61.3
-28.058889,30.373611,22-08-2012,140.3,28.67,14.549999,39.100002,143.8,0.96,7.0,139.3,4.5
-29.161667,23.696389,23-08-2012,28.400000000000002,36.38,18.05,0.1,242.5,2.69,1.4000000000000001,27.0,215.5
-28.7115,24.07288889,23-08-2012,40.6,36.219997,17.789999,0.2,236.0,2.61,2.0,38.600002,197.40001
-31.860278,18.6875,23-08-2012,1.3,32.469997,16.43,0.7,235.40001,1.8499999,0.1,1.2,234.2
-27.937778,31.209444,23-08-2012,158.3,29.9,17.49,38.9,139.7,1.04,7.9,139.7,0.0
-26.648056,27.089444,23-08-2012,60.7,30.349998,15.639999,1.5,171.8,1.3299999,3.0,57.7,114.1
-29.1825,23.575556,23-08-2012,26.900000000000002,36.309998,18.21,0.1,242.40001,2.7,1.3,25.6,216.8
-34.031944,22.053333,23-08-2012,29.700000000000003,27.08,16.75,4.6,162.2,0.79999995,1.5,28.800001,133.40001
-34.02861,22.22222,23-08-2012,31.8,26.23,16.9,5.5,156.6,0.7,1.6,30.9,125.700005
-23.838611,31.640833,24-08-2012,137.8,34.219997,20.81,0.90000004,148.8,1.61,6.9,130.90001,17.9
-32.502778,19.535833,24-08-2012,2.6,33.739998,16.43,0.7,237.5,2.1599998,0.1,2.5,235.0
-29.380556,30.2775,26-08-2012,112.80000000000001,27.019999,14.5199995,61.7,132.0,0.76,5.6000000000000005,122.9,9.1
-29.641944,30.6875,27-08-2012,85.7,29.09,19.01,50.2,135.1,0.89,4.3,115.3,19.800001
-29.758889,30.935278,27-08-2012,121.4,28.67,20.23,68.9,132.5,0.77,6.1000000000000005,126.200005,6.3
-27.01011111,26.69808333,28-08-2012,53.6,31.519999,16.449999,1.1,184.40001,1.54,2.7,51.0,133.40001
-25.127778,27.628889,28-08-2012,76.7,33.01,18.27,2.8,178.2,1.5799999,3.8000000000000003,73.0,105.200005
-25.20639,27.558,28-08-2012,74.5,32.76,18.119999,2.9,176.5,1.54,3.7,70.9,105.6
-24.69514,27.40906,28-08-2012,85.10000000000001,33.05,19.23,3.3,178.7,1.64,4.3,81.0,97.700005
-28.747778,31.745833,28-08-2012,190.70000000000002,31.019999,20.27,63.3,139.6,1.0,13.600000000000001,139.6,0.0
-26.970278,27.211111,28-08-2012,60.6,30.55,15.889999,1.5,173.8,1.4,3.0,57.7,116.1
-26.880278,26.965,28-08-2012,58.300000000000004,30.91,16.1,1.4,175.40001,1.42,2.9000000000000004,55.4,120.0
-26.45,28.085833,28-08-2012,75.7,29.349998,14.99,2.0,160.7,1.1899999,3.8000000000000003,72.0,88.700005
-26.98472222,26.63227778,28-08-2012,54.6,31.679998,16.699999,1.1,183.7,1.5699999,2.7,51.9,131.8
-30.86013889,29.07125,28-08-2012,77.4,28.15,16.48,4.2000003,147.2,1.03,3.9000000000000004,73.9,73.3
-31.104278,29.399722,28-08-2012,79.10000000000001,27.779999,17.99,13.5,141.3,0.9,4.0,80.4,60.9
-31.396,29.2651,28-08-2012,78.2,28.22,19.369999,9.8,143.3,0.90999997,3.9000000000000004,77.1,66.200005
-31.554722,29.245556,28-08-2012,80.5,26.91,18.289999,11.8,134.90001,0.72999996,4.0,81.0,53.9
-33.501667,21.624167,28-08-2012,19.900000000000002,29.84,14.009999,0.1,195.5,1.37,1.0,18.9,176.6
-31.5653,18.3306,28-08-2012,0.5,31.15,16.57,0.2,226.8,1.55,0.0,0.5,226.3
-29.161667,23.696389,29-08-2012,28.400000000000002,36.38,18.05,0.1,242.5,2.69,1.4000000000000001,27.0,215.5
-28.801278,31.955389,29-08-2012,195.20000000000002,30.679998,20.449999,66.3,139.7,0.90999997,9.8,139.7,0.0
-28.141944,26.417778,29-08-2012,47.400000000000006,32.149998,16.41,1.1,197.6,1.76,2.4000000000000004,45.100002,152.5
-28.1175,26.719444,29-08-2012,48.300000000000004,31.91,16.619999,1.0,191.7,1.73,2.4000000000000004,45.9,145.8
-30.568333,29.422778,29-08-2012,86.5,26.72,13.49,15.3,139.40001,0.87,4.3,88.4,51.0
-30.77586667,29.03221667,29-08-2012,79.4,28.09,16.09,8.3,148.0,1.04,4.0,77.4,70.6
-33.13083,18.86278,29-08-2012,8.0,32.12,17.77,8.7,216.0,1.73,0.4,9.2,206.8
-24.282222,28.090278,30-08-2012,137.4,31.019999,17.07,2.9,160.8,1.35,6.9,130.7,30.1
-28.75,30.442778,30-08-2012,113.4,31.64,17.82,13.8,151.6,1.29,5.7,117.3,34.3
-29.161667,30.629722,30-08-2012,140.0,27.14,15.639999,70.6,129.3,0.76,10.700000000000001,129.3,0.0
-27.00222,28.76528,30-08-2012,84.7,28.74,13.889999,2.1000001,154.2,1.09,4.2,80.5,73.700005
-27.398611,26.614722,30-08-2012,49.0,32.11,16.74,1.1,192.90001,1.67,2.5,46.600002,146.3
-27.671111,27.236944,30-08-2012,53.1,31.199999,15.66,1.2,181.8,1.52,2.7,50.5,131.3
-33.38056,19.30167,30-08-2012,12.700000000000001,29.25,14.219999,7.6,208.3,1.42,0.6000000000000001,13.5,194.8
-27.902778,24.615556,31-08-2012,48.5,35.71,18.05,0.3,229.7,2.4299998,2.4000000000000004,46.0,183.7
-28.760833,17.730278,02-09-2012,0.6000000000000001,36.739998,20.64,0.0,251.7,2.99,0.0,0.5,251.2
-25.99136,27.84208,03-09-2012,84.10000000000001,29.8,16.13,2.0,163.40001,1.23,4.2,80.0,83.4
-22.43772222,31.07805556,03-09-2012,149.8,34.96,20.75,0.5,157.2,1.75,7.5,142.3,14.900001
-26.970278,27.211111,03-09-2012,60.6,30.55,15.889999,1.5,173.8,1.4,3.0,57.7,116.1
-27.3,28.586944,03-09-2012,79.10000000000001,28.98,14.139999,1.8000001,156.7,1.15,4.0,75.3,81.4
-31.031389,28.883333,03-09-2012,78.10000000000001,27.72,15.969999,4.1,145.3,0.98999995,3.9000000000000004,74.5,70.8
-33.818056,19.694722,03-09-2012,15.9,30.779999,16.52,5.4,210.2,1.4599999,0.8,16.0,194.2
-27.01011111,26.69808333,04-09-2012,53.6,31.519999,16.449999,1.1,184.40001,1.54,2.7,51.0,133.40001
-26.880278,26.965,04-09-2012,58.300000000000004,30.91,16.1,1.4,175.40001,1.42,2.9000000000000004,55.4,120.0
-26.98472222,26.63227778,04-09-2012,54.6,31.679998,16.699999,1.1,183.7,1.5699999,2.7,51.9,131.8
-27.671111,27.236944,04-09-2012,53.1,31.199999,15.66,1.2,181.8,1.52,2.7,50.5,131.3
-34.075556,20.145556,04-09-2012,18.1,30.46,17.359999,5.2000003,195.2,1.4,0.9,18.0,177.2
-25.45963889,28.26430556,04-09-2012,91.9,31.449999,16.99,2.3,167.0,1.36,4.6000000000000005,87.4,79.6
-28.338333,31.373611,04-09-2012,177.8,30.13,18.199999,61.7,136.3,1.03,17.0,136.3,0.0
-28.068333,31.55,04-09-2012,172.8,32.03,20.06,37.5,144.90001,1.28,8.6,144.90001,0.0
-27.4,26.624722,04-09-2012,49.0,32.11,16.74,1.1,192.90001,1.67,2.5,46.600002,146.3
-29.161667,23.696389,05-09-2012,28.400000000000002,36.38,18.05,0.1,242.5,2.69,1.4000000000000001,27.0,215.5
-25.81048333,27.90955222,05-09-2012,83.60000000000001,30.73,17.08,2.1000001,166.5,1.3299999,4.2,79.5,87.0
-27.602222,29.942778,05-09-2012,133.4,29.33,14.849999,13.0,151.2,1.0699999,6.7,131.7,19.5
-27.169444,29.233889,05-09-2012,96.80000000000001,28.01,13.32,1.8000001,148.5,0.96999997,4.800000000000001,92.0,56.5
-26.73806,27.59194,05-09-2012,67.4,29.84,15.49,1.7,165.90001,1.29,3.4000000000000004,64.1,101.8
-26.45,28.085833,05-09-2012,75.7,29.349998,14.99,2.0,160.7,1.1899999,3.8000000000000003,72.0,88.700005
-29.641944,30.6875,06-09-2012,85.7,29.09,19.01,50.2,135.1,0.89,4.3,115.3,19.800001
-29.161667,23.696389,07-09-2012,28.400000000000002,36.38,18.05,0.1,242.5,2.69,1.4000000000000001,27.0,215.5
-28.7115,24.07288889,07-09-2012,40.6,36.219997,17.789999,0.2,236.0,2.61,2.0,38.600002,197.40001
-27.02314,28.59389,07-09-2012,80.7,29.109999,14.24,2.1000001,157.0,1.15,4.0,76.8,80.200005
-27.273889,28.49,07-09-2012,76.3,29.07,14.299999,1.8000001,157.5,1.17,3.8000000000000003,72.6,84.9
-29.1825,23.575556,07-09-2012,26.900000000000002,36.309998,18.21,0.1,242.40001,2.7,1.3,25.6,216.8
-29.028629,24.638389,08-09-2012,39.6,35.36,17.359999,0.1,231.6,2.47,2.0,37.7,193.90001
-27.01011111,26.69808333,10-09-2012,53.6,31.519999,16.449999,1.1,184.40001,1.54,2.7,51.0,133.40001
-29.987778,29.851667,10-09-2012,93.30000000000001,27.22,14.839999,54.2,135.90001,0.84999996,4.7,118.5,17.4
-29.744167,29.905833,10-09-2012,92.30000000000001,28.199999,15.46,45.7,140.6,0.96999997,4.6000000000000005,121.1,19.5
-26.98472222,26.63227778,10-09-2012,54.6,31.679998,16.699999,1.1,183.7,1.5699999,2.7,51.9,131.8
-29.160278,26.573333,10-09-2012,46.2,32.48,15.509999,1.0,204.2,1.86,2.3000000000000003,43.9,160.3
-34.065833,20.404167,11-09-2012,16.900000000000002,31.199999,18.06,4.7000003,193.7,1.4599999,0.8,16.7,177.0
-25.127778,27.628889,11-09-2012,76.7,33.01,18.27,2.8,178.2,1.5799999,3.8000000000000003,73.0,105.200005
-24.39619444,27.08983333,11-09-2012,77.9,33.5,19.35,3.8,178.7,1.7199999,3.9000000000000004,74.200005,104.5
-24.69514,27.40906,11-09-2012,85.10000000000001,33.05,19.23,3.3,178.7,1.64,4.3,81.0,97.700005
-27.363611,31.783333,11-09-2012,144.4,32.0,19.26,32.600002,138.90001,1.1899999,7.2,137.6,1.3000001
-30.733889,29.828333,11-09-2012,83.9,27.369999,17.199999,24.1,133.8,0.84,4.2,104.1,29.7
-26.970278,27.211111,11-09-2012,60.6,30.55,15.889999,1.5,173.8,1.4,3.0,57.7,116.1
-26.45,28.085833,11-09-2012,75.7,29.349998,14.99,2.0,160.7,1.1899999,3.8000000000000003,72.0,88.700005
-28.69485,28.23487,11-09-2012,68.0,28.07,13.61,10.1,155.40001,1.14,3.4000000000000004,82.0,73.4
-29.615556,27.065278,11-09-2012,53.0,31.05,14.969999,1.1,190.7,1.66,2.6,50.4,140.3
-28.883333,27.89,11-09-2012,65.4,29.099998,14.219999,10.900001,162.7,1.29,3.3000000000000003,80.8,81.9
-33.897778,20.012778,11-09-2012,15.8,31.07,16.859999,4.3,198.5,1.48,0.8,15.6,182.90001
-29.161667,23.696389,12-09-2012,28.400000000000002,36.38,18.05,0.1,242.5,2.69,1.4000000000000001,27.0,215.5
-25.20639,27.558,12-09-2012,74.5,32.76,18.119999,2.9,176.5,1.54,3.7,70.9,105.6
-22.769722,30.886944,12-09-2012,187.0,32.75,19.63,33.600002,147.3,1.43,9.3,147.3,0.0
-28.44555556,32.325,24-01-2013,98.60000000000001,27.63,20.47,9.6,128.8,0.7,4.9,95.200005,33.600002
-26.905,32.324722,12-09-2012,159.5,33.809998,20.43,36.7,144.0,1.4,8.0,144.0,0.0
-30.398056,30.601944,12-09-2012,89.0,28.46,20.83,27.7,137.7,0.82,4.4,110.200005,27.5
-30.27402,30.69602,12-09-2012,88.7,28.4,20.63,35.100002,136.7,0.79999995,4.4,113.0,23.7
-30.160091,27.40124,12-09-2012,54.900000000000006,30.49,14.96,1.4,184.1,1.5699999,2.7,52.2,131.90001
-30.336111,27.359444,12-09-2012,53.6,30.429998,14.54,1.5,185.8,1.55,2.7,50.9,134.90001
-28.768056,20.720556,12-09-2012,14.3,37.37,19.77,0.0,270.80002,3.1299999,0.7000000000000001,13.6,257.2
-34.405833,19.600556,12-09-2012,25.1,26.22,16.47,8.7,168.7,0.83,1.3,25.6,143.1
-30.830556,26.921389,13-09-2012,40.5,31.08,14.28,1.1,197.7,1.64,2.0,38.5,159.2
-27.00222,28.76528,13-09-2012,84.7,28.74,13.889999,2.1000001,154.2,1.09,4.2,80.5,73.700005
-26.648056,27.089444,13-09-2012,60.7,30.349998,15.639999,1.5,171.8,1.3299999,3.0,57.7,114.1
-31.000833,26.353056,13-09-2012,32.4,30.63,13.639999,0.8,207.0,1.64,1.6,30.800001,176.2
-30.679722,26.7125,13-09-2012,37.7,32.27,14.929999,1.0,205.2,1.8299999,1.9000000000000001,35.9,169.3
-34.329722,18.990278,13-09-2012,27.1,25.0,16.01,18.2,164.0,0.7,1.4000000000000001,30.9,133.1
-27.573056,24.746389,14-09-2012,49.800000000000004,35.12,17.67,0.4,221.3,2.26,2.5,47.3,174.0
-29.658056,25.973333,14-09-2012,35.1,32.53,15.349999,0.90000004,213.6,1.9399999,1.8,33.4,180.2
-29.803611,30.516111,14-09-2012,80.2,28.029999,17.46,48.3,132.3,0.82,4.0,111.700005,20.6
-29.161667,23.696389,17-09-2012,28.400000000000002,36.38,18.05,0.1,242.5,2.69,1.4000000000000001,27.0,215.5
-25.99136,27.84208,17-09-2012,84.10000000000001,29.8,16.13,2.0,163.40001,1.23,4.2,80.0,83.4
-26.73806,27.59194,17-09-2012,67.4,29.84,15.49,1.7,165.90001,1.29,3.4000000000000004,64.1,101.8
-26.45,28.085833,17-09-2012,75.7,29.349998,14.99,2.0,160.7,1.1899999,3.8000000000000003,72.0,88.700005
-27.935,26.126667,17-09-2012,46.2,32.2,15.95,1.0,198.6,1.73,2.3000000000000003,44.0,154.6
-29.1825,23.575556,17-09-2012,26.900000000000002,36.309998,18.21,0.1,242.40001,2.7,1.3,25.6,216.8
-33.31388889,19.07472222,17-09-2012,10.200000000000001,31.56,16.83,10.6,220.3,1.64,0.5,11.900001,208.40001
-27.01011111,26.69808333,18-09-2012,53.6,31.519999,16.449999,1.1,184.40001,1.54,2.7,51.0,133.40001
-22.91028,29.61111,18-09-2012,155.3,31.439999,18.51,3.2,145.3,1.39,7.800000000000001,145.3,0.0
-27.5275,30.858056,18-09-2012,181.10000000000002,28.34,15.509999,72.8,136.1,0.89,45.0,136.1,0.0
-29.380556,30.2775,18-09-2012,112.80000000000001,27.019999,14.5199995,61.7,132.0,0.76,5.6000000000000005,122.9,9.1
-27.169444,29.233889,18-09-2012,96.80000000000001,28.01,13.32,1.8000001,148.5,0.96999997,4.800000000000001,92.0,56.5
-26.648056,27.089444,18-09-2012,60.7,30.349998,15.639999,1.5,171.8,1.3299999,3.0,57.7,114.1
-26.970278,27.211111,18-09-2012,60.6,30.55,15.889999,1.5,173.8,1.4,3.0,57.7,116.1
-26.880278,26.965,18-09-2012,58.300000000000004,30.91,16.1,1.4,175.40001,1.42,2.9000000000000004,55.4,120.0
-27.802778,28.768333,18-09-2012,80.7,28.349998,13.24,11.1,150.7,1.06,4.0,89.4,61.3
-33.7075,18.97444444,18-09-2012,15.600000000000001,30.72,17.52,11.7,214.3,1.4599999,0.8,17.4,196.90001
-25.45963889,28.26430556,18-09-2012,91.9,31.449999,16.99,2.3,167.0,1.36,4.6000000000000005,87.4,79.6
-29.161667,23.696389,19-09-2012,28.400000000000002,36.38,18.05,0.1,242.5,2.69,1.4000000000000001,27.0,215.5
-25.81048333,27.90955222,19-09-2012,83.60000000000001,30.73,17.08,2.1000001,166.5,1.3299999,4.2,79.5,87.0
-23.763056,27.908611,19-09-2012,119.9,32.44,18.34,2.6000001,166.2,1.5699999,6.0,114.1,52.100002
-27.00222,28.76528,19-09-2012,84.7,28.74,13.889999,2.1000001,154.2,1.09,4.2,80.5,73.700005
-27.273889,28.49,19-09-2012,76.3,29.07,14.299999,1.8000001,157.5,1.17,3.8000000000000003,72.6,84.9
-34.039722,22.133333,19-09-2012,30.700000000000003,26.859999,17.13,5.1,160.1,0.77,1.5,29.800001,130.3
-32.595833,19.009444,19-09-2012,3.4000000000000004,33.48,16.75,4.6,237.40001,1.9699999,0.2,3.7,233.7
-34.005833,22.351111,19-09-2012,36.2,25.699999,16.94,7.0,153.1,0.65999997,1.8,35.600002,117.5
-31.860278,18.6875,20-09-2012,1.3,32.469997,16.43,0.7,235.40001,1.8499999,0.1,1.2,234.2
-29.744167,29.905833,27-12-2013,57.0,28.789999,16.39,29.1,155.1,0.98999995,2.8000000000000003,104.200005,50.9
-24.282222,28.090278,20-09-2012,137.4,31.019999,17.07,2.9,160.8,1.35,6.9,130.7,30.1
-23.838611,31.640833,20-09-2012,137.8,34.219997,20.81,0.90000004,148.8,1.61,6.9,130.90001,17.9
-24.670833,28.560833,21-09-2012,110.0,31.15,16.69,2.9,163.90001,1.3199999,5.5,104.6,59.3
-32.502778,19.535833,21-09-2012,2.6,33.739998,16.43,0.7,237.5,2.1599998,0.1,2.5,235.0
-24.183889,30.823889,25-09-2012,152.8,32.69,19.99,3.4,148.0,1.4399999,7.6000000000000005,145.3,2.7
-25.127778,27.628889,25-09-2012,76.7,33.01,18.27,2.8,178.2,1.5799999,3.8000000000000003,73.0,105.200005
-25.20639,27.558,25-09-2012,74.5,32.76,18.119999,2.9,176.5,1.54,3.7,70.9,105.6
-24.69514,27.40906,25-09-2012,85.10000000000001,33.05,19.23,3.3,178.7,1.64,4.3,81.0,97.700005
-25.73411,27.21422,25-09-2012,75.0,30.769999,15.799999,2.1000001,167.3,1.3199999,3.8000000000000003,71.4,95.9
-26.45,28.085833,25-09-2012,75.7,29.349998,14.99,2.0,160.7,1.1899999,3.8000000000000003,72.0,88.700005
-31.396,29.2651,25-09-2012,78.2,28.22,19.369999,9.8,143.3,0.90999997,3.9000000000000004,77.1,66.200005
-31.554722,29.245556,25-09-2012,80.5,26.91,18.289999,11.8,134.90001,0.72999996,4.0,81.0,53.9
-33.501667,21.624167,25-09-2012,19.900000000000002,29.84,14.009999,0.1,195.5,1.37,1.0,18.9,176.6
-33.38056,19.30167,25-09-2012,12.700000000000001,29.25,14.219999,7.6,208.3,1.42,0.6000000000000001,13.5,194.8
-29.161667,23.696389,26-09-2012,28.400000000000002,36.38,18.05,0.1,242.5,2.69,1.4000000000000001,27.0,215.5
-27.01011111,26.69808333,26-09-2012,53.6,31.519999,16.449999,1.1,184.40001,1.54,2.7,51.0,133.40001
-24.39619444,27.08983333,26-09-2012,77.9,33.5,19.35,3.8,178.7,1.7199999,3.9000000000000004,74.200005,104.5
-29.380556,30.2775,26-09-2012,112.80000000000001,27.019999,14.5199995,61.7,132.0,0.76,5.6000000000000005,122.9,9.1
-26.648056,27.089444,26-09-2012,60.7,30.349998,15.639999,1.5,171.8,1.3299999,3.0,57.7,114.1
-26.880278,26.965,26-09-2012,58.300000000000004,30.91,16.1,1.4,175.40001,1.42,2.9000000000000004,55.4,120.0
-27.802778,28.768333,26-09-2012,80.7,28.349998,13.24,11.1,150.7,1.06,4.0,89.4,61.3
-26.98472222,26.63227778,26-09-2012,54.6,31.679998,16.699999,1.1,183.7,1.5699999,2.7,51.9,131.8
-28.141944,26.417778,26-09-2012,47.400000000000006,32.149998,16.41,1.1,197.6,1.76,2.4000000000000004,45.100002,152.5
-28.1175,26.719444,26-09-2012,48.300000000000004,31.91,16.619999,1.0,191.7,1.73,2.4000000000000004,45.9,145.8
-30.568333,29.422778,26-09-2012,86.5,26.72,13.49,15.3,139.40001,0.87,4.3,88.4,51.0
-30.570833,29.150556,26-09-2012,89.0,26.55,13.41,15.5,142.3,0.9,4.4,95.1,47.2
-31.104278,29.399722,26-09-2012,79.10000000000001,27.779999,17.99,13.5,141.3,0.9,4.0,80.4,60.9
-31.5653,18.3306,26-09-2012,0.5,31.15,16.57,0.2,226.8,1.55,0.0,0.5,226.3
-29.641944,30.6875,27-09-2012,85.7,29.09,19.01,50.2,135.1,0.89,4.3,115.3,19.800001
-24.679167,30.8025,27-09-2012,249.5,27.07,15.29,125.9,131.7,0.83,56.800000000000004,131.7,0.0
-28.747778,31.745833,27-09-2012,190.70000000000002,31.019999,20.27,63.3,139.6,1.0,13.600000000000001,139.6,0.0
-28.801278,31.955389,27-09-2012,195.20000000000002,30.679998,20.449999,66.3,139.7,0.90999997,9.8,139.7,0.0
-28.75,30.442778,27-09-2012,113.4,31.64,17.82,13.8,151.6,1.29,5.7,117.3,34.3
-29.758889,30.935278,27-09-2012,121.4,28.67,20.23,68.9,132.5,0.77,6.1000000000000005,126.200005,6.3
-29.161667,30.629722,27-09-2012,140.0,27.14,15.639999,70.6,129.3,0.76,10.700000000000001,129.3,0.0
-27.00222,28.76528,27-09-2012,84.7,28.74,13.889999,2.1000001,154.2,1.09,4.2,80.5,73.700005
-27.38972222,26.46388889,27-09-2012,48.1,32.25,16.84,1.2,195.5,1.6999999,2.4000000000000004,45.7,149.8
-27.398611,26.614722,27-09-2012,49.0,32.11,16.74,1.1,192.90001,1.67,2.5,46.600002,146.3
-27.671111,27.236944,27-09-2012,53.1,31.199999,15.66,1.2,181.8,1.52,2.7,50.5,131.3
-31.031389,28.883333,27-09-2012,78.10000000000001,27.72,15.969999,4.1,145.3,0.98999995,3.9000000000000004,74.5,70.8
-30.86013889,29.07125,27-09-2012,77.4,28.15,16.48,4.2000003,147.2,1.03,3.9000000000000004,73.9,73.3
-30.77586667,29.03221667,27-09-2012,79.4,28.09,16.09,8.3,148.0,1.04,4.0,77.4,70.6
-33.13083,18.86278,27-09-2012,8.0,32.12,17.77,8.7,216.0,1.73,0.4,9.2,206.8
-30.27402,30.69602,28-09-2012,88.7,28.4,20.63,35.100002,136.7,0.79999995,4.4,113.0,23.7
-27.902778,24.615556,28-09-2012,48.5,35.71,18.05,0.3,229.7,2.4299998,2.4000000000000004,46.0,183.7
-24.9675,31.516667,30-09-2012,164.10000000000002,32.239998,20.0,23.4,137.5,1.3299999,8.200000000000001,137.5,0.0
-29.161667,23.696389,01-10-2012,28.400000000000002,36.38,18.05,0.1,242.5,2.69,1.4000000000000001,27.0,215.5
-26.861111,28.884722,01-10-2012,90.80000000000001,28.43,13.679999,2.2,152.7,1.04,4.5,86.3,66.4
-26.73806,27.59194,01-10-2012,67.4,29.84,15.49,1.7,165.90001,1.29,3.4000000000000004,64.1,101.8
-26.45,28.085833,01-10-2012,75.7,29.349998,14.99,2.0,160.7,1.1899999,3.8000000000000003,72.0,88.700005
-33.818056,19.694722,01-10-2012,15.9,30.779999,16.52,5.4,210.2,1.4599999,0.8,16.0,194.2
-28.7115,24.07288889,02-10-2012,40.6,36.219997,17.789999,0.2,236.0,2.61,2.0,38.600002,197.40001
-23.658056,31.05,02-10-2012,134.70000000000002,33.13,20.22,1.0,146.7,1.4699999,6.7,128.0,18.7
-28.735556,29.820556,02-10-2012,113.0,30.63,16.01,15.900001,151.2,1.22,5.6000000000000005,132.1,19.1
-27.169444,29.233889,02-10-2012,96.80000000000001,28.01,13.32,1.8000001,148.5,0.96999997,4.800000000000001,92.0,56.5
-27.802778,28.768333,02-10-2012,80.7,28.349998,13.24,11.1,150.7,1.06,4.0,89.4,61.3
-27.398611,26.614722,02-10-2012,49.0,32.11,16.74,1.1,192.90001,1.67,2.5,46.600002,146.3
-27.671111,27.236944,02-10-2012,53.1,31.199999,15.66,1.2,181.8,1.52,2.7,50.5,131.3
-29.1825,23.575556,02-10-2012,26.900000000000002,36.309998,18.21,0.1,242.40001,2.7,1.3,25.6,216.8
-34.075556,20.145556,02-10-2012,18.1,30.46,17.359999,5.2000003,195.2,1.4,0.9,18.0,177.2
-25.45963889,28.26430556,02-10-2012,91.9,31.449999,16.99,2.3,167.0,1.36,4.6000000000000005,87.4,79.6
-28.338333,31.373611,02-10-2012,177.8,30.13,18.199999,61.7,136.3,1.03,17.0,136.3,0.0
-28.068333,31.55,02-10-2012,172.8,32.03,20.06,37.5,144.90001,1.28,8.6,144.90001,0.0
-27.01011111,26.69808333,03-10-2012,53.6,31.519999,16.449999,1.1,184.40001,1.54,2.7,51.0,133.40001
-25.81048333,27.90955222,03-10-2012,83.60000000000001,30.73,17.08,2.1000001,166.5,1.3299999,4.2,79.5,87.0
-29.641944,30.6875,03-10-2012,85.7,29.09,19.01,50.2,135.1,0.89,4.3,115.3,19.800001
-22.769722,30.886944,03-10-2012,187.0,32.75,19.63,33.600002,147.3,1.43,9.3,147.3,0.0
-27.00222,28.76528,03-10-2012,84.7,28.74,13.889999,2.1000001,154.2,1.09,4.2,80.5,73.700005
-27.02314,28.59389,03-10-2012,80.7,29.109999,14.24,2.1000001,157.0,1.15,4.0,76.8,80.200005
-26.648056,27.089444,03-10-2012,60.7,30.349998,15.639999,1.5,171.8,1.3299999,3.0,57.7,114.1
-26.880278,26.965,03-10-2012,58.300000000000004,30.91,16.1,1.4,175.40001,1.42,2.9000000000000004,55.4,120.0
-27.273889,28.49,03-10-2012,76.3,29.07,14.299999,1.8000001,157.5,1.17,3.8000000000000003,72.6,84.9
-27.4275,28.525833,03-10-2012,75.9,28.97,14.03,6.5,156.5,1.16,3.8000000000000003,73.700005,82.8
-27.3,28.586944,03-10-2012,79.10000000000001,28.98,14.139999,1.8000001,156.7,1.15,4.0,75.3,81.4
-34.092222,21.295278,03-10-2012,22.900000000000002,29.63,16.529999,4.1,179.0,1.14,1.1,22.4,156.6
-25.57877778,29.12747222,03-10-2012,115.80000000000001,30.66,15.73,2.1000001,161.40001,1.26,5.800000000000001,110.1,51.3
-27.602222,29.942778,04-10-2012,133.4,29.33,14.849999,13.0,151.2,1.0699999,6.7,131.7,19.5
-27.573056,24.746389,05-10-2012,49.800000000000004,35.12,17.67,0.4,221.3,2.26,2.5,47.3,174.0
-29.042222,24.6,05-10-2012,38.1,35.44,17.47,0.1,233.0,2.49,1.9000000000000001,36.2,196.8
-29.028629,24.638389,05-10-2012,39.6,35.36,17.359999,0.1,231.6,2.47,2.0,37.7,193.90001
-29.7775,29.470833,08-10-2012,118.10000000000001,25.849998,12.92,27.800001,136.1,0.81,5.9,127.3,8.8
-29.744167,29.905833,08-10-2012,92.30000000000001,28.199999,15.46,45.7,140.6,0.96999997,4.6000000000000005,121.1,19.5
-26.45,28.085833,08-10-2012,75.7,29.349998,14.99,2.0,160.7,1.1899999,3.8000000000000003,72.0,88.700005
-33.897778,20.012778,08-10-2012,15.8,31.07,16.859999,4.3,198.5,1.48,0.8,15.6,182.90001
-27.01011111,26.69808333,09-10-2012,53.6,31.519999,16.449999,1.1,184.40001,1.54,2.7,51.0,133.40001
-34.065833,20.404167,09-10-2012,16.900000000000002,31.199999,18.06,4.7000003,193.7,1.4599999,0.8,16.7,177.0
-25.127778,27.628889,09-10-2012,76.7,33.01,18.27,2.8,178.2,1.5799999,3.8000000000000003,73.0,105.200005
-24.39619444,27.08983333,09-10-2012,77.9,33.5,19.35,3.8,178.7,1.7199999,3.9000000000000004,74.200005,104.5
-24.69514,27.40906,09-10-2012,85.10000000000001,33.05,19.23,3.3,178.7,1.64,4.3,81.0,97.700005
-25.73411,27.21422,09-10-2012,75.0,30.769999,15.799999,2.1000001,167.3,1.3199999,3.8000000000000003,71.4,95.9
-30.733889,29.828333,09-10-2012,83.9,27.369999,17.199999,24.1,133.8,0.84,4.2,104.1,29.7
-26.648056,27.089444,09-10-2012,60.7,30.349998,15.639999,1.5,171.8,1.3299999,3.0,57.7,114.1
-26.970278,27.211111,09-10-2012,60.6,30.55,15.889999,1.5,173.8,1.4,3.0,57.7,116.1
-26.880278,26.965,09-10-2012,58.300000000000004,30.91,16.1,1.4,175.40001,1.42,2.9000000000000004,55.4,120.0
-27.802778,28.768333,09-10-2012,80.7,28.349998,13.24,11.1,150.7,1.06,4.0,89.4,61.3
-26.98472222,26.63227778,09-10-2012,54.6,31.679998,16.699999,1.1,183.7,1.5699999,2.7,51.9,131.8
-29.160278,26.573333,09-10-2012,46.2,32.48,15.509999,1.0,204.2,1.86,2.3000000000000003,43.9,160.3
-28.69485,28.23487,09-10-2012,68.0,28.07,13.61,10.1,155.40001,1.14,3.4000000000000004,82.0,73.4
-28.883333,27.89,09-10-2012,65.4,29.099998,14.219999,10.900001,162.7,1.29,3.3000000000000003,80.8,81.9
-28.068333,31.55,09-10-2012,172.8,32.03,20.06,37.5,144.90001,1.28,8.6,144.90001,0.0
-30.830556,26.921389,10-10-2012,40.5,31.08,14.28,1.1,197.7,1.64,2.0,38.5,159.2
-25.20639,27.558,10-10-2012,74.5,32.76,18.119999,2.9,176.5,1.54,3.7,70.9,105.6
-30.398056,30.601944,10-10-2012,89.0,28.46,20.83,27.7,137.7,0.82,4.4,110.200005,27.5
-27.00222,28.76528,10-10-2012,84.7,28.74,13.889999,2.1000001,154.2,1.09,4.2,80.5,73.700005
-31.000833,26.353056,10-10-2012,32.4,30.63,13.639999,0.8,207.0,1.64,1.6,30.800001,176.2
-28.768056,20.720556,10-10-2012,14.3,37.37,19.77,0.0,270.80002,3.1299999,0.7000000000000001,13.6,257.2
-34.031944,22.053333,10-10-2012,29.700000000000003,27.08,16.75,4.6,162.2,0.79999995,1.5,28.800001,133.40001
-34.039722,22.133333,10-10-2012,30.700000000000003,26.859999,17.13,5.1,160.1,0.77,1.5,29.800001,130.3
-34.405833,19.600556,10-10-2012,25.1,26.22,16.47,8.7,168.7,0.83,1.3,25.6,143.1
-34.005833,22.351111,10-10-2012,36.2,25.699999,16.94,7.0,153.1,0.65999997,1.8,35.600002,117.5
-30.830556,26.921389,11-10-2012,40.5,31.08,14.28,1.1,197.7,1.64,2.0,38.5,159.2
-30.679722,26.7125,11-10-2012,37.7,32.27,14.929999,1.0,205.2,1.8299999,1.9000000000000001,35.9,169.3
-30.160091,27.40124,11-10-2012,54.900000000000006,30.49,14.96,1.4,184.1,1.5699999,2.7,52.2,131.90001
-30.336111,27.359444,11-10-2012,53.6,30.429998,14.54,1.5,185.8,1.55,2.7,50.9,134.90001
-28.404444,30.013056,12-10-2012,122.7,30.25,15.849999,15.5,151.7,1.1999999,6.1000000000000005,129.90001,21.800001
-27.902778,24.615556,12-10-2012,48.5,35.71,18.05,0.3,229.7,2.4299998,2.4000000000000004,46.0,183.7
-29.658056,25.973333,12-10-2012,35.1,32.53,15.349999,0.90000004,213.6,1.9399999,1.8,33.4,180.2
-31.000833,26.353056,12-10-2012,32.4,30.63,13.639999,0.8,207.0,1.64,1.6,30.800001,176.2
-29.803611,30.516111,12-10-2012,80.2,28.029999,17.46,48.3,132.3,0.82,4.0,111.700005,20.6
-25.99136,27.84208,15-10-2012,84.10000000000001,29.8,16.13,2.0,163.40001,1.23,4.2,80.0,83.4
-26.45,28.085833,15-10-2012,75.7,29.349998,14.99,2.0,160.7,1.1899999,3.8000000000000003,72.0,88.700005
-33.31388889,19.07472222,15-10-2012,10.200000000000001,31.56,16.83,10.6,220.3,1.64,0.5,11.900001,208.40001
-29.161667,23.696389,16-10-2012,28.400000000000002,36.38,18.05,0.1,242.5,2.69,1.4000000000000001,27.0,215.5
-27.01011111,26.69808333,16-10-2012,53.6,31.519999,16.449999,1.1,184.40001,1.54,2.7,51.0,133.40001
-25.681111,31.783333,16-10-2012,170.10000000000002,31.949999,19.369999,51.100002,134.6,1.1899999,8.5,134.6,0.0
-29.380556,30.2775,16-10-2012,112.80000000000001,27.019999,14.5199995,61.7,132.0,0.76,5.6000000000000005,122.9,9.1
-26.648056,27.089444,16-10-2012,60.7,30.349998,15.639999,1.5,171.8,1.3299999,3.0,57.7,114.1
-26.970278,27.211111,16-10-2012,60.6,30.55,15.889999,1.5,173.8,1.4,3.0,57.7,116.1
-26.880278,26.965,16-10-2012,58.300000000000004,30.91,16.1,1.4,175.40001,1.42,2.9000000000000004,55.4,120.0
-26.98472222,26.63227778,16-10-2012,54.6,31.679998,16.699999,1.1,183.7,1.5699999,2.7,51.9,131.8
-27.935,26.126667,16-10-2012,46.2,32.2,15.95,1.0,198.6,1.73,2.3000000000000003,44.0,154.6
-29.160278,26.573333,16-10-2012,46.2,32.48,15.509999,1.0,204.2,1.86,2.3000000000000003,43.9,160.3
-29.1825,23.575556,16-10-2012,26.900000000000002,36.309998,18.21,0.1,242.40001,2.7,1.3,25.6,216.8
-34.250556,20.9925,16-10-2012,21.8,29.369999,17.38,7.6,181.5,1.0699999,1.1,21.800001,159.7
-33.7075,18.97444444,16-10-2012,15.600000000000001,30.72,17.52,11.7,214.3,1.4599999,0.8,17.4,196.90001
-25.45963889,28.26430556,16-10-2012,91.9,31.449999,16.99,2.3,167.0,1.36,4.6000000000000005,87.4,79.6
-29.161667,23.696389,17-10-2012,28.400000000000002,36.38,18.05,0.1,242.5,2.69,1.4000000000000001,27.0,215.5
-25.81048333,27.90955222,17-10-2012,83.60000000000001,30.73,17.08,2.1000001,166.5,1.3299999,4.2,79.5,87.0
-24.768889,31.39,17-10-2012,181.8,32.13,19.71,40.5,137.40001,1.3299999,9.1,137.40001,0.0
-24.9675,31.516667,17-10-2012,164.10000000000002,32.239998,20.0,23.4,137.5,1.3299999,8.200000000000001,137.5,0.0
-27.937778,31.209444,17-10-2012,158.3,29.9,17.49,38.9,139.7,1.04,7.9,139.7,0.0
-27.169444,29.233889,17-10-2012,96.80000000000001,28.01,13.32,1.8000001,148.5,0.96999997,4.800000000000001,92.0,56.5
-27.00222,28.76528,17-10-2012,84.7,28.74,13.889999,2.1000001,154.2,1.09,4.2,80.5,73.700005
-27.802778,28.768333,17-10-2012,80.7,28.349998,13.24,11.1,150.7,1.06,4.0,89.4,61.3
-32.595833,19.009444,17-10-2012,3.4000000000000004,33.48,16.75,4.6,237.40001,1.9699999,0.2,3.7,233.7
-28.058889,30.373611,17-10-2012,140.3,28.67,14.549999,39.100002,143.8,0.96,7.0,139.3,4.5
-31.860278,18.6875,18-10-2012,1.3,32.469997,16.43,0.7,235.40001,1.8499999,0.1,1.2,234.2
-27.273889,28.49,18-10-2012,76.3,29.07,14.299999,1.8000001,157.5,1.17,3.8000000000000003,72.6,84.9
-27.671111,27.236944,18-10-2012,53.1,31.199999,15.66,1.2,181.8,1.52,2.7,50.5,131.3
-25.14944444,31.94055556,19-10-2012,173.9,31.949999,19.18,45.7,129.7,1.15,8.700000000000001,129.7,0.0
-32.502778,19.535833,19-10-2012,2.6,33.739998,16.43,0.7,237.5,2.1599998,0.1,2.5,235.0
-31.031389,28.883333,21-10-2012,78.10000000000001,27.72,15.969999,4.1,145.3,0.98999995,3.9000000000000004,74.5,70.8
-24.679167,30.8025,22-10-2012,249.5,27.07,15.29,125.9,131.7,0.83,56.800000000000004,131.7,0.0
-26.861111,28.884722,22-10-2012,90.80000000000001,28.43,13.679999,2.2,152.7,1.04,4.5,86.3,66.4
-26.45,28.085833,22-10-2012,75.7,29.349998,14.99,2.0,160.7,1.1899999,3.8000000000000003,72.0,88.700005
-31.396,29.2651,22-10-2012,78.2,28.22,19.369999,9.8,143.3,0.90999997,3.9000000000000004,77.1,66.200005
-31.554722,29.245556,22-10-2012,80.5,26.91,18.289999,11.8,134.90001,0.72999996,4.0,81.0,53.9
-27.01011111,26.69808333,23-10-2012,53.6,31.519999,16.449999,1.1,184.40001,1.54,2.7,51.0,133.40001
-24.183889,30.823889,23-10-2012,152.8,32.69,19.99,3.4,148.0,1.4399999,7.6000000000000005,145.3,2.7
-25.127778,27.628889,23-10-2012,76.7,33.01,18.27,2.8,178.2,1.5799999,3.8000000000000003,73.0,105.200005
-25.20639,27.558,23-10-2012,74.5,32.76,18.119999,2.9,176.5,1.54,3.7,70.9,105.6
-24.69514,27.40906,23-10-2012,85.10000000000001,33.05,19.23,3.3,178.7,1.64,4.3,81.0,97.700005
-28.747778,31.745833,23-10-2012,190.70000000000002,31.019999,20.27,63.3,139.6,1.0,13.600000000000001,139.6,0.0
-26.648056,27.089444,23-10-2012,60.7,30.349998,15.639999,1.5,171.8,1.3299999,3.0,57.7,114.1
-26.970278,27.211111,23-10-2012,60.6,30.55,15.889999,1.5,173.8,1.4,3.0,57.7,116.1
-26.880278,26.965,23-10-2012,58.300000000000004,30.91,16.1,1.4,175.40001,1.42,2.9000000000000004,55.4,120.0
-27.802778,28.768333,23-10-2012,80.7,28.349998,13.24,11.1,150.7,1.06,4.0,89.4,61.3
-27.38972222,26.46388889,23-10-2012,48.1,32.25,16.84,1.2,195.5,1.6999999,2.4000000000000004,45.7,149.8
-26.98472222,26.63227778,23-10-2012,54.6,31.679998,16.699999,1.1,183.7,1.5699999,2.7,51.9,131.8
-28.69485,28.23487,23-10-2012,68.0,28.07,13.61,10.1,155.40001,1.14,3.4000000000000004,82.0,73.4
-30.568333,29.422778,23-10-2012,86.5,26.72,13.49,15.3,139.40001,0.87,4.3,88.4,51.0
-30.570833,29.150556,23-10-2012,89.0,26.55,13.41,15.5,142.3,0.9,4.4,95.1,47.2
-31.104278,29.399722,23-10-2012,79.10000000000001,27.779999,17.99,13.5,141.3,0.9,4.0,80.4,60.9
-33.501667,21.624167,23-10-2012,19.900000000000002,29.84,14.009999,0.1,195.5,1.37,1.0,18.9,176.6
-29.161667,23.696389,24-10-2012,28.400000000000002,36.38,18.05,0.1,242.5,2.69,1.4000000000000001,27.0,215.5
-24.39619444,27.08983333,24-10-2012,77.9,33.5,19.35,3.8,178.7,1.7199999,3.9000000000000004,74.200005,104.5
-24.058889,31.237222,24-10-2012,151.4,32.89,20.09,1.2,145.1,1.42,7.6000000000000005,143.90001,1.2
-28.141944,26.417778,24-10-2012,47.400000000000006,32.149998,16.41,1.1,197.6,1.76,2.4000000000000004,45.100002,152.5
-27.398611,26.614722,24-10-2012,49.0,32.11,16.74,1.1,192.90001,1.67,2.5,46.600002,146.3
-27.671111,27.236944,24-10-2012,53.1,31.199999,15.66,1.2,181.8,1.52,2.7,50.5,131.3
-30.679722,26.7125,24-10-2012,37.7,32.27,14.929999,1.0,205.2,1.8299999,1.9000000000000001,35.9,169.3
-30.336111,27.359444,24-10-2012,53.6,30.429998,14.54,1.5,185.8,1.55,2.7,50.9,134.90001
-28.768056,20.720556,24-10-2012,14.3,37.37,19.77,0.0,270.80002,3.1299999,0.7000000000000001,13.6,257.2
-30.86013889,29.07125,24-10-2012,77.4,28.15,16.48,4.2000003,147.2,1.03,3.9000000000000004,73.9,73.3
-30.77586667,29.03221667,24-10-2012,79.4,28.09,16.09,8.3,148.0,1.04,4.0,77.4,70.6
-33.13083,18.86278,24-10-2012,8.0,32.12,17.77,8.7,216.0,1.73,0.4,9.2,206.8
-28.75,30.442778,25-10-2012,113.4,31.64,17.82,13.8,151.6,1.29,5.7,117.3,34.3
-29.161667,30.629722,25-10-2012,140.0,27.14,15.639999,70.6,129.3,0.76,10.700000000000001,129.3,0.0
-27.38972222,26.46388889,25-10-2012,48.1,32.25,16.84,1.2,195.5,1.6999999,2.4000000000000004,45.7,149.8
-27.671111,27.236944,28-10-2012,53.1,31.199999,15.66,1.2,181.8,1.52,2.7,50.5,131.3
-28.068333,31.55,28-10-2012,172.8,32.03,20.06,37.5,144.90001,1.28,8.6,144.90001,0.0
-25.99136,27.84208,29-10-2012,84.10000000000001,29.8,16.13,2.0,163.40001,1.23,4.2,80.0,83.4
-27.00222,28.76528,29-10-2012,84.7,28.74,13.889999,2.1000001,154.2,1.09,4.2,80.5,73.700005
-26.45,28.085833,29-10-2012,75.7,29.349998,14.99,2.0,160.7,1.1899999,3.8000000000000003,72.0,88.700005
-27.01011111,26.69808333,30-10-2012,53.6,31.519999,16.449999,1.1,184.40001,1.54,2.7,51.0,133.40001
-26.648056,27.089444,30-10-2012,60.7,30.349998,15.639999,1.5,171.8,1.3299999,3.0,57.7,114.1
-26.970278,27.211111,30-10-2012,60.6,30.55,15.889999,1.5,173.8,1.4,3.0,57.7,116.1
-26.880278,26.965,30-10-2012,58.300000000000004,30.91,16.1,1.4,175.40001,1.42,2.9000000000000004,55.4,120.0
-26.98472222,26.63227778,30-10-2012,54.6,31.679998,16.699999,1.1,183.7,1.5699999,2.7,51.9,131.8
-29.160278,26.573333,30-10-2012,46.2,32.48,15.509999,1.0,204.2,1.86,2.3000000000000003,43.9,160.3
-25.45963889,28.26430556,30-10-2012,91.9,31.449999,16.99,2.3,167.0,1.36,4.6000000000000005,87.4,79.6
-28.338333,31.373611,30-10-2012,177.8,30.13,18.199999,61.7,136.3,1.03,17.0,136.3,0.0
-25.57877778,29.12747222,30-10-2012,115.80000000000001,30.66,15.73,2.1000001,161.40001,1.26,5.800000000000001,110.1,51.3
-29.161667,23.696389,31-10-2012,28.400000000000002,36.38,18.05,0.1,242.5,2.69,1.4000000000000001,27.0,215.5
-25.81048333,27.90955222,31-10-2012,83.60000000000001,30.73,17.08,2.1000001,166.5,1.3299999,4.2,79.5,87.0
-29.641944,30.6875,31-10-2012,85.7,29.09,19.01,50.2,135.1,0.89,4.3,115.3,19.800001
-22.769722,30.886944,31-10-2012,187.0,32.75,19.63,33.600002,147.3,1.43,9.3,147.3,0.0
-28.44555556,32.325,21-02-2013,98.60000000000001,27.63,20.47,9.6,128.8,0.7,4.9,95.200005,33.600002
-26.73806,27.59194,31-10-2012,67.4,29.84,15.49,1.7,165.90001,1.29,3.4000000000000004,64.1,101.8
-23.658056,31.05,01-11-2012,134.70000000000002,33.13,20.22,1.0,146.7,1.4699999,6.7,128.0,18.7
-29.161667,23.696389,02-11-2012,28.400000000000002,36.38,18.05,0.1,242.5,2.69,1.4000000000000001,27.0,215.5
-28.7115,24.07288889,02-11-2012,40.6,36.219997,17.789999,0.2,236.0,2.61,2.0,38.600002,197.40001
-29.1825,23.575556,02-11-2012,26.900000000000002,36.309998,18.21,0.1,242.40001,2.7,1.3,25.6,216.8
-29.7775,29.470833,05-11-2012,118.10000000000001,25.849998,12.92,27.800001,136.1,0.81,5.9,127.3,8.8
-29.987778,29.851667,05-11-2012,93.30000000000001,27.22,14.839999,54.2,135.90001,0.84999996,4.7,118.5,17.4
-29.744167,29.905833,05-11-2012,92.30000000000001,28.199999,15.46,45.7,140.6,0.96999997,4.6000000000000005,121.1,19.5
-26.970278,27.211111,05-11-2012,60.6,30.55,15.889999,1.5,173.8,1.4,3.0,57.7,116.1
-26.45,28.085833,05-11-2012,75.7,29.349998,14.99,2.0,160.7,1.1899999,3.8000000000000003,72.0,88.700005
-33.818056,19.694722,05-11-2012,15.9,30.779999,16.52,5.4,210.2,1.4599999,0.8,16.0,194.2
-33.897778,20.012778,05-11-2012,15.8,31.07,16.859999,4.3,198.5,1.48,0.8,15.6,182.90001
-34.065833,20.404167,06-11-2012,16.900000000000002,31.199999,18.06,4.7000003,193.7,1.4599999,0.8,16.7,177.0
-24.670833,28.560833,06-11-2012,110.0,31.15,16.69,2.9,163.90001,1.3199999,5.5,104.6,59.3
-25.127778,27.628889,06-11-2012,76.7,33.01,18.27,2.8,178.2,1.5799999,3.8000000000000003,73.0,105.200005
-25.20639,27.558,06-11-2012,74.5,32.76,18.119999,2.9,176.5,1.54,3.7,70.9,105.6
-24.39619444,27.08983333,06-11-2012,77.9,33.5,19.35,3.8,178.7,1.7199999,3.9000000000000004,74.200005,104.5
-24.69514,27.40906,06-11-2012,85.10000000000001,33.05,19.23,3.3,178.7,1.64,4.3,81.0,97.700005
-26.03611,30.99778,06-11-2012,237.20000000000002,29.47,17.64,139.7,144.3,1.1,81.5,144.3,0.0
-27.363611,31.783333,06-11-2012,144.4,32.0,19.26,32.600002,138.90001,1.1899999,7.2,137.6,1.3000001
-30.733889,29.828333,06-11-2012,83.9,27.369999,17.199999,24.1,133.8,0.84,4.2,104.1,29.7
-27.38972222,26.46388889,06-11-2012,48.1,32.25,16.84,1.2,195.5,1.6999999,2.4000000000000004,45.7,149.8
-27.398611,26.614722,06-11-2012,49.0,32.11,16.74,1.1,192.90001,1.67,2.5,46.600002,146.3
-27.671111,27.236944,06-11-2012,53.1,31.199999,15.66,1.2,181.8,1.52,2.7,50.5,131.3
-29.160278,26.573333,06-11-2012,46.2,32.48,15.509999,1.0,204.2,1.86,2.3000000000000003,43.9,160.3
-28.69485,28.23487,06-11-2012,68.0,28.07,13.61,10.1,155.40001,1.14,3.4000000000000004,82.0,73.4
-28.883333,27.89,06-11-2012,65.4,29.099998,14.219999,10.900001,162.7,1.29,3.3000000000000003,80.8,81.9
-34.092222,21.295278,06-11-2012,22.900000000000002,29.63,16.529999,4.1,179.0,1.14,1.1,22.4,156.6
-34.075556,20.145556,06-11-2012,18.1,30.46,17.359999,5.2000003,195.2,1.4,0.9,18.0,177.2
-29.161667,23.696389,07-11-2012,28.400000000000002,36.38,18.05,0.1,242.5,2.69,1.4000000000000001,27.0,215.5
-22.935,28.004167,07-11-2012,102.9,33.43,19.84,0.2,166.0,1.77,5.1000000000000005,97.700005,68.3
-26.905,32.324722,07-11-2012,159.5,33.809998,20.43,36.7,144.0,1.4,8.0,144.0,0.0
-30.398056,30.601944,07-11-2012,89.0,28.46,20.83,27.7,137.7,0.82,4.4,110.200005,27.5
-30.27402,30.69602,07-11-2012,88.7,28.4,20.63,35.100002,136.7,0.79999995,4.4,113.0,23.7
-27.3,28.586944,07-11-2012,79.10000000000001,28.98,14.139999,1.8000001,156.7,1.15,4.0,75.3,81.4
-29.615556,27.065278,07-11-2012,53.0,31.05,14.969999,1.1,190.7,1.66,2.6,50.4,140.3
-34.405833,19.600556,07-11-2012,25.1,26.22,16.47,8.7,168.7,0.83,1.3,25.6,143.1
-27.01011111,26.69808333,08-11-2012,53.6,31.519999,16.449999,1.1,184.40001,1.54,2.7,51.0,133.40001
-30.830556,26.921389,08-11-2012,40.5,31.08,14.28,1.1,197.7,1.64,2.0,38.5,159.2
-22.91028,29.61111,08-11-2012,155.3,31.439999,18.51,3.2,145.3,1.39,7.800000000000001,145.3,0.0
-26.861111,28.884722,08-11-2012,90.80000000000001,28.43,13.679999,2.2,152.7,1.04,4.5,86.3,66.4
-27.00222,28.76528,08-11-2012,84.7,28.74,13.889999,2.1000001,154.2,1.09,4.2,80.5,73.700005
-27.02314,28.59389,08-11-2012,80.7,29.109999,14.24,2.1000001,157.0,1.15,4.0,76.8,80.200005
-26.648056,27.089444,08-11-2012,60.7,30.349998,15.639999,1.5,171.8,1.3299999,3.0,57.7,114.1
-26.880278,26.965,08-11-2012,58.300000000000004,30.91,16.1,1.4,175.40001,1.42,2.9000000000000004,55.4,120.0
-26.98472222,26.63227778,08-11-2012,54.6,31.679998,16.699999,1.1,183.7,1.5699999,2.7,51.9,131.8
-29.028629,24.638389,08-11-2012,39.6,35.36,17.359999,0.1,231.6,2.47,2.0,37.7,193.90001
-30.679722,26.7125,08-11-2012,37.7,32.27,14.929999,1.0,205.2,1.8299999,1.9000000000000001,35.9,169.3
-30.160091,27.40124,08-11-2012,54.900000000000006,30.49,14.96,1.4,184.1,1.5699999,2.7,52.2,131.90001
-30.336111,27.359444,08-11-2012,53.6,30.429998,14.54,1.5,185.8,1.55,2.7,50.9,134.90001
-34.329722,18.990278,08-11-2012,27.1,25.0,16.01,18.2,164.0,0.7,1.4000000000000001,30.9,133.1
-29.658056,25.973333,09-11-2012,35.1,32.53,15.349999,0.90000004,213.6,1.9399999,1.8,33.4,180.2
-31.000833,26.353056,09-11-2012,32.4,30.63,13.639999,0.8,207.0,1.64,1.6,30.800001,176.2
-29.803611,30.516111,09-11-2012,80.2,28.029999,17.46,48.3,132.3,0.82,4.0,111.700005,20.6
-25.99136,27.84208,12-11-2012,84.10000000000001,29.8,16.13,2.0,163.40001,1.23,4.2,80.0,83.4
-26.861111,28.884722,12-11-2012,90.80000000000001,28.43,13.679999,2.2,152.7,1.04,4.5,86.3,66.4
-26.45,28.085833,12-11-2012,75.7,29.349998,14.99,2.0,160.7,1.1899999,3.8000000000000003,72.0,88.700005
-27.671111,27.236944,12-11-2012,53.1,31.199999,15.66,1.2,181.8,1.52,2.7,50.5,131.3
-33.38056,19.30167,12-11-2012,12.700000000000001,29.25,14.219999,7.6,208.3,1.42,0.6000000000000001,13.5,194.8
-32.502778,19.535833,12-11-2012,2.6,33.739998,16.43,0.7,237.5,2.1599998,0.1,2.5,235.0
-27.01011111,26.69808333,13-11-2012,53.6,31.519999,16.449999,1.1,184.40001,1.54,2.7,51.0,133.40001
-31.860278,18.6875,13-11-2012,1.3,32.469997,16.43,0.7,235.40001,1.8499999,0.1,1.2,234.2
-25.73411,27.21422,13-11-2012,75.0,30.769999,15.799999,2.1000001,167.3,1.3199999,3.8000000000000003,71.4,95.9
-22.43772222,31.07805556,13-11-2012,149.8,34.96,20.75,0.5,157.2,1.75,7.5,142.3,14.900001
-29.380556,30.2775,13-11-2012,112.80000000000001,27.019999,14.5199995,61.7,132.0,0.76,5.6000000000000005,122.9,9.1
-27.169444,29.233889,13-11-2012,96.80000000000001,28.01,13.32,1.8000001,148.5,0.96999997,4.800000000000001,92.0,56.5
-27.00222,28.76528,13-11-2012,84.7,28.74,13.889999,2.1000001,154.2,1.09,4.2,80.5,73.700005
-26.970278,27.211111,13-11-2012,60.6,30.55,15.889999,1.5,173.8,1.4,3.0,57.7,116.1
-26.880278,26.965,13-11-2012,58.300000000000004,30.91,16.1,1.4,175.40001,1.42,2.9000000000000004,55.4,120.0
-26.98472222,26.63227778,13-11-2012,54.6,31.679998,16.699999,1.1,183.7,1.5699999,2.7,51.9,131.8
-27.935,26.126667,13-11-2012,46.2,32.2,15.95,1.0,198.6,1.73,2.3000000000000003,44.0,154.6
-32.595833,19.009444,13-11-2012,3.4000000000000004,33.48,16.75,4.6,237.40001,1.9699999,0.2,3.7,233.7
-25.45963889,28.26430556,13-11-2012,91.9,31.449999,16.99,2.3,167.0,1.36,4.6000000000000005,87.4,79.6
-29.161667,23.696389,14-11-2012,28.400000000000002,36.38,18.05,0.1,242.5,2.69,1.4000000000000001,27.0,215.5
-25.81048333,27.90955222,14-11-2012,83.60000000000001,30.73,17.08,2.1000001,166.5,1.3299999,4.2,79.5,87.0
-27.3,28.586944,14-11-2012,79.10000000000001,28.98,14.139999,1.8000001,156.7,1.15,4.0,75.3,81.4
-33.31388889,19.07472222,14-11-2012,10.200000000000001,31.56,16.83,10.6,220.3,1.64,0.5,11.900001,208.40001
-33.13083,18.86278,14-11-2012,8.0,32.12,17.77,8.7,216.0,1.73,0.4,9.2,206.8
-27.5275,30.858056,15-11-2012,181.10000000000002,28.34,15.509999,72.8,136.1,0.89,45.0,136.1,0.0
-33.7075,18.97444444,15-11-2012,15.600000000000001,30.72,17.52,11.7,214.3,1.4599999,0.8,17.4,196.90001
-34.250556,20.9925,16-11-2012,21.8,29.369999,17.38,7.6,181.5,1.0699999,1.1,21.800001,159.7
-24.679167,30.8025,19-11-2012,249.5,27.07,15.29,125.9,131.7,0.83,56.800000000000004,131.7,0.0
-26.45,28.085833,19-11-2012,75.7,29.349998,14.99,2.0,160.7,1.1899999,3.8000000000000003,72.0,88.700005
-28.116667,26.725278,19-11-2012,48.300000000000004,31.91,16.619999,1.0,191.7,1.73,2.4000000000000004,45.9,145.8
-29.160278,26.573333,19-11-2012,46.2,32.48,15.509999,1.0,204.2,1.86,2.3000000000000003,43.9,160.3
-27.01011111,26.69808333,20-11-2012,53.6,31.519999,16.449999,1.1,184.40001,1.54,2.7,51.0,133.40001
-24.183889,30.823889,20-11-2012,152.8,32.69,19.99,3.4,148.0,1.4399999,7.6000000000000005,145.3,2.7
-25.127778,27.628889,20-11-2012,76.7,33.01,18.27,2.8,178.2,1.5799999,3.8000000000000003,73.0,105.200005
-25.20639,27.558,20-11-2012,74.5,32.76,18.119999,2.9,176.5,1.54,3.7,70.9,105.6
-26.861111,28.884722,20-11-2012,90.80000000000001,28.43,13.679999,2.2,152.7,1.04,4.5,86.3,66.4
-27.00222,28.76528,20-11-2012,84.7,28.74,13.889999,2.1000001,154.2,1.09,4.2,80.5,73.700005
-26.648056,27.089444,20-11-2012,60.7,30.349998,15.639999,1.5,171.8,1.3299999,3.0,57.7,114.1
-26.970278,27.211111,20-11-2012,60.6,30.55,15.889999,1.5,173.8,1.4,3.0,57.7,116.1
-26.880278,26.965,20-11-2012,58.300000000000004,30.91,16.1,1.4,175.40001,1.42,2.9000000000000004,55.4,120.0
-26.98472222,26.63227778,20-11-2012,54.6,31.679998,16.699999,1.1,183.7,1.5699999,2.7,51.9,131.8
-31.396,29.2651,20-11-2012,78.2,28.22,19.369999,9.8,143.3,0.90999997,3.9000000000000004,77.1,66.200005
-31.554722,29.245556,20-11-2012,80.5,26.91,18.289999,11.8,134.90001,0.72999996,4.0,81.0,53.9
-34.031944,22.053333,20-11-2012,29.700000000000003,27.08,16.75,4.6,162.2,0.79999995,1.5,28.800001,133.40001
-34.039722,22.133333,20-11-2012,30.700000000000003,26.859999,17.13,5.1,160.1,0.77,1.5,29.800001,130.3
-29.161667,23.696389,21-11-2012,28.400000000000002,36.38,18.05,0.1,242.5,2.69,1.4000000000000001,27.0,215.5
-28.7115,24.07288889,21-11-2012,40.6,36.219997,17.789999,0.2,236.0,2.61,2.0,38.600002,197.40001
-28.747778,31.745833,21-11-2012,190.70000000000002,31.019999,20.27,63.3,139.6,1.0,13.600000000000001,139.6,0.0
-28.141944,26.417778,21-11-2012,47.400000000000006,32.149998,16.41,1.1,197.6,1.76,2.4000000000000004,45.100002,152.5
-30.27402,30.69602,10-10-2012,88.7,28.4,20.63,35.100002,136.7,0.79999995,4.4,113.0,23.7
-29.160278,26.573333,21-11-2012,46.2,32.48,15.509999,1.0,204.2,1.86,2.3000000000000003,43.9,160.3
-30.570833,29.150556,21-11-2012,89.0,26.55,13.41,15.5,142.3,0.9,4.4,95.1,47.2
-31.104278,29.399722,21-11-2012,79.10000000000001,27.779999,17.99,13.5,141.3,0.9,4.0,80.4,60.9
-34.02861,22.22222,21-11-2012,31.8,26.23,16.9,5.5,156.6,0.7,1.6,30.9,125.700005
-34.005833,22.351111,21-11-2012,36.2,25.699999,16.94,7.0,153.1,0.65999997,1.8,35.600002,117.5
-29.140556,31.391944,22-11-2012,198.9,30.039999,20.17,70.1,135.7,0.84999996,34.9,135.7,0.0
-24.39619444,27.08983333,22-11-2012,77.9,33.5,19.35,3.8,178.7,1.7199999,3.9000000000000004,74.200005,104.5
-28.75,30.442778,22-11-2012,113.4,31.64,17.82,13.8,151.6,1.29,5.7,117.3,34.3
-27.38972222,26.46388889,22-11-2012,48.1,32.25,16.84,1.2,195.5,1.6999999,2.4000000000000004,45.7,149.8
-27.671111,27.236944,22-11-2012,53.1,31.199999,15.66,1.2,181.8,1.52,2.7,50.5,131.3
-30.568333,29.422778,22-11-2012,86.5,26.72,13.49,15.3,139.40001,0.87,4.3,88.4,51.0
-31.031389,28.883333,22-11-2012,78.10000000000001,27.72,15.969999,4.1,145.3,0.98999995,3.9000000000000004,74.5,70.8
-30.86013889,29.07125,22-11-2012,77.4,28.15,16.48,4.2000003,147.2,1.03,3.9000000000000004,73.9,73.3
-30.77586667,29.03221667,22-11-2012,79.4,28.09,16.09,8.3,148.0,1.04,4.0,77.4,70.6
-25.99136,27.84208,26-11-2012,84.10000000000001,29.8,16.13,2.0,163.40001,1.23,4.2,80.0,83.4
-26.73806,27.59194,26-11-2012,67.4,29.84,15.49,1.7,165.90001,1.29,3.4000000000000004,64.1,101.8
-26.45,28.085833,26-11-2012,75.7,29.349998,14.99,2.0,160.7,1.1899999,3.8000000000000003,72.0,88.700005
-33.818056,19.694722,26-11-2012,15.9,30.779999,16.52,5.4,210.2,1.4599999,0.8,16.0,194.2
-33.897778,20.012778,26-11-2012,15.8,31.07,16.859999,4.3,198.5,1.48,0.8,15.6,182.90001
-34.065833,20.404167,27-11-2012,16.900000000000002,31.199999,18.06,4.7000003,193.7,1.4599999,0.8,16.7,177.0
-28.404444,30.013056,27-11-2012,122.7,30.25,15.849999,15.5,151.7,1.1999999,6.1000000000000005,129.90001,21.800001
-27.169444,29.233889,27-11-2012,96.80000000000001,28.01,13.32,1.8000001,148.5,0.96999997,4.800000000000001,92.0,56.5
-26.861111,28.884722,27-11-2012,90.80000000000001,28.43,13.679999,2.2,152.7,1.04,4.5,86.3,66.4
-27.3,28.586944,27-11-2012,79.10000000000001,28.98,14.139999,1.8000001,156.7,1.15,4.0,75.3,81.4
-29.042222,24.6,27-11-2012,38.1,35.44,17.47,0.1,233.0,2.49,1.9000000000000001,36.2,196.8
-29.028629,24.638389,27-11-2012,39.6,35.36,17.359999,0.1,231.6,2.47,2.0,37.7,193.90001
-33.501667,21.624167,27-11-2012,19.900000000000002,29.84,14.009999,0.1,195.5,1.37,1.0,18.9,176.6
-34.075556,20.145556,27-11-2012,18.1,30.46,17.359999,5.2000003,195.2,1.4,0.9,18.0,177.2
-25.45963889,28.26430556,27-11-2012,91.9,31.449999,16.99,2.3,167.0,1.36,4.6000000000000005,87.4,79.6
-28.338333,31.373611,27-11-2012,177.8,30.13,18.199999,61.7,136.3,1.03,17.0,136.3,0.0
-28.068333,31.55,27-11-2012,172.8,32.03,20.06,37.5,144.90001,1.28,8.6,144.90001,0.0
-25.57877778,29.12747222,27-11-2012,115.80000000000001,30.66,15.73,2.1000001,161.40001,1.26,5.800000000000001,110.1,51.3
-29.161667,23.696389,28-11-2012,28.400000000000002,36.38,18.05,0.1,242.5,2.69,1.4000000000000001,27.0,215.5
-27.01011111,26.69808333,28-11-2012,53.6,31.519999,16.449999,1.1,184.40001,1.54,2.7,51.0,133.40001
-25.81048333,27.90955222,28-11-2012,83.60000000000001,30.73,17.08,2.1000001,166.5,1.3299999,4.2,79.5,87.0
-26.648056,27.089444,28-11-2012,60.7,30.349998,15.639999,1.5,171.8,1.3299999,3.0,57.7,114.1
-26.970278,27.211111,28-11-2012,60.6,30.55,15.889999,1.5,173.8,1.4,3.0,57.7,116.1
-26.880278,26.965,28-11-2012,58.300000000000004,30.91,16.1,1.4,175.40001,1.42,2.9000000000000004,55.4,120.0
-27.802778,28.768333,28-11-2012,80.7,28.349998,13.24,11.1,150.7,1.06,4.0,89.4,61.3
-26.98472222,26.63227778,28-11-2012,54.6,31.679998,16.699999,1.1,183.7,1.5699999,2.7,51.9,131.8
-34.405833,19.600556,28-11-2012,25.1,26.22,16.47,8.7,168.7,0.83,1.3,25.6,143.1
-29.641944,30.6875,29-11-2012,85.7,29.09,19.01,50.2,135.1,0.89,4.3,115.3,19.800001
-25.73411,27.21422,29-11-2012,75.0,30.769999,15.799999,2.1000001,167.3,1.3199999,3.8000000000000003,71.4,95.9
-24.925278,29.324444,29-11-2012,103.7,32.37,17.91,1.7,166.8,1.4399999,5.2,98.6,68.200005
-27.398611,26.614722,29-11-2012,49.0,32.11,16.74,1.1,192.90001,1.67,2.5,46.600002,146.3
-34.329722,18.990278,29-11-2012,27.1,25.0,16.01,18.2,164.0,0.7,1.4000000000000001,30.9,133.1
-29.7775,29.470833,03-12-2012,118.10000000000001,25.849998,12.92,27.800001,136.1,0.81,5.9,127.3,8.8
-29.987778,29.851667,03-12-2012,93.30000000000001,27.22,14.839999,54.2,135.90001,0.84999996,4.7,118.5,17.4
-29.744167,29.905833,03-12-2012,92.30000000000001,28.199999,15.46,45.7,140.6,0.96999997,4.6000000000000005,121.1,19.5
-26.970278,27.211111,03-12-2012,60.6,30.55,15.889999,1.5,173.8,1.4,3.0,57.7,116.1
-26.45,28.085833,03-12-2012,75.7,29.349998,14.99,2.0,160.7,1.1899999,3.8000000000000003,72.0,88.700005
-33.31388889,19.07472222,03-12-2012,10.200000000000001,31.56,16.83,10.6,220.3,1.64,0.5,11.900001,208.40001
-25.127778,27.628889,04-12-2012,76.7,33.01,18.27,2.8,178.2,1.5799999,3.8000000000000003,73.0,105.200005
-25.20639,27.558,04-12-2012,74.5,32.76,18.119999,2.9,176.5,1.54,3.7,70.9,105.6
-24.39619444,27.08983333,04-12-2012,77.9,33.5,19.35,3.8,178.7,1.7199999,3.9000000000000004,74.200005,104.5
-24.69514,27.40906,04-12-2012,85.10000000000001,33.05,19.23,3.3,178.7,1.64,4.3,81.0,97.700005
-22.769722,30.886944,04-12-2012,187.0,32.75,19.63,33.600002,147.3,1.43,9.3,147.3,0.0
-27.363611,31.783333,04-12-2012,144.4,32.0,19.26,32.600002,138.90001,1.1899999,7.2,137.6,1.3000001
-30.733889,29.828333,04-12-2012,83.9,27.369999,17.199999,24.1,133.8,0.84,4.2,104.1,29.7
-26.861111,28.884722,04-12-2012,90.80000000000001,28.43,13.679999,2.2,152.7,1.04,4.5,86.3,66.4
-27.02314,28.59389,04-12-2012,80.7,29.109999,14.24,2.1000001,157.0,1.15,4.0,76.8,80.200005
-27.671111,27.236944,04-12-2012,53.1,31.199999,15.66,1.2,181.8,1.52,2.7,50.5,131.3
-28.69485,28.23487,04-12-2012,68.0,28.07,13.61,10.1,155.40001,1.14,3.4000000000000004,82.0,73.4
-29.615556,27.065278,04-12-2012,53.0,31.05,14.969999,1.1,190.7,1.66,2.6,50.4,140.3
-34.092222,21.295278,04-12-2012,22.900000000000002,29.63,16.529999,4.1,179.0,1.14,1.1,22.4,156.6
-33.13083,18.86278,04-12-2012,8.0,32.12,17.77,8.7,216.0,1.73,0.4,9.2,206.8
-33.7075,18.97444444,04-12-2012,15.600000000000001,30.72,17.52,11.7,214.3,1.4599999,0.8,17.4,196.90001
-29.161667,23.696389,05-12-2012,28.400000000000002,36.38,18.05,0.1,242.5,2.69,1.4000000000000001,27.0,215.5
-27.01011111,26.69808333,05-12-2012,53.6,31.519999,16.449999,1.1,184.40001,1.54,2.7,51.0,133.40001
-30.398056,30.601944,05-12-2012,89.0,28.46,20.83,27.7,137.7,0.82,4.4,110.200005,27.5
-27.00222,28.76528,05-12-2012,84.7,28.74,13.889999,2.1000001,154.2,1.09,4.2,80.5,73.700005
-26.648056,27.089444,05-12-2012,60.7,30.349998,15.639999,1.5,171.8,1.3299999,3.0,57.7,114.1
-26.880278,26.965,05-12-2012,58.300000000000004,30.91,16.1,1.4,175.40001,1.42,2.9000000000000004,55.4,120.0
-27.273889,28.49,05-12-2012,76.3,29.07,14.299999,1.8000001,157.5,1.17,3.8000000000000003,72.6,84.9
-27.3,28.586944,05-12-2012,79.10000000000001,28.98,14.139999,1.8000001,156.7,1.15,4.0,75.3,81.4
-26.98472222,26.63227778,05-12-2012,54.6,31.679998,16.699999,1.1,183.7,1.5699999,2.7,51.9,131.8
-30.336111,27.359444,05-12-2012,53.6,30.429998,14.54,1.5,185.8,1.55,2.7,50.9,134.90001
-28.768056,20.720556,05-12-2012,14.3,37.37,19.77,0.0,270.80002,3.1299999,0.7000000000000001,13.6,257.2
-34.039722,22.133333,05-12-2012,30.700000000000003,26.859999,17.13,5.1,160.1,0.77,1.5,29.800001,130.3
-32.595833,19.009444,05-12-2012,3.4000000000000004,33.48,16.75,4.6,237.40001,1.9699999,0.2,3.7,233.7
-31.860278,18.6875,06-12-2012,1.3,32.469997,16.43,0.7,235.40001,1.8499999,0.1,1.2,234.2
-30.830556,26.921389,06-12-2012,40.5,31.08,14.28,1.1,197.7,1.64,2.0,38.5,159.2
-23.658056,31.05,06-12-2012,134.70000000000002,33.13,20.22,1.0,146.7,1.4699999,6.7,128.0,18.7
-26.905,32.324722,06-12-2012,159.5,33.809998,20.43,36.7,144.0,1.4,8.0,144.0,0.0
-26.98472222,26.63227778,06-12-2012,54.6,31.679998,16.699999,1.1,183.7,1.5699999,2.7,51.9,131.8
-31.000833,26.353056,06-12-2012,32.4,30.63,13.639999,0.8,207.0,1.64,1.6,30.800001,176.2
-30.679722,26.7125,06-12-2012,37.7,32.27,14.929999,1.0,205.2,1.8299999,1.9000000000000001,35.9,169.3
-33.501667,21.624167,06-12-2012,19.900000000000002,29.84,14.009999,0.1,195.5,1.37,1.0,18.9,176.6
-33.38056,19.30167,06-12-2012,12.700000000000001,29.25,14.219999,7.6,208.3,1.42,0.6000000000000001,13.5,194.8
-29.803611,30.516111,06-12-2012,80.2,28.029999,17.46,48.3,132.3,0.82,4.0,111.700005,20.6
-29.658056,25.973333,07-12-2012,35.1,32.53,15.349999,0.90000004,213.6,1.9399999,1.8,33.4,180.2
-28.96362,19.15486,08-12-2012,2.6,38.12,19.49,0.0,266.6,3.1799998,0.1,2.5,264.1
-25.99136,27.84208,10-12-2012,84.10000000000001,29.8,16.13,2.0,163.40001,1.23,4.2,80.0,83.4
-29.380556,30.2775,10-12-2012,112.80000000000001,27.019999,14.5199995,61.7,132.0,0.76,5.6000000000000005,122.9,9.1
-26.73806,27.59194,10-12-2012,67.4,29.84,15.49,1.7,165.90001,1.29,3.4000000000000004,64.1,101.8
-26.45,28.085833,10-12-2012,75.7,29.349998,14.99,2.0,160.7,1.1899999,3.8000000000000003,72.0,88.700005
-27.671111,27.236944,10-12-2012,53.1,31.199999,15.66,1.2,181.8,1.52,2.7,50.5,131.3
-30.86013889,29.07125,10-12-2012,77.4,28.15,16.48,4.2000003,147.2,1.03,3.9000000000000004,73.9,73.3
-31.104278,29.399722,10-12-2012,79.10000000000001,27.779999,17.99,13.5,141.3,0.9,4.0,80.4,60.9
-31.396,29.2651,10-12-2012,78.2,28.22,19.369999,9.8,143.3,0.90999997,3.9000000000000004,77.1,66.200005
-31.554722,29.245556,10-12-2012,80.5,26.91,18.289999,11.8,134.90001,0.72999996,4.0,81.0,53.9
-34.005833,22.351111,10-12-2012,36.2,25.699999,16.94,7.0,153.1,0.65999997,1.8,35.600002,117.5
-27.01011111,26.69808333,11-12-2012,53.6,31.519999,16.449999,1.1,184.40001,1.54,2.7,51.0,133.40001
-26.861111,28.884722,11-12-2012,90.80000000000001,28.43,13.679999,2.2,152.7,1.04,4.5,86.3,66.4
-27.00222,28.76528,11-12-2012,84.7,28.74,13.889999,2.1000001,154.2,1.09,4.2,80.5,73.700005
-26.970278,27.211111,11-12-2012,60.6,30.55,15.889999,1.5,173.8,1.4,3.0,57.7,116.1
-26.880278,26.965,11-12-2012,58.300000000000004,30.91,16.1,1.4,175.40001,1.42,2.9000000000000004,55.4,120.0
-26.98472222,26.63227778,11-12-2012,54.6,31.679998,16.699999,1.1,183.7,1.5699999,2.7,51.9,131.8
-30.77586667,29.03221667,11-12-2012,79.4,28.09,16.09,8.3,148.0,1.04,4.0,77.4,70.6
-25.45963889,28.26430556,11-12-2012,91.9,31.449999,16.99,2.3,167.0,1.36,4.6000000000000005,87.4,79.6
-25.81048333,27.90955222,12-12-2012,83.60000000000001,30.73,17.08,2.1000001,166.5,1.3299999,4.2,79.5,87.0
-27.5275,30.858056,12-12-2012,181.10000000000002,28.34,15.509999,72.8,136.1,0.89,45.0,136.1,0.0
-28.141944,26.417778,12-12-2012,47.400000000000006,32.149998,16.41,1.1,197.6,1.76,2.4000000000000004,45.100002,152.5
-28.1175,26.719444,12-12-2012,48.300000000000004,31.91,16.619999,1.0,191.7,1.73,2.4000000000000004,45.9,145.8
-30.568333,29.422778,12-12-2012,86.5,26.72,13.49,15.3,139.40001,0.87,4.3,88.4,51.0
-31.031389,28.883333,12-12-2012,78.10000000000001,27.72,15.969999,4.1,145.3,0.98999995,3.9000000000000004,74.5,70.8
-30.570833,29.150556,12-12-2012,89.0,26.55,13.41,15.5,142.3,0.9,4.4,95.1,47.2
-34.250556,20.9925,12-12-2012,21.8,29.369999,17.38,7.6,181.5,1.0699999,1.1,21.800001,159.7
-24.670833,28.560833,13-12-2012,110.0,31.15,16.69,2.9,163.90001,1.3199999,5.5,104.6,59.3
-27.937778,31.209444,13-12-2012,158.3,29.9,17.49,38.9,139.7,1.04,7.9,139.7,0.0
-27.398611,26.614722,13-12-2012,49.0,32.11,16.74,1.1,192.90001,1.67,2.5,46.600002,146.3
-27.671111,27.236944,13-12-2012,53.1,31.199999,15.66,1.2,181.8,1.52,2.7,50.5,131.3
-22.43772222,31.07805556,14-12-2012,149.8,34.96,20.75,0.5,157.2,1.75,7.5,142.3,14.900001
-28.96362,19.15486,15-12-2012,2.6,38.12,19.49,0.0,266.6,3.1799998,0.1,2.5,264.1
-28.735556,29.820556,17-12-2012,113.0,30.63,16.01,15.900001,151.2,1.22,5.6000000000000005,132.1,19.1
-28.7115,24.07288889,18-12-2012,40.6,36.219997,17.789999,0.2,236.0,2.61,2.0,38.600002,197.40001
-25.127778,27.628889,18-12-2012,76.7,33.01,18.27,2.8,178.2,1.5799999,3.8000000000000003,73.0,105.200005
-25.20639,27.558,18-12-2012,74.5,32.76,18.119999,2.9,176.5,1.54,3.7,70.9,105.6
-24.69514,27.40906,18-12-2012,85.10000000000001,33.05,19.23,3.3,178.7,1.64,4.3,81.0,97.700005
-26.45,28.085833,18-12-2012,75.7,29.349998,14.99,2.0,160.7,1.1899999,3.8000000000000003,72.0,88.700005
-29.1825,23.575556,18-12-2012,26.900000000000002,36.309998,18.21,0.1,242.40001,2.7,1.3,25.6,216.8
-33.501667,21.624167,18-12-2012,19.900000000000002,29.84,14.009999,0.1,195.5,1.37,1.0,18.9,176.6
-29.161667,23.696389,19-12-2012,28.400000000000002,36.38,18.05,0.1,242.5,2.69,1.4000000000000001,27.0,215.5
-27.01011111,26.69808333,19-12-2012,53.6,31.519999,16.449999,1.1,184.40001,1.54,2.7,51.0,133.40001
-24.39619444,27.08983333,19-12-2012,77.9,33.5,19.35,3.8,178.7,1.7199999,3.9000000000000004,74.200005,104.5
-28.404444,30.013056,19-12-2012,122.7,30.25,15.849999,15.5,151.7,1.1999999,6.1000000000000005,129.90001,21.800001
-26.861111,28.884722,19-12-2012,90.80000000000001,28.43,13.679999,2.2,152.7,1.04,4.5,86.3,66.4
-27.00222,28.76528,19-12-2012,84.7,28.74,13.889999,2.1000001,154.2,1.09,4.2,80.5,73.700005
-26.648056,27.089444,19-12-2012,60.7,30.349998,15.639999,1.5,171.8,1.3299999,3.0,57.7,114.1
-26.970278,27.211111,19-12-2012,60.6,30.55,15.889999,1.5,173.8,1.4,3.0,57.7,116.1
-26.880278,26.965,19-12-2012,58.300000000000004,30.91,16.1,1.4,175.40001,1.42,2.9000000000000004,55.4,120.0
-26.98472222,26.63227778,19-12-2012,54.6,31.679998,16.699999,1.1,183.7,1.5699999,2.7,51.9,131.8
-28.768056,20.720556,19-12-2012,14.3,37.37,19.77,0.0,270.80002,3.1299999,0.7000000000000001,13.6,257.2
-28.75,30.442778,20-12-2012,113.4,31.64,17.82,13.8,151.6,1.29,5.7,117.3,34.3
-29.161667,30.629722,20-12-2012,140.0,27.14,15.639999,70.6,129.3,0.76,10.700000000000001,129.3,0.0
-28.96362,19.15486,22-12-2012,2.6,38.12,19.49,0.0,266.6,3.1799998,0.1,2.5,264.1
-28.96362,19.15486,29-12-2012,2.6,38.12,19.49,0.0,266.6,3.1799998,0.1,2.5,264.1
-25.14944444,31.94055556,01-01-2013,173.9,31.949999,19.18,45.7,129.7,1.15,8.700000000000001,129.7,0.0
-27.00222,28.76528,01-01-2013,84.7,28.74,13.889999,2.1000001,154.2,1.09,4.2,80.5,73.700005
-25.127778,27.628889,02-01-2013,34.4,34.059998,17.77,2.7,163.8,1.6999999,1.7000000000000002,32.8,131.0
-25.99136,27.84208,02-01-2013,33.800000000000004,31.039999,15.12,1.9,150.1,1.3199999,1.7000000000000002,32.2,117.9
-25.20639,27.558,02-01-2013,35.7,33.84,17.52,2.8,163.2,1.65,1.8,34.0,129.2
-30.160091,27.40124,02-01-2013,59.2,30.66,13.62,1.3000001,160.90001,1.5,3.0,56.3,104.6
-28.96362,19.15486,02-01-2013,0.4,37.75,19.039999,0.0,222.2,2.98,0.0,0.4,221.8
-25.81048333,27.90955222,03-01-2013,23.900000000000002,30.16,14.69,2.0,145.0,1.3,1.2000000000000002,22.800001,122.200005
-26.73806,27.59194,03-01-2013,28.3,28.699999,12.91,1.6,141.1,1.16,1.4000000000000001,26.9,114.200005
-27.398611,26.614722,03-01-2013,41.900000000000006,30.67,14.759999,1.1,157.6,1.4699999,2.1,39.8,117.8
-27.671111,27.236944,03-01-2013,41.5,29.689999,13.549999,1.1,146.2,1.31,2.1,39.5,106.700005
-25.45963889,28.26430556,03-01-2013,22.1,30.91,14.91,2.1000001,149.8,1.38,1.1,21.1,128.7
-27.01011111,26.69808333,04-01-2013,39.300000000000004,25.88,8.679999,1.0,116.0,1.05,2.0,37.4,78.6
-26.648056,27.089444,04-01-2013,54.5,25.369999,8.13,1.4,108.3,0.98999995,2.7,51.8,56.5
-26.970278,27.211111,04-01-2013,50.7,25.55,8.25,1.3000001,109.200005,1.03,2.5,48.2,61.0
-26.880278,26.965,04-01-2013,48.400000000000006,25.68,8.48,1.3000001,110.200005,1.02,2.4000000000000004,46.0,64.200005
-26.98472222,26.63227778,04-01-2013,40.6,26.05,8.849999,1.0,115.700005,1.0699999,2.0,38.600002,77.1
-28.96362,19.15486,05-01-2013,0.8,27.689999,11.21,0.0,112.4,1.51,0.0,0.8,111.6
-25.99136,27.84208,07-01-2013,0.1,20.22,1.6999999,1.6,80.3,0.90999997,0.0,0.2,80.1
-28.747778,31.745833,07-01-2013,39.900000000000006,25.01,11.179999,9.8,71.700005,0.87,2.0,39.9,31.800001
-29.7775,29.470833,07-01-2013,2.9000000000000004,18.13,-0.66999996,6.6,61.5,0.7,0.1,4.1,57.4
-29.744167,29.905833,07-01-2013,2.7,21.59,3.86,10.0,66.5,0.95,0.1,4.2000003,62.3
-26.45,28.085833,07-01-2013,0.6000000000000001,19.64,0.17999999,1.6,78.3,0.87,0.0,0.6,77.700005
-28.768056,20.720556,07-01-2013,22.400000000000002,22.17,5.3199997,0.0,82.1,1.12,1.1,21.2,60.9
-27.01011111,26.69808333,08-01-2013,0.0,22.269999,2.72,0.90000004,116.0,1.12,0.0,0.0,116.0
-23.658056,31.05,08-01-2013,0.6000000000000001,28.67,11.0199995,0.90000004,102.5,1.29,0.0,0.6,101.9
-27.169444,29.233889,08-01-2013,1.3,20.67,0.48999998,1.4,99.700005,0.88,0.1,1.3000001,98.4
-26.861111,28.884722,08-01-2013,0.7000000000000001,21.189999,0.35,1.7,103.6,0.94,0.0,0.7,102.9
-26.648056,27.089444,08-01-2013,0.0,22.35,2.5,1.2,113.6,1.12,0.0,0.0,113.6
-26.970278,27.211111,08-01-2013,0.0,22.439999,2.54,1.2,115.700005,1.14,0.0,0.0,115.700005
-26.880278,26.965,08-01-2013,0.0,22.269999,2.45,1.1,115.0,1.11,0.0,0.0,115.0
-26.98472222,26.63227778,08-01-2013,0.0,22.449999,3.11,0.90000004,116.700005,1.14,0.0,0.0,116.700005
-29.160278,26.573333,08-01-2013,0.1,20.35,0.07,0.8,104.8,0.95,0.0,0.1,104.700005
-28.883333,27.89,08-01-2013,0.1,18.8,0.37,2.8,95.200005,0.83,0.0,0.5,94.700005
-25.45963889,28.26430556,08-01-2013,0.1,26.119999,5.0299997,1.8000001,119.9,1.38,0.0,0.1,119.8
-25.81048333,27.90955222,09-01-2013,2.0,28.939999,9.23,1.6,149.90001,1.64,0.1,2.0,147.90001
-22.769722,30.886944,09-01-2013,7.6000000000000005,31.939999,14.599999,8.400001,138.40001,1.68,0.4,8.1,130.3
-29.744167,29.905833,09-01-2013,0.5,24.93,7.56,7.9,115.9,1.0799999,0.0,1.4,114.5
-30.398056,30.601944,09-01-2013,1.2000000000000002,24.25,14.41,9.2,105.200005,0.74,0.1,2.4,102.8
-30.27402,30.69602,09-01-2013,1.0,24.279999,14.099999,8.900001,104.0,0.74,0.1,2.1000001,101.9
-27.00222,28.76528,09-01-2013,3.2,25.66,5.0,1.6,136.40001,1.24,0.2,3.1000001,133.3
-27.02314,28.59389,09-01-2013,3.1,26.0,5.37,1.5,138.8,1.29,0.2,3.0,135.8
-27.273889,28.49,09-01-2013,3.1,25.439999,4.73,1.3000001,136.40001,1.24,0.2,2.9,133.5
-27.4275,28.525833,09-01-2013,3.0,24.96,4.41,2.6000001,134.90001,1.1899999,0.1,3.0,131.90001
-27.3,28.586944,09-01-2013,3.1,25.31,4.69,1.3000001,135.3,1.22,0.2,3.0,132.3
-30.830556,26.921389,10-01-2013,43.300000000000004,26.17,8.05,0.8,160.5,1.31,2.2,41.2,119.3
-30.733889,29.828333,10-01-2013,73.9,24.8,11.809999,6.9,125.200005,0.87,3.7,71.0,54.2
-29.042222,24.6,10-01-2013,19.1,30.15,9.69,0.1,196.0,1.88,1.0,18.1,177.90001
-29.028629,24.638389,10-01-2013,19.3,30.07,9.679999,0.1,195.3,1.87,1.0,18.300001,177.0
-30.679722,26.7125,10-01-2013,39.900000000000006,26.93,8.24,0.7,164.7,1.38,2.0,37.9,126.8
-30.160091,27.40124,10-01-2013,50.6,26.43,9.34,1.0,162.1,1.37,2.5,48.100002,114.0
-30.336111,27.359444,10-01-2013,53.900000000000006,26.25,8.92,1.0,162.7,1.35,2.7,51.3,111.4
-24.39619444,27.08983333,11-01-2013,75.9,33.809998,17.63,2.7,201.7,2.03,3.8000000000000003,72.200005,129.5
-29.658056,25.973333,11-01-2013,33.2,29.939999,11.7,0.6,205.1,1.7199999,1.7000000000000002,31.6,173.5
-31.000833,26.353056,11-01-2013,34.800000000000004,28.16,9.84,0.6,185.6,1.4399999,1.7000000000000002,33.100002,152.5
-30.534167,24.961944,11-01-2013,39.300000000000004,30.66,12.009999,0.0,213.6,1.86,2.0,37.4,176.2
-34.250556,20.9925,11-01-2013,40.1,25.84,14.67,3.4,147.6,0.84999996,2.0,38.3,109.3
-29.803611,30.516111,11-01-2013,64.60000000000001,26.24,14.69,6.5,129.3,0.78999996,3.2,61.9,67.4
-29.140556,31.391944,13-01-2013,139.9,27.65,19.64,9.900001,129.90001,0.7,7.0,129.90001,0.0
-31.396,29.2651,14-01-2013,197.4,26.029999,18.06,49.600002,126.3,0.74,26.5,126.3,0.0
-31.554722,29.245556,14-01-2013,205.60000000000002,24.789999,16.99,50.5,117.5,0.57,42.900000000000006,117.5,0.0
-33.818056,19.694722,14-01-2013,9.1,30.23,15.54,6.4,203.90001,1.4399999,0.5,10.0,193.90001
-27.01011111,26.69808333,15-01-2013,139.4,28.49,15.83,0.8,170.6,1.31,7.0,132.40001,38.2
-34.065833,20.404167,15-01-2013,8.5,30.31,17.05,3.4,182.3,1.41,0.4,8.400001,173.90001
-25.20639,27.558,15-01-2013,156.60000000000002,30.429998,17.99,2.0,165.2,1.41,7.800000000000001,148.8,16.4
-28.747778,31.745833,15-01-2013,134.5,29.06,20.13,5.4,137.90001,0.90999997,6.7,128.3,9.6
-26.648056,27.089444,15-01-2013,152.6,27.67,15.21,1.0,158.8,1.17,7.6000000000000005,145.0,13.8
-26.970278,27.211111,15-01-2013,146.9,27.789999,15.37,1.0,160.0,1.22,7.300000000000001,139.6,20.4
-26.880278,26.965,15-01-2013,145.9,28.23,15.67,1.0,162.6,1.26,7.300000000000001,138.7,23.9
-26.98472222,26.63227778,15-01-2013,141.0,28.58,15.91,0.8,169.1,1.3199999,7.1000000000000005,134.0,35.100002
-30.568333,29.422778,15-01-2013,209.5,24.529999,12.559999,62.600002,126.8,0.74,24.700000000000003,126.8,0.0
-30.570833,29.150556,15-01-2013,212.20000000000002,24.38,12.42,49.9,128.2,0.78,37.7,128.2,0.0
-31.104278,29.399722,15-01-2013,207.5,25.74,16.74,57.2,124.5,0.75,31.1,124.5,0.0
-34.075556,20.145556,15-01-2013,8.700000000000001,29.8,16.22,6.5,185.90001,1.37,0.4,9.6,176.3
-29.161667,23.696389,16-01-2013,65.10000000000001,33.309998,16.92,0.1,210.1,2.3,3.3000000000000003,61.9,148.2
-29.140556,31.391944,16-01-2013,139.9,27.65,19.64,9.900001,129.90001,0.7,7.0,129.90001,0.0
-24.39619444,27.08983333,16-01-2013,149.3,31.56,19.42,2.6000001,172.8,1.61,7.5,141.90001,30.9
-26.45,28.085833,16-01-2013,150.6,26.31,14.309999,1.4,147.8,1.01,7.5,143.1,4.7000003
-27.802778,28.768333,16-01-2013,168.9,25.49,12.7,22.6,140.1,0.91999996,8.4,140.1,0.0
-28.768056,20.720556,16-01-2013,19.200000000000003,35.739998,18.619999,0.0,252.6,2.8899999,1.0,18.300001,234.3
-31.031389,28.883333,16-01-2013,201.3,25.609999,14.75,56.100002,129.5,0.84,19.0,129.5,0.0
-30.86013889,29.07125,16-01-2013,201.10000000000002,26.01,15.28,51.7,130.2,0.88,21.5,130.2,0.0
-30.77586667,29.03221667,16-01-2013,204.8,25.9,15.009999,48.8,130.8,0.89,28.200000000000003,130.8,0.0
-33.501667,21.624167,16-01-2013,10.9,28.269999,12.78,0.1,186.2,1.24,0.5,10.3,175.90001
-34.405833,19.600556,16-01-2013,8.9,25.57,15.29,10.8,162.8,0.81,0.4,11.5,151.3
-28.801278,31.955389,17-01-2013,113.10000000000001,28.48,20.05,7.1,135.3,0.76,5.7,108.3,27.0
-28.75,30.442778,17-01-2013,162.10000000000002,29.279999,17.56,11.0,146.2,1.15,8.1,146.2,0.0
-29.161667,30.629722,17-01-2013,189.0,25.109999,14.92,60.5,124.700005,0.65999997,9.5,124.700005,0.0
-26.861111,28.884722,17-01-2013,141.8,25.779999,13.349999,1.5,143.2,0.91999996,7.1000000000000005,134.8,8.400001
-27.00222,28.76528,17-01-2013,148.3,25.97,13.45,1.4,143.40001,0.95,7.4,140.90001,2.5
-27.4275,28.525833,17-01-2013,162.4,26.0,13.28,11.5,145.0,0.97999996,8.1,145.0,0.0
-34.329722,18.990278,17-01-2013,8.700000000000001,24.8,15.17,22.1,164.2,0.71999997,0.4,16.7,147.5
-25.99136,27.84208,21-01-2013,163.10000000000002,26.83,15.309999,7.0,149.40001,1.04,8.200000000000001,149.40001,0.0
-26.73806,27.59194,21-01-2013,153.70000000000002,26.91,14.9,1.2,153.90001,1.11,7.7,146.0,7.9
-26.45,28.085833,21-01-2013,150.6,26.31,14.309999,1.4,147.8,1.01,7.5,143.1,4.7000003
-27.01011111,26.69808333,22-01-2013,139.4,28.49,15.83,0.8,170.6,1.31,7.0,132.40001,38.2
-28.747778,31.745833,22-01-2013,134.5,29.06,20.13,5.4,137.90001,0.90999997,6.7,128.3,9.6
-26.861111,28.884722,22-01-2013,141.8,25.779999,13.349999,1.5,143.2,0.91999996,7.1000000000000005,134.8,8.400001
-26.648056,27.089444,22-01-2013,152.6,27.67,15.21,1.0,158.8,1.17,7.6000000000000005,145.0,13.8
-26.970278,27.211111,22-01-2013,146.9,27.789999,15.37,1.0,160.0,1.22,7.300000000000001,139.6,20.4
-26.880278,26.965,22-01-2013,145.9,28.23,15.67,1.0,162.6,1.26,7.300000000000001,138.7,23.9
-26.98472222,26.63227778,22-01-2013,141.0,28.58,15.91,0.8,169.1,1.3199999,7.1000000000000005,134.0,35.100002
-27.935,26.126667,22-01-2013,103.4,29.66,14.99,0.7,183.1,1.52,5.2,98.3,84.8
-28.1175,26.719444,22-01-2013,120.10000000000001,29.039999,15.63,0.7,175.0,1.48,6.0,114.1,60.9
-30.160091,27.40124,22-01-2013,143.9,27.63,13.83,0.90000004,159.7,1.3399999,7.2,136.8,22.9
-34.031944,22.053333,22-01-2013,11.100000000000001,25.949999,15.599999,2.1000001,155.7,0.76,0.6000000000000001,10.7,145.0
-34.039722,22.133333,22-01-2013,11.4,25.769999,15.92,2.3,153.90001,0.71999997,0.6000000000000001,11.0,142.90001
-25.45963889,28.26430556,22-01-2013,147.8,28.89,16.51,1.6,155.0,1.1999999,7.4,140.5,14.5
-28.338333,31.373611,22-01-2013,134.0,27.769999,17.73,4.5,133.1,0.87,6.7,127.6,5.5
-28.068333,31.55,22-01-2013,107.7,29.9,20.17,4.7000003,140.8,1.17,5.4,102.700005,38.100002
-29.161667,23.696389,23-01-2013,65.10000000000001,33.309998,16.92,0.1,210.1,2.3,3.3000000000000003,61.9,148.2
-25.81048333,27.90955222,23-01-2013,158.60000000000002,27.869999,16.33,1.4,153.40001,1.14,7.9,150.7,2.7
-29.744167,29.905833,23-01-2013,258.2,25.869999,14.73,79.200005,129.0,0.83,56.6,129.0,0.0
-27.00222,28.76528,23-01-2013,148.3,25.97,13.45,1.4,143.40001,0.95,7.4,140.90001,2.5
-27.38972222,26.46388889,23-01-2013,124.9,29.349998,15.889999,0.8,179.6,1.4499999,6.2,118.6,61.0
-28.141944,26.417778,23-01-2013,116.4,29.46,15.349999,0.7,180.1,1.53,5.800000000000001,110.6,69.5
-27.398611,26.614722,23-01-2013,126.60000000000001,29.17,15.929999,0.8,177.90001,1.43,6.300000000000001,120.3,57.600002
-30.336111,27.359444,23-01-2013,139.5,27.72,13.349999,1.0,161.5,1.3299999,7.0,132.6,28.9
-24.058889,31.237222,24-01-2013,111.7,31.349998,20.43,1.0,137.6,1.3,5.6000000000000005,106.1,31.5
-28.44555556,32.325,21-03-2013,98.60000000000001,27.63,20.47,9.6,128.8,0.7,4.9,95.200005,33.600002
-28.1175,26.719444,24-01-2013,120.10000000000001,29.039999,15.63,0.7,175.0,1.48,6.0,114.1,60.9
-27.671111,27.236944,24-01-2013,134.5,28.529999,15.2,0.8,167.2,1.3399999,6.7,127.8,39.4
-29.641944,30.6875,28-01-2013,211.4,26.75,18.34,80.200005,127.200005,0.76,10.600000000000001,127.200005,0.0
-29.758889,30.935278,28-01-2013,180.8,26.369999,19.529999,55.5,122.700005,0.63,9.0,122.700005,0.0
-30.398056,30.601944,28-01-2013,237.70000000000002,26.21,19.83,81.1,124.1,0.65,39.900000000000006,124.1,0.0
-30.27402,30.69602,28-01-2013,235.10000000000002,26.09,19.76,80.3,123.6,0.64,38.400000000000006,123.6,0.0
-26.45,28.085833,28-01-2013,150.6,26.31,14.309999,1.4,147.8,1.01,7.5,143.1,4.7000003
-34.02861,22.22222,28-01-2013,12.4,25.3,15.66,2.4,150.40001,0.65999997,0.6000000000000001,11.900001,138.5
-33.31388889,19.07472222,28-01-2013,11.200000000000001,31.14,16.24,13.0,212.8,1.62,0.6000000000000001,14.2,198.6
-27.01011111,26.69808333,29-01-2013,139.4,28.49,15.83,0.8,170.6,1.31,7.0,132.40001,38.2
-25.127778,27.628889,29-01-2013,154.20000000000002,30.5,18.06,2.0,164.7,1.41,7.7,146.6,18.1
-25.20639,27.558,29-01-2013,156.60000000000002,30.429998,17.99,2.0,165.2,1.41,7.800000000000001,148.8,16.4
-24.39619444,27.08983333,29-01-2013,149.3,31.56,19.42,2.6000001,172.8,1.61,7.5,141.90001,30.9
-24.69514,27.40906,29-01-2013,157.70000000000002,31.24,19.199999,2.3,172.7,1.56,7.9,149.90001,22.800001
-27.363611,31.783333,29-01-2013,91.5,29.66,19.56,7.8,132.8,1.05,4.6000000000000005,87.5,45.3
-28.735556,29.820556,29-01-2013,175.3,28.33,15.849999,26.4,143.3,1.11,8.8,143.3,0.0
-26.861111,28.884722,29-01-2013,141.8,25.779999,13.349999,1.5,143.2,0.91999996,7.1000000000000005,134.8,8.400001
-26.98472222,26.63227778,29-01-2013,141.0,28.58,15.91,0.8,169.1,1.3199999,7.1000000000000005,134.0,35.100002
-27.398611,26.614722,29-01-2013,126.60000000000001,29.17,15.929999,0.8,177.90001,1.43,6.300000000000001,120.3,57.600002
-33.7075,18.97444444,29-01-2013,11.0,30.38,16.609999,14.3,208.90001,1.4599999,0.5,14.6,194.3
-34.005833,22.351111,29-01-2013,13.9,24.74,15.7,2.7,147.1,0.62,0.7000000000000001,13.3,133.8
-29.641944,30.6875,30-01-2013,211.4,26.75,18.34,80.200005,127.200005,0.76,10.600000000000001,127.200005,0.0
-29.380556,30.2775,30-01-2013,209.5,24.75,14.07,77.4,122.4,0.65999997,15.8,122.4,0.0
-26.648056,27.089444,30-01-2013,152.6,27.67,15.21,1.0,158.8,1.17,7.6000000000000005,145.0,13.8
-29.042222,24.6,30-01-2013,76.60000000000001,32.17,16.16,0.1,205.8,2.09,3.8000000000000003,72.8,133.0
-29.028629,24.638389,30-01-2013,78.10000000000001,32.11,16.1,0.1,204.90001,2.08,3.9000000000000004,74.200005,130.7
-32.595833,19.009444,30-01-2013,9.9,32.94,15.95,7.0,222.6,1.89,0.5,10.400001,212.2
-33.13083,18.86278,30-01-2013,10.100000000000001,31.699999,17.029999,11.7,215.6,1.7099999,0.5,12.7,202.90001
-26.905,32.324722,31-01-2013,71.8,31.13,20.42,8.3,133.0,1.15,3.6,68.8,64.200005
-27.935,26.126667,31-01-2013,103.4,29.66,14.99,0.7,183.1,1.52,5.2,98.3,84.8
-28.1175,26.719444,31-01-2013,120.10000000000001,29.039999,15.63,0.7,175.0,1.48,6.0,114.1,60.9
-27.902778,24.615556,31-01-2013,93.9,32.34,17.029999,0.2,198.40001,2.04,4.7,89.200005,109.200005
-30.160091,27.40124,31-01-2013,143.9,27.63,13.83,0.90000004,159.7,1.3399999,7.2,136.8,22.9
-33.38056,19.30167,31-01-2013,11.600000000000001,28.48,13.67,9.6,199.0,1.35,0.6000000000000001,13.5,185.5
-32.502778,19.535833,01-02-2013,9.0,32.85,15.63,0.5,234.1,2.02,0.4,8.6,225.5
-25.99136,27.84208,04-02-2013,163.10000000000002,26.83,15.309999,7.0,149.40001,1.04,8.200000000000001,149.40001,0.0
-26.73806,27.59194,04-02-2013,153.70000000000002,26.91,14.9,1.2,153.90001,1.11,7.7,146.0,7.9
-26.45,28.085833,04-02-2013,150.6,26.31,14.309999,1.4,147.8,1.01,7.5,143.1,4.7000003
-23.658056,31.05,05-02-2013,100.2,31.519999,20.5,0.90000004,141.8,1.3299999,5.0,95.200005,46.600002
-23.281,30.54305556,05-02-2013,110.60000000000001,30.46,20.16,6.5,142.7,1.27,5.5,105.6,37.100002
-25.14944444,31.94055556,05-02-2013,94.7,29.91,19.279999,8.8,122.0,1.0,4.7,90.700005,31.300001
-27.169444,29.233889,05-02-2013,147.1,25.34,13.0,2.7,138.3,0.84999996,7.4,138.3,0.0
-26.861111,28.884722,05-02-2013,141.8,25.779999,13.349999,1.5,143.2,0.91999996,7.1000000000000005,134.8,8.400001
-27.398611,26.614722,05-02-2013,126.60000000000001,29.17,15.929999,0.8,177.90001,1.43,6.300000000000001,120.3,57.600002
-27.671111,27.236944,05-02-2013,134.5,28.529999,15.2,0.8,167.2,1.3399999,6.7,127.8,39.4
-29.160278,26.573333,05-02-2013,116.80000000000001,29.199999,14.45,0.7,178.6,1.54,5.800000000000001,111.0,67.6
-34.031944,22.053333,05-02-2013,11.100000000000001,25.949999,15.599999,2.1000001,155.7,0.76,0.6000000000000001,10.7,145.0
-25.45963889,28.26430556,05-02-2013,147.8,28.89,16.51,1.6,155.0,1.1999999,7.4,140.5,14.5
-27.01011111,26.69808333,06-02-2013,139.4,28.49,15.83,0.8,170.6,1.31,7.0,132.40001,38.2
-25.81048333,27.90955222,06-02-2013,158.60000000000002,27.869999,16.33,1.4,153.40001,1.14,7.9,150.7,2.7
-22.769722,30.886944,06-02-2013,132.4,31.609999,20.31,6.6,148.1,1.37,6.6000000000000005,126.3,21.800001
-29.744167,29.905833,06-02-2013,258.2,25.869999,14.73,79.200005,129.0,0.83,56.6,129.0,0.0
-27.02314,28.59389,06-02-2013,150.20000000000002,26.21,13.59,1.4,145.3,0.97999996,7.5,142.8,2.5
-26.648056,27.089444,06-02-2013,152.6,27.67,15.21,1.0,158.8,1.17,7.6000000000000005,145.0,13.8
-26.970278,27.211111,06-02-2013,146.9,27.789999,15.37,1.0,160.0,1.22,7.300000000000001,139.6,20.4
-27.273889,28.49,06-02-2013,157.0,26.119999,13.49,4.2000003,146.2,0.98999995,7.800000000000001,146.2,0.0
-27.4275,28.525833,06-02-2013,162.4,26.0,13.28,11.5,145.0,0.97999996,8.1,145.0,0.0
-27.3,28.586944,06-02-2013,156.8,26.099998,13.37,5.4,144.8,0.97999996,7.800000000000001,144.8,0.0
-26.98472222,26.63227778,06-02-2013,141.0,28.58,15.91,0.8,169.1,1.3199999,7.1000000000000005,134.0,35.100002
-28.69485,28.23487,06-02-2013,168.4,25.16,12.99,17.2,144.8,0.98999995,8.4,144.8,0.0
-29.615556,27.065278,06-02-2013,140.0,27.98,13.71,0.7,166.5,1.39,7.0,133.0,33.5
-28.883333,27.89,06-02-2013,170.9,25.949999,13.509999,15.400001,149.2,1.09,8.5,149.2,0.0
-28.75,30.442778,07-02-2013,162.10000000000002,29.279999,17.56,11.0,146.2,1.15,8.1,146.2,0.0
-29.161667,30.629722,07-02-2013,189.0,25.109999,14.92,60.5,124.700005,0.65999997,9.5,124.700005,0.0
-27.00222,28.76528,07-02-2013,148.3,25.97,13.45,1.4,143.40001,0.95,7.4,140.90001,2.5
-30.679722,26.7125,07-02-2013,105.10000000000001,29.189999,13.389999,0.7,173.7,1.49,5.300000000000001,99.9,73.8
-30.160091,27.40124,07-02-2013,143.9,27.63,13.83,0.90000004,159.7,1.3399999,7.2,136.8,22.9
-30.336111,27.359444,07-02-2013,139.5,27.72,13.349999,1.0,161.5,1.3299999,7.0,132.6,28.9
-27.935,26.126667,08-02-2013,103.4,29.66,14.99,0.7,183.1,1.52,5.2,98.3,84.8
-28.1175,26.719444,08-02-2013,120.10000000000001,29.039999,15.63,0.7,175.0,1.48,6.0,114.1,60.9
-29.160278,26.573333,08-02-2013,116.80000000000001,29.199999,14.45,0.7,178.6,1.54,5.800000000000001,111.0,67.6
-29.658056,25.973333,08-02-2013,89.0,29.06,14.389999,0.6,180.8,1.5999999,4.5,84.6,96.200005
-31.000833,26.353056,08-02-2013,83.30000000000001,28.15,12.17,0.5,174.6,1.4,4.2,79.200005,95.4
-28.96362,19.15486,09-02-2013,2.4000000000000004,36.73,18.92,0.0,251.1,2.99,0.1,2.3,248.8
-23.281,30.54305556,10-02-2013,110.60000000000001,30.46,20.16,6.5,142.7,1.27,5.5,105.6,37.100002
-24.058889,31.237222,11-02-2013,111.7,31.349998,20.43,1.0,137.6,1.3,5.6000000000000005,106.1,31.5
-26.970278,27.211111,11-02-2013,146.9,27.789999,15.37,1.0,160.0,1.22,7.300000000000001,139.6,20.4
-26.45,28.085833,11-02-2013,150.6,26.31,14.309999,1.4,147.8,1.01,7.5,143.1,4.7000003
-31.031389,28.883333,11-02-2013,201.3,25.609999,14.75,56.100002,129.5,0.84,19.0,129.5,0.0
-30.86013889,29.07125,11-02-2013,201.10000000000002,26.01,15.28,51.7,130.2,0.88,21.5,130.2,0.0
-30.77586667,29.03221667,11-02-2013,204.8,25.9,15.009999,48.8,130.8,0.89,28.200000000000003,130.8,0.0
-33.818056,19.694722,11-02-2013,9.1,30.23,15.54,6.4,203.90001,1.4399999,0.5,10.0,193.90001
-27.01011111,26.69808333,12-02-2013,139.4,28.49,15.83,0.8,170.6,1.31,7.0,132.40001,38.2
-34.065833,20.404167,12-02-2013,8.5,30.31,17.05,3.4,182.3,1.41,0.4,8.400001,173.90001
-24.670833,28.560833,12-02-2013,176.9,28.93,16.51,17.300001,152.8,1.17,8.8,152.8,0.0
-25.127778,27.628889,12-02-2013,154.20000000000002,30.5,18.06,2.0,164.7,1.41,7.7,146.6,18.1
-25.20639,27.558,12-02-2013,156.60000000000002,30.429998,17.99,2.0,165.2,1.41,7.800000000000001,148.8,16.4
-24.69514,27.40906,12-02-2013,157.70000000000002,31.24,19.199999,2.3,172.7,1.56,7.9,149.90001,22.800001
-28.747778,31.745833,12-02-2013,134.5,29.06,20.13,5.4,137.90001,0.90999997,6.7,128.3,9.6
-29.380556,30.2775,12-02-2013,209.5,24.75,14.07,77.4,122.4,0.65999997,15.8,122.4,0.0
-26.861111,28.884722,12-02-2013,141.8,25.779999,13.349999,1.5,143.2,0.91999996,7.1000000000000005,134.8,8.400001
-26.648056,27.089444,12-02-2013,152.6,27.67,15.21,1.0,158.8,1.17,7.6000000000000005,145.0,13.8
-26.880278,26.965,12-02-2013,145.9,28.23,15.67,1.0,162.6,1.26,7.300000000000001,138.7,23.9
-26.98472222,26.63227778,12-02-2013,141.0,28.58,15.91,0.8,169.1,1.3199999,7.1000000000000005,134.0,35.100002
-29.042222,24.6,12-02-2013,76.60000000000001,32.17,16.16,0.1,205.8,2.09,3.8000000000000003,72.8,133.0
-34.075556,20.145556,12-02-2013,8.700000000000001,29.8,16.22,6.5,185.90001,1.37,0.4,9.6,176.3
-28.058889,30.373611,12-02-2013,166.4,26.91,14.54,22.4,139.90001,0.93,8.3,139.90001,0.0
-29.161667,23.696389,13-02-2013,65.10000000000001,33.309998,16.92,0.1,210.1,2.3,3.3000000000000003,61.9,148.2
-24.282222,28.090278,13-02-2013,160.20000000000002,28.939999,17.1,2.0,153.6,1.22,8.0,152.2,1.4
-24.39619444,27.08983333,13-02-2013,149.3,31.56,19.42,2.6000001,172.8,1.61,7.5,141.90001,30.9
-24.925278,29.324444,13-02-2013,152.3,30.32,17.9,1.2,154.1,1.3,7.6000000000000005,144.8,9.3
-28.747778,31.745833,13-02-2013,134.5,29.06,20.13,5.4,137.90001,0.90999997,6.7,128.3,9.6
-27.937778,31.209444,13-02-2013,124.0,27.75,17.619999,5.6,136.6,0.94,6.2,118.3,18.300001
-28.404444,30.013056,13-02-2013,165.60000000000002,28.07,15.429999,16.0,144.7,1.09,8.3,144.7,0.0
-28.768056,20.720556,13-02-2013,19.200000000000003,35.739998,18.619999,0.0,252.6,2.8899999,1.0,18.300001,234.3
-31.396,29.2651,13-02-2013,197.4,26.029999,18.06,49.600002,126.3,0.74,26.5,126.3,0.0
-31.554722,29.245556,13-02-2013,205.60000000000002,24.789999,16.99,50.5,117.5,0.57,42.900000000000006,117.5,0.0
-33.897778,20.012778,13-02-2013,8.200000000000001,30.57,15.86,5.5,197.3,1.4699999,0.4,8.900001,188.40001
-28.801278,31.955389,14-02-2013,113.10000000000001,28.48,20.05,7.1,135.3,0.76,5.7,108.3,27.0
-27.5275,30.858056,14-02-2013,164.20000000000002,26.24,15.75,31.2,130.6,0.81,8.200000000000001,130.6,0.0
-27.671111,27.236944,14-02-2013,134.5,28.529999,15.2,0.8,167.2,1.3399999,6.7,127.8,39.4
-27.573056,24.746389,14-02-2013,100.7,31.99,16.8,0.3,200.40001,1.93,5.0,95.700005,104.700005
-30.568333,29.422778,14-02-2013,209.5,24.529999,12.559999,62.600002,126.8,0.74,24.700000000000003,126.8,0.0
-30.570833,29.150556,14-02-2013,212.20000000000002,24.38,12.42,49.9,128.2,0.78,37.7,128.2,0.0
-31.104278,29.399722,14-02-2013,207.5,25.74,16.74,57.2,124.5,0.75,31.1,124.5,0.0
-34.329722,18.990278,14-02-2013,8.700000000000001,24.8,15.17,22.1,164.2,0.71999997,0.4,16.7,147.5
-29.744167,29.905833,16-02-2013,258.2,25.869999,14.73,79.200005,129.0,0.83,56.6,129.0,0.0
-25.99136,27.84208,18-02-2013,163.10000000000002,26.83,15.309999,7.0,149.40001,1.04,8.200000000000001,149.40001,0.0
-29.7775,29.470833,18-02-2013,289.7,23.76,12.16,42.9,125.5,0.71,125.30000000000001,125.5,0.0
-26.880278,26.965,18-02-2013,145.9,28.23,15.67,1.0,162.6,1.26,7.300000000000001,138.7,23.9
-27.01011111,26.69808333,19-02-2013,139.4,28.49,15.83,0.8,170.6,1.31,7.0,132.40001,38.2
-30.733889,29.828333,19-02-2013,231.3,25.26,16.039999,69.4,121.5,0.7,46.6,121.5,0.0
-26.648056,27.089444,19-02-2013,152.6,27.67,15.21,1.0,158.8,1.17,7.6000000000000005,145.0,13.8
-26.970278,27.211111,19-02-2013,146.9,27.789999,15.37,1.0,160.0,1.22,7.300000000000001,139.6,20.4
-26.98472222,26.63227778,19-02-2013,141.0,28.58,15.91,0.8,169.1,1.3199999,7.1000000000000005,134.0,35.100002
-25.45963889,28.26430556,19-02-2013,147.8,28.89,16.51,1.6,155.0,1.1999999,7.4,140.5,14.5
-28.068333,31.55,19-02-2013,107.7,29.9,20.17,4.7000003,140.8,1.17,5.4,102.700005,38.100002
-29.161667,23.696389,20-02-2013,65.10000000000001,33.309998,16.92,0.1,210.1,2.3,3.3000000000000003,61.9,148.2
-25.81048333,27.90955222,20-02-2013,158.60000000000002,27.869999,16.33,1.4,153.40001,1.14,7.9,150.7,2.7
-29.744167,29.905833,20-02-2013,258.2,25.869999,14.73,79.200005,129.0,0.83,56.6,129.0,0.0
-30.27402,30.69602,20-02-2013,235.10000000000002,26.09,19.76,80.3,123.6,0.64,38.400000000000006,123.6,0.0
-27.38972222,26.46388889,20-02-2013,124.9,29.349998,15.889999,0.8,179.6,1.4499999,6.2,118.6,61.0
-28.141944,26.417778,20-02-2013,116.4,29.46,15.349999,0.7,180.1,1.53,5.800000000000001,110.6,69.5
-28.1175,26.719444,20-02-2013,120.10000000000001,29.039999,15.63,0.7,175.0,1.48,6.0,114.1,60.9
-34.250556,20.9925,20-02-2013,10.3,28.17,16.529999,3.3,177.3,1.02,0.5,9.900001,167.40001
-28.44555556,32.325,18-04-2013,98.60000000000001,27.63,20.47,9.6,128.8,0.7,4.9,95.200005,33.600002
-30.13573889,30.67422222,21-02-2013,227.8,26.449999,19.73,80.1,125.1,0.69,29.3,125.1,0.0
-27.398611,26.614722,21-02-2013,126.60000000000001,29.17,15.929999,0.8,177.90001,1.43,6.300000000000001,120.3,57.600002
-27.671111,27.236944,21-02-2013,134.5,28.529999,15.2,0.8,167.2,1.3399999,6.7,127.8,39.4
-28.96362,19.15486,23-02-2013,2.4000000000000004,36.73,18.92,0.0,251.1,2.99,0.1,2.3,248.8
-28.735556,29.820556,25-02-2013,175.3,28.33,15.849999,26.4,143.3,1.11,8.8,143.3,0.0
-26.45,28.085833,25-02-2013,150.6,26.31,14.309999,1.4,147.8,1.01,7.5,143.1,4.7000003
-33.501667,21.624167,25-02-2013,10.9,28.269999,12.78,0.1,186.2,1.24,0.5,10.3,175.90001
-33.38056,19.30167,25-02-2013,11.600000000000001,28.48,13.67,9.6,199.0,1.35,0.6000000000000001,13.5,185.5
-33.31388889,19.07472222,25-02-2013,11.200000000000001,31.14,16.24,13.0,212.8,1.62,0.6000000000000001,14.2,198.6
-27.01011111,26.69808333,26-02-2013,139.4,28.49,15.83,0.8,170.6,1.31,7.0,132.40001,38.2
-22.935,28.004167,26-02-2013,93.5,32.01,19.73,0.2,167.90001,1.64,4.7,88.9,79.0
-23.763056,27.908611,26-02-2013,133.8,30.369999,18.34,1.8000001,159.1,1.42,6.7,127.1,32.0
-22.548889,28.898056,26-02-2013,92.5,31.64,19.07,0.1,160.3,1.49,4.6000000000000005,87.9,72.4
-22.91028,29.61111,26-02-2013,131.6,29.9,18.82,1.9,145.1,1.27,6.6000000000000005,125.1,20.0
-25.127778,27.628889,26-02-2013,154.20000000000002,30.5,18.06,2.0,164.7,1.41,7.7,146.6,18.1
-25.20639,27.558,26-02-2013,156.60000000000002,30.429998,17.99,2.0,165.2,1.41,7.800000000000001,148.8,16.4
-24.39619444,27.08983333,26-02-2013,149.3,31.56,19.42,2.6000001,172.8,1.61,7.5,141.90001,30.9
-24.69514,27.40906,26-02-2013,157.70000000000002,31.24,19.199999,2.3,172.7,1.56,7.9,149.90001,22.800001
-25.73411,27.21422,26-02-2013,175.9,27.96,15.21,12.3,156.2,1.14,8.8,156.2,0.0
-27.363611,31.783333,26-02-2013,91.5,29.66,19.56,7.8,132.8,1.05,4.6000000000000005,87.5,45.3
-26.861111,28.884722,26-02-2013,141.8,25.779999,13.349999,1.5,143.2,0.91999996,7.1000000000000005,134.8,8.400001
-26.648056,27.089444,26-02-2013,152.6,27.67,15.21,1.0,158.8,1.17,7.6000000000000005,145.0,13.8
-26.970278,27.211111,26-02-2013,146.9,27.789999,15.37,1.0,160.0,1.22,7.300000000000001,139.6,20.4
-26.880278,26.965,26-02-2013,145.9,28.23,15.67,1.0,162.6,1.26,7.300000000000001,138.7,23.9
-26.98472222,26.63227778,26-02-2013,141.0,28.58,15.91,0.8,169.1,1.3199999,7.1000000000000005,134.0,35.100002
-33.7075,18.97444444,26-02-2013,11.0,30.38,16.609999,14.3,208.90001,1.4599999,0.5,14.6,194.3
-29.161667,23.696389,27-02-2013,65.10000000000001,33.309998,16.92,0.1,210.1,2.3,3.3000000000000003,61.9,148.2
-29.641944,30.6875,27-02-2013,211.4,26.75,18.34,80.200005,127.200005,0.76,10.600000000000001,127.200005,0.0
-24.282222,28.090278,27-02-2013,160.20000000000002,28.939999,17.1,2.0,153.6,1.22,8.0,152.2,1.4
-24.670833,28.560833,27-02-2013,176.9,28.93,16.51,17.300001,152.8,1.17,8.8,152.8,0.0
-27.602222,29.942778,27-02-2013,166.60000000000002,27.8,14.839999,15.8,146.2,1.06,8.3,146.2,0.0
-27.00222,28.76528,27-02-2013,148.3,25.97,13.45,1.4,143.40001,0.95,7.4,140.90001,2.5
-32.595833,19.009444,27-02-2013,9.9,32.94,15.95,7.0,222.6,1.89,0.5,10.400001,212.2
-33.08883333,19.21878333,27-02-2013,11.9,27.99,12.91,8.2,201.0,1.3399999,0.6000000000000001,13.1,187.90001
-33.13083,18.86278,27-02-2013,10.100000000000001,31.699999,17.029999,11.7,215.6,1.7099999,0.5,12.7,202.90001
-32.94583,18.33667,27-02-2013,7.1000000000000005,28.68,15.95,7.2000003,200.2,1.22,0.4,8.3,191.90001
-26.905,32.324722,28-02-2013,71.8,31.13,20.42,8.3,133.0,1.15,3.6,68.8,64.200005
-34.092222,21.295278,28-02-2013,10.9,28.099998,15.759999,1.8000001,172.2,1.06,0.5,10.5,161.7
-27.902778,24.615556,01-03-2013,93.9,32.34,17.029999,0.2,198.40001,2.04,4.7,89.200005,109.200005
-25.99136,27.84208,04-03-2013,163.10000000000002,26.83,15.309999,7.0,149.40001,1.04,8.200000000000001,149.40001,0.0
-26.73806,27.59194,04-03-2013,153.70000000000002,26.91,14.9,1.2,153.90001,1.11,7.7,146.0,7.9
-26.45,28.085833,04-03-2013,150.6,26.31,14.309999,1.4,147.8,1.01,7.5,143.1,4.7000003
-23.658056,31.05,05-03-2013,100.2,31.519999,20.5,0.90000004,141.8,1.3299999,5.0,95.200005,46.600002
-23.281,30.54305556,05-03-2013,110.60000000000001,30.46,20.16,6.5,142.7,1.27,5.5,105.6,37.100002
-27.169444,29.233889,05-03-2013,147.1,25.34,13.0,2.7,138.3,0.84999996,7.4,138.3,0.0
-26.861111,28.884722,05-03-2013,141.8,25.779999,13.349999,1.5,143.2,0.91999996,7.1000000000000005,134.8,8.400001
-27.398611,26.614722,05-03-2013,126.60000000000001,29.17,15.929999,0.8,177.90001,1.43,6.300000000000001,120.3,57.600002
-28.69485,28.23487,05-03-2013,168.4,25.16,12.99,17.2,144.8,0.98999995,8.4,144.8,0.0
-28.883333,27.89,05-03-2013,170.9,25.949999,13.509999,15.400001,149.2,1.09,8.5,149.2,0.0
-25.45963889,28.26430556,05-03-2013,147.8,28.89,16.51,1.6,155.0,1.1999999,7.4,140.5,14.5
-27.01011111,26.69808333,06-03-2013,139.4,28.49,15.83,0.8,170.6,1.31,7.0,132.40001,38.2
-25.81048333,27.90955222,06-03-2013,158.60000000000002,27.869999,16.33,1.4,153.40001,1.14,7.9,150.7,2.7
-29.744167,29.905833,06-03-2013,258.2,25.869999,14.73,79.200005,129.0,0.83,56.6,129.0,0.0
-26.648056,27.089444,06-03-2013,152.6,27.67,15.21,1.0,158.8,1.17,7.6000000000000005,145.0,13.8
-26.970278,27.211111,06-03-2013,146.9,27.789999,15.37,1.0,160.0,1.22,7.300000000000001,139.6,20.4
-26.880278,26.965,06-03-2013,145.9,28.23,15.67,1.0,162.6,1.26,7.300000000000001,138.7,23.9
-26.98472222,26.63227778,06-03-2013,141.0,28.58,15.91,0.8,169.1,1.3199999,7.1000000000000005,134.0,35.100002
-29.160278,26.573333,06-03-2013,116.80000000000001,29.199999,14.45,0.7,178.6,1.54,5.800000000000001,111.0,67.6
-29.615556,27.065278,06-03-2013,140.0,27.98,13.71,0.7,166.5,1.39,7.0,133.0,33.5
-34.031944,22.053333,06-03-2013,11.100000000000001,25.949999,15.599999,2.1000001,155.7,0.76,0.6000000000000001,10.7,145.0
-34.039722,22.133333,06-03-2013,11.4,25.769999,15.92,2.3,153.90001,0.71999997,0.6000000000000001,11.0,142.90001
-30.830556,26.921389,07-03-2013,110.0,28.369999,12.82,0.8,168.7,1.37,5.5,104.5,64.200005
-28.75,30.442778,07-03-2013,162.10000000000002,29.279999,17.56,11.0,146.2,1.15,8.1,146.2,0.0
-29.161667,30.629722,07-03-2013,189.0,25.109999,14.92,60.5,124.700005,0.65999997,9.5,124.700005,0.0
-30.160091,27.40124,07-03-2013,143.9,27.63,13.83,0.90000004,159.7,1.3399999,7.2,136.8,22.9
-30.336111,27.359444,07-03-2013,139.5,27.72,13.349999,1.0,161.5,1.3299999,7.0,132.6,28.9
-29.042222,24.6,08-03-2013,76.60000000000001,32.17,16.16,0.1,205.8,2.09,3.8000000000000003,72.8,133.0
-31.000833,26.353056,08-03-2013,83.30000000000001,28.15,12.17,0.5,174.6,1.4,4.2,79.200005,95.4
-30.679722,26.7125,08-03-2013,105.10000000000001,29.189999,13.389999,0.7,173.7,1.49,5.300000000000001,99.9,73.8
-34.005833,22.351111,08-03-2013,13.9,24.74,15.7,2.7,147.1,0.62,0.7000000000000001,13.3,133.8
-28.735556,29.820556,11-03-2013,175.3,28.33,15.849999,26.4,143.3,1.11,8.8,143.3,0.0
-26.970278,27.211111,11-03-2013,146.9,27.789999,15.37,1.0,160.0,1.22,7.300000000000001,139.6,20.4
-26.45,28.085833,11-03-2013,150.6,26.31,14.309999,1.4,147.8,1.01,7.5,143.1,4.7000003
-29.1825,23.575556,11-03-2013,61.0,33.29,17.029999,0.1,215.5,2.31,3.0,57.9,157.6
-33.818056,19.694722,11-03-2013,9.1,30.23,15.54,6.4,203.90001,1.4399999,0.5,10.0,193.90001
-27.01011111,26.69808333,12-03-2013,139.4,28.49,15.83,0.8,170.6,1.31,7.0,132.40001,38.2
-34.065833,20.404167,12-03-2013,8.5,30.31,17.05,3.4,182.3,1.41,0.4,8.400001,173.90001
-25.127778,27.628889,12-03-2013,154.20000000000002,30.5,18.06,2.0,164.7,1.41,7.7,146.6,18.1
-25.20639,27.558,12-03-2013,156.60000000000002,30.429998,17.99,2.0,165.2,1.41,7.800000000000001,148.8,16.4
-24.69514,27.40906,12-03-2013,157.70000000000002,31.24,19.199999,2.3,172.7,1.56,7.9,149.90001,22.800001
-28.747778,31.745833,12-03-2013,134.5,29.06,20.13,5.4,137.90001,0.90999997,6.7,128.3,9.6
-28.404444,30.013056,12-03-2013,165.60000000000002,28.07,15.429999,16.0,144.7,1.09,8.3,144.7,0.0
-29.380556,30.2775,12-03-2013,209.5,24.75,14.07,77.4,122.4,0.65999997,15.8,122.4,0.0
-26.861111,28.884722,12-03-2013,141.8,25.779999,13.349999,1.5,143.2,0.91999996,7.1000000000000005,134.8,8.400001
-26.648056,27.089444,12-03-2013,152.6,27.67,15.21,1.0,158.8,1.17,7.6000000000000005,145.0,13.8
-26.880278,26.965,12-03-2013,145.9,28.23,15.67,1.0,162.6,1.26,7.300000000000001,138.7,23.9
-26.98472222,26.63227778,12-03-2013,141.0,28.58,15.91,0.8,169.1,1.3199999,7.1000000000000005,134.0,35.100002
-28.376944,24.303056,12-03-2013,86.9,32.399998,17.0,0.2,200.90001,2.1,4.3,82.6,118.3
-34.075556,20.145556,12-03-2013,8.700000000000001,29.8,16.22,6.5,185.90001,1.37,0.4,9.6,176.3
-29.140556,31.391944,13-03-2013,139.9,27.65,19.64,9.900001,129.90001,0.7,7.0,129.90001,0.0
-24.39619444,27.08983333,13-03-2013,149.3,31.56,19.42,2.6000001,172.8,1.61,7.5,141.90001,30.9
-22.769722,30.886944,13-03-2013,132.4,31.609999,20.31,6.6,148.1,1.37,6.6000000000000005,126.3,21.800001
-28.404444,30.013056,13-03-2013,165.60000000000002,28.07,15.429999,16.0,144.7,1.09,8.3,144.7,0.0
-29.161667,30.629722,13-03-2013,189.0,25.109999,14.92,60.5,124.700005,0.65999997,9.5,124.700005,0.0
-27.00222,28.76528,13-03-2013,148.3,25.97,13.45,1.4,143.40001,0.95,7.4,140.90001,2.5
-27.02314,28.59389,13-03-2013,150.20000000000002,26.21,13.59,1.4,145.3,0.97999996,7.5,142.8,2.5
-27.273889,28.49,13-03-2013,157.0,26.119999,13.49,4.2000003,146.2,0.98999995,7.800000000000001,146.2,0.0
-27.4275,28.525833,13-03-2013,162.4,26.0,13.28,11.5,145.0,0.97999996,8.1,145.0,0.0
-27.3,28.586944,13-03-2013,156.8,26.099998,13.37,5.4,144.8,0.97999996,7.800000000000001,144.8,0.0
-28.141944,26.417778,13-03-2013,116.4,29.46,15.349999,0.7,180.1,1.53,5.800000000000001,110.6,69.5
-28.1175,26.719444,13-03-2013,120.10000000000001,29.039999,15.63,0.7,175.0,1.48,6.0,114.1,60.9
-29.160278,26.573333,13-03-2013,116.80000000000001,29.199999,14.45,0.7,178.6,1.54,5.800000000000001,111.0,67.6
-28.768056,20.720556,13-03-2013,19.200000000000003,35.739998,18.619999,0.0,252.6,2.8899999,1.0,18.300001,234.3
-34.250556,20.9925,13-03-2013,10.3,28.17,16.529999,3.3,177.3,1.02,0.5,9.900001,167.40001
-28.058889,30.373611,13-03-2013,166.4,26.91,14.54,22.4,139.90001,0.93,8.3,139.90001,0.0
-25.57877778,29.12747222,13-03-2013,148.4,28.359999,15.69,1.4,150.0,1.14,7.4,141.0,9.0
-28.801278,31.955389,14-03-2013,113.10000000000001,28.48,20.05,7.1,135.3,0.76,5.7,108.3,27.0
-27.937778,31.209444,14-03-2013,124.0,27.75,17.619999,5.6,136.6,0.94,6.2,118.3,18.300001
-27.5275,30.858056,14-03-2013,164.20000000000002,26.24,15.75,31.2,130.6,0.81,8.200000000000001,130.6,0.0
-27.935,26.126667,14-03-2013,103.4,29.66,14.99,0.7,183.1,1.52,5.2,98.3,84.8
-28.1175,26.719444,14-03-2013,120.10000000000001,29.039999,15.63,0.7,175.0,1.48,6.0,114.1,60.9
-27.902778,24.615556,14-03-2013,93.9,32.34,17.029999,0.2,198.40001,2.04,4.7,89.200005,109.200005
-29.042222,24.6,14-03-2013,76.60000000000001,32.17,16.16,0.1,205.8,2.09,3.8000000000000003,72.8,133.0
-29.028629,24.638389,14-03-2013,78.10000000000001,32.11,16.1,0.1,204.90001,2.08,3.9000000000000004,74.200005,130.7
-34.329722,18.990278,14-03-2013,8.700000000000001,24.8,15.17,22.1,164.2,0.71999997,0.4,16.7,147.5
-24.925278,29.324444,15-03-2013,152.3,30.32,17.9,1.2,154.1,1.3,7.6000000000000005,144.8,9.3
-27.671111,27.236944,15-03-2013,134.5,28.529999,15.2,0.8,167.2,1.3399999,6.7,127.8,39.4
-27.573056,24.746389,15-03-2013,100.7,31.99,16.8,0.3,200.40001,1.93,5.0,95.700005,104.700005
-26.970278,27.211111,16-03-2013,146.9,27.789999,15.37,1.0,160.0,1.22,7.300000000000001,139.6,20.4
-28.96362,19.15486,16-03-2013,2.4000000000000004,36.73,18.92,0.0,251.1,2.99,0.1,2.3,248.8
-33.08883333,19.21878333,16-03-2013,11.9,27.99,12.91,8.2,201.0,1.3399999,0.6000000000000001,13.1,187.90001
-26.648056,27.089444,23-04-2014,118.9,28.789999,15.339999,2.9,168.6,1.28,5.9,113.200005,55.4
-26.648056,27.089444,01-05-2014,118.9,28.789999,15.339999,2.9,168.6,1.28,5.9,113.200005,55.4
-25.99136,27.84208,18-03-2013,163.10000000000002,26.83,15.309999,7.0,149.40001,1.04,8.200000000000001,149.40001,0.0
-29.7775,29.470833,18-03-2013,289.7,23.76,12.16,42.9,125.5,0.71,125.30000000000001,125.5,0.0
-29.744167,29.905833,18-03-2013,258.2,25.869999,14.73,79.200005,129.0,0.83,56.6,129.0,0.0
-26.970278,27.211111,18-03-2013,146.9,27.789999,15.37,1.0,160.0,1.22,7.300000000000001,139.6,20.4
-26.73806,27.59194,18-03-2013,153.70000000000002,26.91,14.9,1.2,153.90001,1.11,7.7,146.0,7.9
-26.45,28.085833,18-03-2013,150.6,26.31,14.309999,1.4,147.8,1.01,7.5,143.1,4.7000003
-30.570833,29.150556,18-03-2013,212.20000000000002,24.38,12.42,49.9,128.2,0.78,37.7,128.2,0.0
-31.396,29.2651,18-03-2013,197.4,26.029999,18.06,49.600002,126.3,0.74,26.5,126.3,0.0
-31.554722,29.245556,18-03-2013,205.60000000000002,24.789999,16.99,50.5,117.5,0.57,42.900000000000006,117.5,0.0
-27.01011111,26.69808333,19-03-2013,139.4,28.49,15.83,0.8,170.6,1.31,7.0,132.40001,38.2
-30.733889,29.828333,19-03-2013,231.3,25.26,16.039999,69.4,121.5,0.7,46.6,121.5,0.0
-29.987778,29.851667,19-03-2013,257.6,25.019999,14.04,84.1,123.8,0.72999996,57.300000000000004,123.8,0.0
-26.861111,28.884722,19-03-2013,141.8,25.779999,13.349999,1.5,143.2,0.91999996,7.1000000000000005,134.8,8.400001
-27.00222,28.76528,19-03-2013,148.3,25.97,13.45,1.4,143.40001,0.95,7.4,140.90001,2.5
-26.648056,27.089444,19-03-2013,152.6,27.67,15.21,1.0,158.8,1.17,7.6000000000000005,145.0,13.8
-26.880278,26.965,19-03-2013,145.9,28.23,15.67,1.0,162.6,1.26,7.300000000000001,138.7,23.9
-26.98472222,26.63227778,19-03-2013,141.0,28.58,15.91,0.8,169.1,1.3199999,7.1000000000000005,134.0,35.100002
-30.568333,29.422778,19-03-2013,209.5,24.529999,12.559999,62.600002,126.8,0.74,24.700000000000003,126.8,0.0
-30.570833,29.150556,19-03-2013,212.20000000000002,24.38,12.42,49.9,128.2,0.78,37.7,128.2,0.0
-31.104278,29.399722,19-03-2013,207.5,25.74,16.74,57.2,124.5,0.75,31.1,124.5,0.0
-33.31388889,19.07472222,19-03-2013,11.200000000000001,31.14,16.24,13.0,212.8,1.62,0.6000000000000001,14.2,198.6
-25.45963889,28.26430556,19-03-2013,147.8,28.89,16.51,1.6,155.0,1.1999999,7.4,140.5,14.5
-28.338333,31.373611,19-03-2013,134.0,27.769999,17.73,4.5,133.1,0.87,6.7,127.6,5.5
-28.068333,31.55,19-03-2013,107.7,29.9,20.17,4.7000003,140.8,1.17,5.4,102.700005,38.100002
-29.161667,23.696389,20-03-2013,65.10000000000001,33.309998,16.92,0.1,210.1,2.3,3.3000000000000003,61.9,148.2
-25.81048333,27.90955222,20-03-2013,158.60000000000002,27.869999,16.33,1.4,153.40001,1.14,7.9,150.7,2.7
-24.058889,31.237222,20-03-2013,111.7,31.349998,20.43,1.0,137.6,1.3,5.6000000000000005,106.1,31.5
-30.13573889,30.67422222,20-03-2013,227.8,26.449999,19.73,80.1,125.1,0.69,29.3,125.1,0.0
-30.398056,30.601944,20-03-2013,237.70000000000002,26.21,19.83,81.1,124.1,0.65,39.900000000000006,124.1,0.0
-30.27402,30.69602,20-03-2013,235.10000000000002,26.09,19.76,80.3,123.6,0.64,38.400000000000006,123.6,0.0
-27.38972222,26.46388889,20-03-2013,124.9,29.349998,15.889999,0.8,179.6,1.4499999,6.2,118.6,61.0
-28.1175,26.719444,20-03-2013,120.10000000000001,29.039999,15.63,0.7,175.0,1.48,6.0,114.1,60.9
-31.031389,28.883333,20-03-2013,201.3,25.609999,14.75,56.100002,129.5,0.84,19.0,129.5,0.0
-30.86013889,29.07125,20-03-2013,201.10000000000002,26.01,15.28,51.7,130.2,0.88,21.5,130.2,0.0
-30.77586667,29.03221667,20-03-2013,204.8,25.9,15.009999,48.8,130.8,0.89,28.200000000000003,130.8,0.0
-33.7075,18.97444444,20-03-2013,11.0,30.38,16.609999,14.3,208.90001,1.4599999,0.5,14.6,194.3
-24.183889,30.823889,21-03-2013,138.4,30.64,19.73,2.4,137.6,1.22,6.9,131.5,6.1
-28.44555556,32.325,16-05-2013,98.60000000000001,27.63,20.47,9.6,128.8,0.7,4.9,95.200005,33.600002
-27.935,26.126667,21-03-2013,103.4,29.66,14.99,0.7,183.1,1.52,5.2,98.3,84.8
-28.1175,26.719444,21-03-2013,120.10000000000001,29.039999,15.63,0.7,175.0,1.48,6.0,114.1,60.9
-27.398611,26.614722,21-03-2013,126.60000000000001,29.17,15.929999,0.8,177.90001,1.43,6.300000000000001,120.3,57.600002
-24.679167,30.8025,22-03-2013,211.70000000000002,25.71,15.589999,109.1,127.5,0.78,10.600000000000001,127.5,0.0
-29.744167,29.905833,22-03-2013,258.2,25.869999,14.73,79.200005,129.0,0.83,56.6,129.0,0.0
-28.116667,26.725278,22-03-2013,120.10000000000001,29.039999,15.63,0.7,175.0,1.48,6.0,114.1,60.9
-29.803611,30.516111,22-03-2013,240.8,25.76,16.66,83.8,122.4,0.68,41.2,122.4,0.0
-26.45,28.085833,25-03-2013,150.6,26.31,14.309999,1.4,147.8,1.01,7.5,143.1,4.7000003
-31.436944,20.474722,25-03-2013,16.0,31.32,14.15,0.0,231.6,2.02,0.8,15.2,216.40001
-29.1825,23.575556,25-03-2013,61.0,33.29,17.029999,0.1,215.5,2.31,3.0,57.9,157.6
-33.38056,19.30167,25-03-2013,11.600000000000001,28.48,13.67,9.6,199.0,1.35,0.6000000000000001,13.5,185.5
-27.01011111,26.69808333,26-03-2013,139.4,28.49,15.83,0.8,170.6,1.31,7.0,132.40001,38.2
-25.127778,27.628889,26-03-2013,154.20000000000002,30.5,18.06,2.0,164.7,1.41,7.7,146.6,18.1
-24.39619444,27.08983333,26-03-2013,149.3,31.56,19.42,2.6000001,172.8,1.61,7.5,141.90001,30.9
-24.69514,27.40906,26-03-2013,157.70000000000002,31.24,19.199999,2.3,172.7,1.56,7.9,149.90001,22.800001
-25.73411,27.21422,26-03-2013,175.9,27.96,15.21,12.3,156.2,1.14,8.8,156.2,0.0
-30.398056,30.601944,26-03-2013,237.70000000000002,26.21,19.83,81.1,124.1,0.65,39.900000000000006,124.1,0.0
-30.27402,30.69602,26-03-2013,235.10000000000002,26.09,19.76,80.3,123.6,0.64,38.400000000000006,123.6,0.0
-26.861111,28.884722,26-03-2013,141.8,25.779999,13.349999,1.5,143.2,0.91999996,7.1000000000000005,134.8,8.400001
-27.00222,28.76528,26-03-2013,148.3,25.97,13.45,1.4,143.40001,0.95,7.4,140.90001,2.5
-26.648056,27.089444,26-03-2013,152.6,27.67,15.21,1.0,158.8,1.17,7.6000000000000005,145.0,13.8
-26.970278,27.211111,26-03-2013,146.9,27.789999,15.37,1.0,160.0,1.22,7.300000000000001,139.6,20.4
-26.880278,26.965,26-03-2013,145.9,28.23,15.67,1.0,162.6,1.26,7.300000000000001,138.7,23.9
-26.98472222,26.63227778,26-03-2013,141.0,28.58,15.91,0.8,169.1,1.3199999,7.1000000000000005,134.0,35.100002
-29.651389,22.746389,26-03-2013,39.800000000000004,33.66,18.029999,0.0,236.0,2.48,2.0,37.8,198.2
-29.1825,23.575556,26-03-2013,61.0,33.29,17.029999,0.1,215.5,2.31,3.0,57.9,157.6
-32.595833,19.009444,26-03-2013,9.9,32.94,15.95,7.0,222.6,1.89,0.5,10.400001,212.2
-33.08883333,19.21878333,26-03-2013,11.9,27.99,12.91,8.2,201.0,1.3399999,0.6000000000000001,13.1,187.90001
-29.161667,23.696389,27-03-2013,65.10000000000001,33.309998,16.92,0.1,210.1,2.3,3.3000000000000003,61.9,148.2
-29.641944,30.6875,27-03-2013,211.4,26.75,18.34,80.200005,127.200005,0.76,10.600000000000001,127.200005,0.0
-25.20639,27.558,27-03-2013,156.60000000000002,30.429998,17.99,2.0,165.2,1.41,7.800000000000001,148.8,16.4
-27.602222,29.942778,27-03-2013,166.60000000000002,27.8,14.839999,15.8,146.2,1.06,8.3,146.2,0.0
-29.380556,30.2775,27-03-2013,209.5,24.75,14.07,77.4,122.4,0.65999997,15.8,122.4,0.0
-29.161667,30.629722,27-03-2013,189.0,25.109999,14.92,60.5,124.700005,0.65999997,9.5,124.700005,0.0
-29.651389,22.746389,27-03-2013,39.800000000000004,33.66,18.029999,0.0,236.0,2.48,2.0,37.8,198.2
-33.13083,18.86278,27-03-2013,10.100000000000001,31.699999,17.029999,11.7,215.6,1.7099999,0.5,12.7,202.90001
-32.94583,18.33667,27-03-2013,7.1000000000000005,28.68,15.95,7.2000003,200.2,1.22,0.4,8.3,191.90001
-29.641944,30.6875,28-03-2013,211.4,26.75,18.34,80.200005,127.200005,0.76,10.600000000000001,127.200005,0.0
-29.758889,30.935278,28-03-2013,180.8,26.369999,19.529999,55.5,122.700005,0.63,9.0,122.700005,0.0
-32.502778,19.535833,28-03-2013,9.0,32.85,15.63,0.5,234.1,2.02,0.4,8.6,225.5
-28.96362,19.15486,30-03-2013,2.4000000000000004,36.73,18.92,0.0,251.1,2.99,0.1,2.3,248.8
-25.99136,27.84208,02-04-2013,163.10000000000002,26.83,15.309999,7.0,149.40001,1.04,8.200000000000001,149.40001,0.0
-26.73806,27.59194,02-04-2013,153.70000000000002,26.91,14.9,1.2,153.90001,1.11,7.7,146.0,7.9
-26.45,28.085833,02-04-2013,150.6,26.31,14.309999,1.4,147.8,1.01,7.5,143.1,4.7000003
-29.160278,26.573333,02-04-2013,116.80000000000001,29.199999,14.45,0.7,178.6,1.54,5.800000000000001,111.0,67.6
-31.396,29.2651,02-04-2013,197.4,26.029999,18.06,49.600002,126.3,0.74,26.5,126.3,0.0
-31.554722,29.245556,02-04-2013,205.60000000000002,24.789999,16.99,50.5,117.5,0.57,42.900000000000006,117.5,0.0
-27.01011111,26.69808333,03-04-2013,139.4,28.49,15.83,0.8,170.6,1.31,7.0,132.40001,38.2
-29.744167,29.905833,03-04-2013,258.2,25.869999,14.73,79.200005,129.0,0.83,56.6,129.0,0.0
-26.861111,28.884722,03-04-2013,141.8,25.779999,13.349999,1.5,143.2,0.91999996,7.1000000000000005,134.8,8.400001
-26.98472222,26.63227778,03-04-2013,141.0,28.58,15.91,0.8,169.1,1.3199999,7.1000000000000005,134.0,35.100002
-27.398611,26.614722,03-04-2013,126.60000000000001,29.17,15.929999,0.8,177.90001,1.43,6.300000000000001,120.3,57.600002
-27.671111,27.236944,03-04-2013,134.5,28.529999,15.2,0.8,167.2,1.3399999,6.7,127.8,39.4
-30.568333,29.422778,03-04-2013,209.5,24.529999,12.559999,62.600002,126.8,0.74,24.700000000000003,126.8,0.0
-31.104278,29.399722,03-04-2013,207.5,25.74,16.74,57.2,124.5,0.75,31.1,124.5,0.0
-34.031944,22.053333,03-04-2013,11.100000000000001,25.949999,15.599999,2.1000001,155.7,0.76,0.6000000000000001,10.7,145.0
-25.45963889,28.26430556,03-04-2013,147.8,28.89,16.51,1.6,155.0,1.1999999,7.4,140.5,14.5
-25.81048333,27.90955222,04-04-2013,158.60000000000002,27.869999,16.33,1.4,153.40001,1.14,7.9,150.7,2.7
-28.75,30.442778,04-04-2013,162.10000000000002,29.279999,17.56,11.0,146.2,1.15,8.1,146.2,0.0
-27.00222,28.76528,04-04-2013,148.3,25.97,13.45,1.4,143.40001,0.95,7.4,140.90001,2.5
-27.02314,28.59389,04-04-2013,150.20000000000002,26.21,13.59,1.4,145.3,0.97999996,7.5,142.8,2.5
-26.648056,27.089444,04-04-2013,152.6,27.67,15.21,1.0,158.8,1.17,7.6000000000000005,145.0,13.8
-26.970278,27.211111,04-04-2013,146.9,27.789999,15.37,1.0,160.0,1.22,7.300000000000001,139.6,20.4
-26.880278,26.965,04-04-2013,145.9,28.23,15.67,1.0,162.6,1.26,7.300000000000001,138.7,23.9
-27.273889,28.49,04-04-2013,157.0,26.119999,13.49,4.2000003,146.2,0.98999995,7.800000000000001,146.2,0.0
-27.4275,28.525833,04-04-2013,162.4,26.0,13.28,11.5,145.0,0.97999996,8.1,145.0,0.0
-27.3,28.586944,04-04-2013,156.8,26.099998,13.37,5.4,144.8,0.97999996,7.800000000000001,144.8,0.0
-30.570833,29.150556,04-04-2013,212.20000000000002,24.38,12.42,49.9,128.2,0.78,37.7,128.2,0.0
-31.031389,28.883333,05-04-2013,201.3,25.609999,14.75,56.100002,129.5,0.84,19.0,129.5,0.0
-30.86013889,29.07125,05-04-2013,201.10000000000002,26.01,15.28,51.7,130.2,0.88,21.5,130.2,0.0
-30.77586667,29.03221667,05-04-2013,204.8,25.9,15.009999,48.8,130.8,0.89,28.200000000000003,130.8,0.0
-34.02861,22.22222,05-04-2013,12.4,25.3,15.66,2.4,150.40001,0.65999997,0.6000000000000001,11.900001,138.5
-28.96362,19.15486,06-04-2013,2.4000000000000004,36.73,18.92,0.0,251.1,2.99,0.1,2.3,248.8
-27.3,28.586944,07-04-2013,156.8,26.099998,13.37,5.4,144.8,0.97999996,7.800000000000001,144.8,0.0
-28.768056,20.720556,08-04-2013,19.200000000000003,35.739998,18.619999,0.0,252.6,2.8899999,1.0,18.300001,234.3
-33.818056,19.694722,08-04-2013,9.1,30.23,15.54,6.4,203.90001,1.4399999,0.5,10.0,193.90001
-26.970278,27.211111,28-01-2013,146.9,27.789999,15.37,1.0,160.0,1.22,7.300000000000001,139.6,20.4
-34.065833,20.404167,09-04-2013,8.5,30.31,17.05,3.4,182.3,1.41,0.4,8.400001,173.90001
-24.183889,30.823889,09-04-2013,138.4,30.64,19.73,2.4,137.6,1.22,6.9,131.5,6.1
-25.127778,27.628889,09-04-2013,154.20000000000002,30.5,18.06,2.0,164.7,1.41,7.7,146.6,18.1
-25.20639,27.558,09-04-2013,156.60000000000002,30.429998,17.99,2.0,165.2,1.41,7.800000000000001,148.8,16.4
-24.69514,27.40906,09-04-2013,157.70000000000002,31.24,19.199999,2.3,172.7,1.56,7.9,149.90001,22.800001
-28.747778,31.745833,09-04-2013,134.5,29.06,20.13,5.4,137.90001,0.90999997,6.7,128.3,9.6
-28.801278,31.955389,09-04-2013,113.10000000000001,28.48,20.05,7.1,135.3,0.76,5.7,108.3,27.0
-27.3,28.586944,09-04-2013,156.8,26.099998,13.37,5.4,144.8,0.97999996,7.800000000000001,144.8,0.0
-29.160278,26.573333,09-04-2013,116.80000000000001,29.199999,14.45,0.7,178.6,1.54,5.800000000000001,111.0,67.6
-28.69485,28.23487,09-04-2013,168.4,25.16,12.99,17.2,144.8,0.98999995,8.4,144.8,0.0
-34.075556,20.145556,09-04-2013,8.700000000000001,29.8,16.22,6.5,185.90001,1.37,0.4,9.6,176.3
-29.140556,31.391944,10-04-2013,139.9,27.65,19.64,9.900001,129.90001,0.7,7.0,129.90001,0.0
-24.282222,28.090278,10-04-2013,160.20000000000002,28.939999,17.1,2.0,153.6,1.22,8.0,152.2,1.4
-24.670833,28.560833,10-04-2013,176.9,28.93,16.51,17.300001,152.8,1.17,8.8,152.8,0.0
-24.39619444,27.08983333,10-04-2013,149.3,31.56,19.42,2.6000001,172.8,1.61,7.5,141.90001,30.9
-23.658056,31.05,10-04-2013,100.2,31.519999,20.5,0.90000004,141.8,1.3299999,5.0,95.200005,46.600002
-27.937778,31.209444,10-04-2013,124.0,27.75,17.619999,5.6,136.6,0.94,6.2,118.3,18.300001
-28.404444,30.013056,10-04-2013,165.60000000000002,28.07,15.429999,16.0,144.7,1.09,8.3,144.7,0.0
-29.380556,30.2775,10-04-2013,209.5,24.75,14.07,77.4,122.4,0.65999997,15.8,122.4,0.0
-26.970278,27.211111,16-07-2013,67.9,30.289999,17.039999,1.0,172.7,1.35,3.4000000000000004,64.5,108.200005
-26.45,28.085833,10-04-2013,150.6,26.31,14.309999,1.4,147.8,1.01,7.5,143.1,4.7000003
-27.671111,27.236944,10-04-2013,134.5,28.529999,15.2,0.8,167.2,1.3399999,6.7,127.8,39.4
-29.615556,27.065278,10-04-2013,140.0,27.98,13.71,0.7,166.5,1.39,7.0,133.0,33.5
-28.883333,27.89,10-04-2013,170.9,25.949999,13.509999,15.400001,149.2,1.09,8.5,149.2,0.0
-34.092222,21.295278,10-04-2013,10.9,28.099998,15.759999,1.8000001,172.2,1.06,0.5,10.5,161.7
-28.058889,30.373611,10-04-2013,166.4,26.91,14.54,22.4,139.90001,0.93,8.3,139.90001,0.0
-27.01011111,26.69808333,11-04-2013,139.4,28.49,15.83,0.8,170.6,1.31,7.0,132.40001,38.2
-30.830556,26.921389,11-04-2013,110.0,28.369999,12.82,0.8,168.7,1.37,5.5,104.5,64.200005
-23.23572222,27.717,11-04-2013,96.7,31.929998,19.939999,0.4,169.5,1.65,4.800000000000001,91.8,77.700005
-22.769722,30.886944,11-04-2013,132.4,31.609999,20.31,6.6,148.1,1.37,6.6000000000000005,126.3,21.800001
-28.801278,31.955389,11-04-2013,113.10000000000001,28.48,20.05,7.1,135.3,0.76,5.7,108.3,27.0
-26.861111,28.884722,11-04-2013,141.8,25.779999,13.349999,1.5,143.2,0.91999996,7.1000000000000005,134.8,8.400001
-27.00222,28.76528,11-04-2013,148.3,25.97,13.45,1.4,143.40001,0.95,7.4,140.90001,2.5
-26.970278,27.211111,11-04-2013,146.9,27.789999,15.37,1.0,160.0,1.22,7.300000000000001,139.6,20.4
-26.880278,26.965,11-04-2013,145.9,28.23,15.67,1.0,162.6,1.26,7.300000000000001,138.7,23.9
-26.98472222,26.63227778,11-04-2013,141.0,28.58,15.91,0.8,169.1,1.3199999,7.1000000000000005,134.0,35.100002
-27.902778,24.615556,11-04-2013,93.9,32.34,17.029999,0.2,198.40001,2.04,4.7,89.200005,109.200005
-30.160091,27.40124,11-04-2013,143.9,27.63,13.83,0.90000004,159.7,1.3399999,7.2,136.8,22.9
-30.336111,27.359444,11-04-2013,139.5,27.72,13.349999,1.0,161.5,1.3299999,7.0,132.6,28.9
-33.897778,20.012778,11-04-2013,8.200000000000001,30.57,15.86,5.5,197.3,1.4699999,0.4,8.900001,188.40001
-24.679167,30.8025,12-04-2013,211.70000000000002,25.71,15.589999,109.1,127.5,0.78,10.600000000000001,127.5,0.0
-22.91028,29.61111,12-04-2013,131.6,29.9,18.82,1.9,145.1,1.27,6.6000000000000005,125.1,20.0
-31.000833,26.353056,12-04-2013,83.30000000000001,28.15,12.17,0.5,174.6,1.4,4.2,79.200005,95.4
-30.679722,26.7125,12-04-2013,105.10000000000001,29.189999,13.389999,0.7,173.7,1.49,5.300000000000001,99.9,73.8
-31.436944,20.474722,12-04-2013,16.0,31.32,14.15,0.0,231.6,2.02,0.8,15.2,216.40001
-31.394444,20.947222,12-04-2013,18.400000000000002,31.849998,14.9,0.0,234.8,2.12,0.9,17.5,217.3
-28.96362,19.15486,13-04-2013,2.4000000000000004,36.73,18.92,0.0,251.1,2.99,0.1,2.3,248.8
-25.81048333,27.90955222,15-04-2013,158.60000000000002,27.869999,16.33,1.4,153.40001,1.14,7.9,150.7,2.7
-25.99136,27.84208,15-04-2013,163.10000000000002,26.83,15.309999,7.0,149.40001,1.04,8.200000000000001,149.40001,0.0
-29.7775,29.470833,15-04-2013,289.7,23.76,12.16,42.9,125.5,0.71,125.30000000000001,125.5,0.0
-29.987778,29.851667,15-04-2013,257.6,25.019999,14.04,84.1,123.8,0.72999996,57.300000000000004,123.8,0.0
-29.744167,29.905833,15-04-2013,258.2,25.869999,14.73,79.200005,129.0,0.83,56.6,129.0,0.0
-26.45,28.085833,15-04-2013,150.6,26.31,14.309999,1.4,147.8,1.01,7.5,143.1,4.7000003
-27.01011111,26.69808333,16-04-2013,139.4,28.49,15.83,0.8,170.6,1.31,7.0,132.40001,38.2
-26.861111,28.884722,16-04-2013,141.8,25.779999,13.349999,1.5,143.2,0.91999996,7.1000000000000005,134.8,8.400001
-27.00222,28.76528,16-04-2013,148.3,25.97,13.45,1.4,143.40001,0.95,7.4,140.90001,2.5
-26.648056,27.089444,16-04-2013,152.6,27.67,15.21,1.0,158.8,1.17,7.6000000000000005,145.0,13.8
-26.970278,27.211111,16-04-2013,146.9,27.789999,15.37,1.0,160.0,1.22,7.300000000000001,139.6,20.4
-26.880278,26.965,16-04-2013,145.9,28.23,15.67,1.0,162.6,1.26,7.300000000000001,138.7,23.9
-26.98472222,26.63227778,16-04-2013,141.0,28.58,15.91,0.8,169.1,1.3199999,7.1000000000000005,134.0,35.100002
-28.883333,27.89,16-04-2013,170.9,25.949999,13.509999,15.400001,149.2,1.09,8.5,149.2,0.0
-33.970833,22.548333,16-04-2013,16.8,24.41,15.79,11.400001,144.0,0.58,0.8,19.7,124.3
-25.45963889,28.26430556,16-04-2013,147.8,28.89,16.51,1.6,155.0,1.1999999,7.4,140.5,14.5
-28.338333,31.373611,16-04-2013,134.0,27.769999,17.73,4.5,133.1,0.87,6.7,127.6,5.5
-29.161667,23.696389,17-04-2013,65.10000000000001,33.309998,16.92,0.1,210.1,2.3,3.3000000000000003,61.9,148.2
-30.733889,29.828333,17-04-2013,231.3,25.26,16.039999,69.4,121.5,0.7,46.6,121.5,0.0
-29.744167,29.905833,17-04-2013,258.2,25.869999,14.73,79.200005,129.0,0.83,56.6,129.0,0.0
-30.398056,30.601944,17-04-2013,237.70000000000002,26.21,19.83,81.1,124.1,0.65,39.900000000000006,124.1,0.0
-26.970278,27.211111,28-07-2014,45.800000000000004,30.15,15.65,2.2,176.1,1.4,2.3000000000000003,43.7,132.40001
-26.73806,27.59194,17-04-2013,153.70000000000002,26.91,14.9,1.2,153.90001,1.11,7.7,146.0,7.9
-28.69485,28.23487,17-04-2013,168.4,25.16,12.99,17.2,144.8,0.98999995,8.4,144.8,0.0
-34.250556,20.9925,17-04-2013,10.3,28.17,16.529999,3.3,177.3,1.02,0.5,9.900001,167.40001
-25.49037,30.6986,18-04-2013,163.20000000000002,26.529999,16.35,46.600002,128.40001,0.81,8.200000000000001,128.40001,0.0
-28.44555556,32.325,13-06-2013,98.60000000000001,27.63,20.47,9.6,128.8,0.7,4.9,95.200005,33.600002
-30.27402,30.69602,18-04-2013,235.10000000000002,26.09,19.76,80.3,123.6,0.64,38.400000000000006,123.6,0.0
-29.042222,24.6,18-04-2013,76.60000000000001,32.17,16.16,0.1,205.8,2.09,3.8000000000000003,72.8,133.0
-29.028629,24.638389,18-04-2013,78.10000000000001,32.11,16.1,0.1,204.90001,2.08,3.9000000000000004,74.200005,130.7
-29.033333,23.983333,18-04-2013,73.0,32.82,16.42,0.2,205.40001,2.18,3.7,69.4,136.0
-25.447222,30.711667,18-04-2013,159.3,27.08,17.0,35.9,129.90001,0.87,8.0,129.90001,0.0
-28.116667,26.725278,19-04-2013,120.10000000000001,29.039999,15.63,0.7,175.0,1.48,6.0,114.1,60.9
-29.803611,30.516111,19-04-2013,240.8,25.76,16.66,83.8,122.4,0.68,41.2,122.4,0.0
-28.96362,19.15486,20-04-2013,2.4000000000000004,36.73,18.92,0.0,251.1,2.99,0.1,2.3,248.8
-25.20639,27.558,22-04-2013,156.60000000000002,30.429998,17.99,2.0,165.2,1.41,7.800000000000001,148.8,16.4
-23.838611,31.640833,22-04-2013,97.2,32.54,21.01,0.90000004,144.8,1.4599999,4.9,92.4,52.4
-26.648056,27.089444,22-04-2013,152.6,27.67,15.21,1.0,158.8,1.17,7.6000000000000005,145.0,13.8
-26.45,28.085833,22-04-2013,150.6,26.31,14.309999,1.4,147.8,1.01,7.5,143.1,4.7000003
-33.38056,19.30167,22-04-2013,11.600000000000001,28.48,13.67,9.6,199.0,1.35,0.6000000000000001,13.5,185.5
-32.502778,19.535833,22-04-2013,9.0,32.85,15.63,0.5,234.1,2.02,0.4,8.6,225.5
-31.860278,18.6875,23-04-2013,7.4,31.59,15.66,0.6,221.2,1.7199999,0.4,7.0,214.2
-25.127778,27.628889,23-04-2013,154.20000000000002,30.5,18.06,2.0,164.7,1.41,7.7,146.6,18.1
-24.69514,27.40906,23-04-2013,157.70000000000002,31.24,19.199999,2.3,172.7,1.56,7.9,149.90001,22.800001
-28.735556,29.820556,23-04-2013,175.3,28.33,15.849999,26.4,143.3,1.11,8.8,143.3,0.0
-27.00222,28.76528,23-04-2013,148.3,25.97,13.45,1.4,143.40001,0.95,7.4,140.90001,2.5
-26.970278,27.211111,23-04-2013,146.9,27.789999,15.37,1.0,160.0,1.22,7.300000000000001,139.6,20.4
-26.880278,26.965,23-04-2013,145.9,28.23,15.67,1.0,162.6,1.26,7.300000000000001,138.7,23.9
-26.98472222,26.63227778,23-04-2013,141.0,28.58,15.91,0.8,169.1,1.3199999,7.1000000000000005,134.0,35.100002
-28.141944,26.417778,23-04-2013,116.4,29.46,15.349999,0.7,180.1,1.53,5.800000000000001,110.6,69.5
-33.501667,21.624167,23-04-2013,10.9,28.269999,12.78,0.1,186.2,1.24,0.5,10.3,175.90001
-32.595833,19.009444,23-04-2013,9.9,32.94,15.95,7.0,222.6,1.89,0.5,10.400001,212.2
-28.760833,17.730278,24-04-2013,0.30000000000000004,36.03,21.13,0.0,244.2,3.0,0.0,0.3,243.90001
-29.161667,23.696389,24-04-2013,65.10000000000001,33.309998,16.92,0.1,210.1,2.3,3.3000000000000003,61.9,148.2
-29.641944,30.6875,24-04-2013,211.4,26.75,18.34,80.200005,127.200005,0.76,10.600000000000001,127.200005,0.0
-27.363611,31.783333,24-04-2013,91.5,29.66,19.56,7.8,132.8,1.05,4.6000000000000005,87.5,45.3
-28.141944,26.417778,24-04-2013,116.4,29.46,15.349999,0.7,180.1,1.53,5.800000000000001,110.6,69.5
-33.08883333,19.21878333,24-04-2013,11.9,27.99,12.91,8.2,201.0,1.3399999,0.6000000000000001,13.1,187.90001
-33.31388889,19.07472222,24-04-2013,11.200000000000001,31.14,16.24,13.0,212.8,1.62,0.6000000000000001,14.2,198.6
-33.13083,18.86278,24-04-2013,10.100000000000001,31.699999,17.029999,11.7,215.6,1.7099999,0.5,12.7,202.90001
-32.94583,18.33667,24-04-2013,7.1000000000000005,28.68,15.95,7.2000003,200.2,1.22,0.4,8.3,191.90001
-26.905,32.324722,25-04-2013,71.8,31.13,20.42,8.3,133.0,1.15,3.6,68.8,64.200005
-27.602222,29.942778,25-04-2013,166.60000000000002,27.8,14.839999,15.8,146.2,1.06,8.3,146.2,0.0
-27.38972222,26.46388889,25-04-2013,124.9,29.349998,15.889999,0.8,179.6,1.4499999,6.2,118.6,61.0
-33.7075,18.97444444,25-04-2013,11.0,30.38,16.609999,14.3,208.90001,1.4599999,0.5,14.6,194.3
-33.464444,18.740556,25-04-2013,9.9,29.83,16.51,11.2,209.6,1.43,0.5,12.6,197.0
-33.72266667,18.61691667,25-04-2013,8.3,28.38,16.609999,12.0,198.5,1.15,0.4,11.3,187.2
-27.356667,27.286389,25-04-2013,136.70000000000002,28.099998,15.28,0.90000004,166.2,1.27,6.800000000000001,129.90001,36.3
-27.902778,24.615556,26-04-2013,93.9,32.34,17.029999,0.2,198.40001,2.04,4.7,89.200005,109.200005
-28.068333,31.55,26-04-2013,107.7,29.9,20.17,4.7000003,140.8,1.17,5.4,102.700005,38.100002
-28.96362,19.15486,27-04-2013,2.4000000000000004,36.73,18.92,0.0,251.1,2.99,0.1,2.3,248.8
-26.45,28.085833,29-04-2013,150.6,26.31,14.309999,1.4,147.8,1.01,7.5,143.1,4.7000003
-27.01011111,26.69808333,30-04-2013,139.4,28.49,15.83,0.8,170.6,1.31,7.0,132.40001,38.2
-27.169444,29.233889,30-04-2013,147.1,25.34,13.0,2.7,138.3,0.84999996,7.4,138.3,0.0
-26.861111,28.884722,30-04-2013,141.8,25.779999,13.349999,1.5,143.2,0.91999996,7.1000000000000005,134.8,8.400001
-27.00222,28.76528,30-04-2013,148.3,25.97,13.45,1.4,143.40001,0.95,7.4,140.90001,2.5
-26.648056,27.089444,30-04-2013,152.6,27.67,15.21,1.0,158.8,1.17,7.6000000000000005,145.0,13.8
-26.970278,27.211111,30-04-2013,146.9,27.789999,15.37,1.0,160.0,1.22,7.300000000000001,139.6,20.4
-26.880278,26.965,30-04-2013,145.9,28.23,15.67,1.0,162.6,1.26,7.300000000000001,138.7,23.9
-26.98472222,26.63227778,30-04-2013,141.0,28.58,15.91,0.8,169.1,1.3199999,7.1000000000000005,134.0,35.100002
-25.45963889,28.26430556,30-04-2013,147.8,28.89,16.51,1.6,155.0,1.1999999,7.4,140.5,14.5
-29.161667,23.696389,01-05-2013,65.10000000000001,33.309998,16.92,0.1,210.1,2.3,3.3000000000000003,61.9,148.2
-25.81048333,27.90955222,01-05-2013,158.60000000000002,27.869999,16.33,1.4,153.40001,1.14,7.9,150.7,2.7
-28.75,30.442778,01-05-2013,162.10000000000002,29.279999,17.56,11.0,146.2,1.15,8.1,146.2,0.0
-29.161667,30.629722,01-05-2013,189.0,25.109999,14.92,60.5,124.700005,0.65999997,9.5,124.700005,0.0
-29.033333,23.983333,01-05-2013,73.0,32.82,16.42,0.2,205.40001,2.18,3.7,69.4,136.0
-29.744167,29.905833,02-05-2013,258.2,25.869999,14.73,79.200005,129.0,0.83,56.6,129.0,0.0
-32.94583,18.33667,02-05-2013,7.1000000000000005,28.68,15.95,7.2000003,200.2,1.22,0.4,8.3,191.90001
-27.671111,27.236944,04-05-2013,134.5,28.529999,15.2,0.8,167.2,1.3399999,6.7,127.8,39.4
-28.96362,19.15486,04-05-2013,2.4000000000000004,36.73,18.92,0.0,251.1,2.99,0.1,2.3,248.8
-26.45,28.085833,06-05-2013,150.6,26.31,14.309999,1.4,147.8,1.01,7.5,143.1,4.7000003
-33.818056,19.694722,06-05-2013,9.1,30.23,15.54,6.4,203.90001,1.4399999,0.5,10.0,193.90001
-34.065833,20.404167,07-05-2013,8.5,30.31,17.05,3.4,182.3,1.41,0.4,8.400001,173.90001
-25.127778,27.628889,07-05-2013,154.20000000000002,30.5,18.06,2.0,164.7,1.41,7.7,146.6,18.1
-25.20639,27.558,07-05-2013,156.60000000000002,30.429998,17.99,2.0,165.2,1.41,7.800000000000001,148.8,16.4
-24.69514,27.40906,07-05-2013,157.70000000000002,31.24,19.199999,2.3,172.7,1.56,7.9,149.90001,22.800001
-23.658056,31.05,07-05-2013,100.2,31.519999,20.5,0.90000004,141.8,1.3299999,5.0,95.200005,46.600002
-28.747778,31.745833,07-05-2013,134.5,29.06,20.13,5.4,137.90001,0.90999997,6.7,128.3,9.6
-28.735556,29.820556,07-05-2013,175.3,28.33,15.849999,26.4,143.3,1.11,8.8,143.3,0.0
-29.380556,30.2775,07-05-2013,209.5,24.75,14.07,77.4,122.4,0.65999997,15.8,122.4,0.0
-26.861111,28.884722,07-05-2013,141.8,25.779999,13.349999,1.5,143.2,0.91999996,7.1000000000000005,134.8,8.400001
-26.98472222,26.63227778,07-05-2013,141.0,28.58,15.91,0.8,169.1,1.3199999,7.1000000000000005,134.0,35.100002
-27.398611,26.614722,07-05-2013,126.60000000000001,29.17,15.929999,0.8,177.90001,1.43,6.300000000000001,120.3,57.600002
-27.671111,27.236944,07-05-2013,134.5,28.529999,15.2,0.8,167.2,1.3399999,6.7,127.8,39.4
-29.160278,26.573333,07-05-2013,116.80000000000001,29.199999,14.45,0.7,178.6,1.54,5.800000000000001,111.0,67.6
-28.768056,20.720556,07-05-2013,19.200000000000003,35.739998,18.619999,0.0,252.6,2.8899999,1.0,18.300001,234.3
-34.02861,22.22222,07-05-2013,12.4,25.3,15.66,2.4,150.40001,0.65999997,0.6000000000000001,11.900001,138.5
-34.075556,20.145556,07-05-2013,8.700000000000001,29.8,16.22,6.5,185.90001,1.37,0.4,9.6,176.3
-29.161667,23.696389,08-05-2013,65.10000000000001,33.309998,16.92,0.1,210.1,2.3,3.3000000000000003,61.9,148.2
-24.39619444,27.08983333,08-05-2013,149.3,31.56,19.42,2.6000001,172.8,1.61,7.5,141.90001,30.9
-28.404444,30.013056,08-05-2013,165.60000000000002,28.07,15.429999,16.0,144.7,1.09,8.3,144.7,0.0
-27.00222,28.76528,08-05-2013,148.3,25.97,13.45,1.4,143.40001,0.95,7.4,140.90001,2.5
-27.02314,28.59389,08-05-2013,150.20000000000002,26.21,13.59,1.4,145.3,0.97999996,7.5,142.8,2.5
-26.648056,27.089444,08-05-2013,152.6,27.67,15.21,1.0,158.8,1.17,7.6000000000000005,145.0,13.8
-26.970278,27.211111,08-05-2013,146.9,27.789999,15.37,1.0,160.0,1.22,7.300000000000001,139.6,20.4
-26.880278,26.965,08-05-2013,145.9,28.23,15.67,1.0,162.6,1.26,7.300000000000001,138.7,23.9
-27.273889,28.49,08-05-2013,157.0,26.119999,13.49,4.2000003,146.2,0.98999995,7.800000000000001,146.2,0.0
-27.4275,28.525833,08-05-2013,162.4,26.0,13.28,11.5,145.0,0.97999996,8.1,145.0,0.0
-28.69485,28.23487,08-05-2013,168.4,25.16,12.99,17.2,144.8,0.98999995,8.4,144.8,0.0
-29.615556,27.065278,08-05-2013,140.0,27.98,13.71,0.7,166.5,1.39,7.0,133.0,33.5
-28.883333,27.89,08-05-2013,170.9,25.949999,13.509999,15.400001,149.2,1.09,8.5,149.2,0.0
-30.77586667,29.03221667,08-05-2013,204.8,25.9,15.009999,48.8,130.8,0.89,28.200000000000003,130.8,0.0
-31.396,29.2651,08-05-2013,197.4,26.029999,18.06,49.600002,126.3,0.74,26.5,126.3,0.0
-34.039722,22.133333,08-05-2013,11.4,25.769999,15.92,2.3,153.90001,0.71999997,0.6000000000000001,11.0,142.90001
-28.058889,30.373611,08-05-2013,166.4,26.91,14.54,22.4,139.90001,0.93,8.3,139.90001,0.0
-33.897778,20.012778,08-05-2013,8.200000000000001,30.57,15.86,5.5,197.3,1.4699999,0.4,8.900001,188.40001
-29.140556,31.391944,09-05-2013,139.9,27.65,19.64,9.900001,129.90001,0.7,7.0,129.90001,0.0
-27.671111,27.236944,09-05-2013,134.5,28.529999,15.2,0.8,167.2,1.3399999,6.7,127.8,39.4
-30.160091,27.40124,09-05-2013,143.9,27.63,13.83,0.90000004,159.7,1.3399999,7.2,136.8,22.9
-30.336111,27.359444,09-05-2013,139.5,27.72,13.349999,1.0,161.5,1.3299999,7.0,132.6,28.9
-34.005833,22.351111,09-05-2013,13.9,24.74,15.7,2.7,147.1,0.62,0.7000000000000001,13.3,133.8
-30.830556,26.921389,10-05-2013,110.0,28.369999,12.82,0.8,168.7,1.37,5.5,104.5,64.200005
-28.116667,26.725278,10-05-2013,120.10000000000001,29.039999,15.63,0.7,175.0,1.48,6.0,114.1,60.9
-27.573056,24.746389,10-05-2013,100.7,31.99,16.8,0.3,200.40001,1.93,5.0,95.700005,104.700005
-31.000833,26.353056,10-05-2013,83.30000000000001,28.15,12.17,0.5,174.6,1.4,4.2,79.200005,95.4
-30.679722,26.7125,10-05-2013,105.10000000000001,29.189999,13.389999,0.7,173.7,1.49,5.300000000000001,99.9,73.8
-28.96362,19.15486,11-05-2013,2.4000000000000004,36.73,18.92,0.0,251.1,2.99,0.1,2.3,248.8
-25.99136,27.84208,13-05-2013,163.10000000000002,26.83,15.309999,7.0,149.40001,1.04,8.200000000000001,149.40001,0.0
-29.7775,29.470833,13-05-2013,289.7,23.76,12.16,42.9,125.5,0.71,125.30000000000001,125.5,0.0
-29.744167,29.905833,13-05-2013,258.2,25.869999,14.73,79.200005,129.0,0.83,56.6,129.0,0.0
-26.45,28.085833,13-05-2013,150.6,26.31,14.309999,1.4,147.8,1.01,7.5,143.1,4.7000003
-31.554722,29.245556,13-05-2013,205.60000000000002,24.789999,16.99,50.5,117.5,0.57,42.900000000000006,117.5,0.0
-27.01011111,26.69808333,14-05-2013,139.4,28.49,15.83,0.8,170.6,1.31,7.0,132.40001,38.2
-24.679167,30.8025,14-05-2013,211.70000000000002,25.71,15.589999,109.1,127.5,0.78,10.600000000000001,127.5,0.0
-30.830556,26.921389,14-05-2013,110.0,28.369999,12.82,0.8,168.7,1.37,5.5,104.5,64.200005
-25.73411,27.21422,14-05-2013,175.9,27.96,15.21,12.3,156.2,1.14,8.8,156.2,0.0
-23.281,30.54305556,14-05-2013,110.60000000000001,30.46,20.16,6.5,142.7,1.27,5.5,105.6,37.100002
-30.733889,29.828333,14-05-2013,231.3,25.26,16.039999,69.4,121.5,0.7,46.6,121.5,0.0
-29.987778,29.851667,14-05-2013,257.6,25.019999,14.04,84.1,123.8,0.72999996,57.300000000000004,123.8,0.0
-27.169444,29.233889,14-05-2013,147.1,25.34,13.0,2.7,138.3,0.84999996,7.4,138.3,0.0
-26.861111,28.884722,14-05-2013,141.8,25.779999,13.349999,1.5,143.2,0.91999996,7.1000000000000005,134.8,8.400001
-27.00222,28.76528,14-05-2013,148.3,25.97,13.45,1.4,143.40001,0.95,7.4,140.90001,2.5
-26.648056,27.089444,14-05-2013,152.6,27.67,15.21,1.0,158.8,1.17,7.6000000000000005,145.0,13.8
-26.970278,27.211111,14-05-2013,146.9,27.789999,15.37,1.0,160.0,1.22,7.300000000000001,139.6,20.4
-26.880278,26.965,14-05-2013,145.9,28.23,15.67,1.0,162.6,1.26,7.300000000000001,138.7,23.9
-26.98472222,26.63227778,14-05-2013,141.0,28.58,15.91,0.8,169.1,1.3199999,7.1000000000000005,134.0,35.100002
-31.000833,26.353056,14-05-2013,83.30000000000001,28.15,12.17,0.5,174.6,1.4,4.2,79.200005,95.4
-31.104278,29.399722,14-05-2013,207.5,25.74,16.74,57.2,124.5,0.75,31.1,124.5,0.0
-25.45963889,28.26430556,14-05-2013,147.8,28.89,16.51,1.6,155.0,1.1999999,7.4,140.5,14.5
-28.338333,31.373611,14-05-2013,134.0,27.769999,17.73,4.5,133.1,0.87,6.7,127.6,5.5
-28.068333,31.55,14-05-2013,107.7,29.9,20.17,4.7000003,140.8,1.17,5.4,102.700005,38.100002
-29.161667,23.696389,15-05-2013,65.10000000000001,33.309998,16.92,0.1,210.1,2.3,3.3000000000000003,61.9,148.2
-25.81048333,27.90955222,15-05-2013,158.60000000000002,27.869999,16.33,1.4,153.40001,1.14,7.9,150.7,2.7
-24.183889,30.823889,15-05-2013,138.4,30.64,19.73,2.4,137.6,1.22,6.9,131.5,6.1
-22.91028,29.61111,15-05-2013,131.6,29.9,18.82,1.9,145.1,1.27,6.6000000000000005,125.1,20.0
-22.769722,30.886944,15-05-2013,132.4,31.609999,20.31,6.6,148.1,1.37,6.6000000000000005,126.3,21.800001
-29.744167,29.905833,15-05-2013,258.2,25.869999,14.73,79.200005,129.0,0.83,56.6,129.0,0.0
-30.398056,30.601944,15-05-2013,237.70000000000002,26.21,19.83,81.1,124.1,0.65,39.900000000000006,124.1,0.0
-30.27402,30.69602,15-05-2013,235.10000000000002,26.09,19.76,80.3,123.6,0.64,38.400000000000006,123.6,0.0
-29.033333,23.983333,15-05-2013,73.0,32.82,16.42,0.2,205.40001,2.18,3.7,69.4,136.0
-30.160091,27.40124,15-05-2013,143.9,27.63,13.83,0.90000004,159.7,1.3399999,7.2,136.8,22.9
-30.336111,27.359444,15-05-2013,139.5,27.72,13.349999,1.0,161.5,1.3299999,7.0,132.6,28.9
-30.568333,29.422778,15-05-2013,209.5,24.529999,12.559999,62.600002,126.8,0.74,24.700000000000003,126.8,0.0
-30.86013889,29.07125,15-05-2013,201.10000000000002,26.01,15.28,51.7,130.2,0.88,21.5,130.2,0.0
-30.570833,29.150556,15-05-2013,212.20000000000002,24.38,12.42,49.9,128.2,0.78,37.7,128.2,0.0
-34.092222,21.295278,15-05-2013,10.9,28.099998,15.759999,1.8000001,172.2,1.06,0.5,10.5,161.7
-23.23572222,27.717,16-05-2013,96.7,31.929998,19.939999,0.4,169.5,1.65,4.800000000000001,91.8,77.700005
-22.548889,28.898056,16-05-2013,92.5,31.64,19.07,0.1,160.3,1.49,4.6000000000000005,87.9,72.4
-28.44555556,32.325,08-08-2013,76.3,30.3,21.81,8.400001,153.90001,0.88,3.8000000000000003,73.6,80.3
-30.13573889,30.67422222,16-05-2013,227.8,26.449999,19.73,80.1,125.1,0.69,29.3,125.1,0.0
-29.160278,26.573333,16-05-2013,116.80000000000001,29.199999,14.45,0.7,178.6,1.54,5.800000000000001,111.0,67.6
-31.031389,28.883333,16-05-2013,201.3,25.609999,14.75,56.100002,129.5,0.84,19.0,129.5,0.0
-22.225556,29.990556,17-05-2013,85.10000000000001,32.51,21.64,0.2,156.90001,1.67,4.3,80.8,76.1
-22.43772222,31.07805556,17-05-2013,119.5,33.62,21.39,0.4,161.40001,1.66,6.0,113.5,47.9
-26.98472222,26.63227778,17-05-2013,141.0,28.58,15.91,0.8,169.1,1.3199999,7.1000000000000005,134.0,35.100002
-29.803611,30.516111,17-05-2013,240.8,25.76,16.66,83.8,122.4,0.68,41.2,122.4,0.0
-33.38056,19.30167,20-05-2013,11.600000000000001,28.48,13.67,9.6,199.0,1.35,0.6000000000000001,13.5,185.5
-32.502778,19.535833,20-05-2013,9.0,32.85,15.63,0.5,234.1,2.02,0.4,8.6,225.5
-27.01011111,26.69808333,21-05-2013,139.4,28.49,15.83,0.8,170.6,1.31,7.0,132.40001,38.2
-31.860278,18.6875,21-05-2013,7.4,31.59,15.66,0.6,221.2,1.7199999,0.4,7.0,214.2
-24.69514,27.40906,21-05-2013,157.70000000000002,31.24,19.199999,2.3,172.7,1.56,7.9,149.90001,22.800001
-25.398889,31.610556,21-05-2013,110.10000000000001,29.25,19.439999,8.900001,123.4,0.97999996,5.5,105.3,18.1
-26.648056,27.089444,21-05-2013,152.6,27.67,15.21,1.0,158.8,1.17,7.6000000000000005,145.0,13.8
-26.970278,27.211111,21-05-2013,146.9,27.789999,15.37,1.0,160.0,1.22,7.300000000000001,139.6,20.4
-26.880278,26.965,21-05-2013,145.9,28.23,15.67,1.0,162.6,1.26,7.300000000000001,138.7,23.9
-26.98472222,26.63227778,21-05-2013,141.0,28.58,15.91,0.8,169.1,1.3199999,7.1000000000000005,134.0,35.100002
-34.250556,20.9925,21-05-2013,10.3,28.17,16.529999,3.3,177.3,1.02,0.5,9.900001,167.40001
-32.595833,19.009444,21-05-2013,9.9,32.94,15.95,7.0,222.6,1.89,0.5,10.400001,212.2
-29.161667,23.696389,22-05-2013,65.10000000000001,33.309998,16.92,0.1,210.1,2.3,3.3000000000000003,61.9,148.2
-26.880278,26.965,13-05-2014,104.80000000000001,29.41,15.83,2.2,172.40001,1.37,5.2,99.700005,72.700005
-29.641944,30.6875,22-05-2013,211.4,26.75,18.34,80.200005,127.200005,0.76,10.600000000000001,127.200005,0.0
-25.20639,27.558,22-05-2013,156.60000000000002,30.429998,17.99,2.0,165.2,1.41,7.800000000000001,148.8,16.4
-25.681111,31.783333,22-05-2013,105.60000000000001,29.42,19.01,9.0,124.4,0.94,5.300000000000001,101.1,23.300001
-25.513889,31.224444,22-05-2013,149.8,27.74,18.31,24.300001,128.2,0.95,7.5,128.2,0.0
-26.861111,28.884722,22-05-2013,141.8,25.779999,13.349999,1.5,143.2,0.91999996,7.1000000000000005,134.8,8.400001
-26.73806,27.59194,22-05-2013,153.70000000000002,26.91,14.9,1.2,153.90001,1.11,7.7,146.0,7.9
-26.45,28.085833,22-05-2013,150.6,26.31,14.309999,1.4,147.8,1.01,7.5,143.1,4.7000003
-33.13083,18.86278,22-05-2013,10.100000000000001,31.699999,17.029999,11.7,215.6,1.7099999,0.5,12.7,202.90001
-33.7075,18.97444444,22-05-2013,11.0,30.38,16.609999,14.3,208.90001,1.4599999,0.5,14.6,194.3
-26.905,32.324722,23-05-2013,71.8,31.13,20.42,8.3,133.0,1.15,3.6,68.8,64.200005
-27.602222,29.942778,23-05-2013,166.60000000000002,27.8,14.839999,15.8,146.2,1.06,8.3,146.2,0.0
-27.169444,29.233889,23-05-2013,147.1,25.34,13.0,2.7,138.3,0.84999996,7.4,138.3,0.0
-27.00222,28.76528,23-05-2013,148.3,25.97,13.45,1.4,143.40001,0.95,7.4,140.90001,2.5
-27.273889,28.49,23-05-2013,157.0,26.119999,13.49,4.2000003,146.2,0.98999995,7.800000000000001,146.2,0.0
-33.31388889,19.07472222,23-05-2013,11.200000000000001,31.14,16.24,13.0,212.8,1.62,0.6000000000000001,14.2,198.6
-28.141944,26.417778,24-05-2013,116.4,29.46,15.349999,0.7,180.1,1.53,5.800000000000001,110.6,69.5
-28.1175,26.719444,24-05-2013,120.10000000000001,29.039999,15.63,0.7,175.0,1.48,6.0,114.1,60.9
-28.116667,26.725278,24-05-2013,120.10000000000001,29.039999,15.63,0.7,175.0,1.48,6.0,114.1,60.9
-28.96362,19.15486,25-05-2013,2.4000000000000004,36.73,18.92,0.0,251.1,2.99,0.1,2.3,248.8
-25.99136,27.84208,27-05-2013,163.10000000000002,26.83,15.309999,7.0,149.40001,1.04,8.200000000000001,149.40001,0.0
-26.45,28.085833,27-05-2013,150.6,26.31,14.309999,1.4,147.8,1.01,7.5,143.1,4.7000003
-29.042222,24.6,27-05-2013,76.60000000000001,32.17,16.16,0.1,205.8,2.09,3.8000000000000003,72.8,133.0
-30.830556,26.921389,28-05-2013,110.0,28.369999,12.82,0.8,168.7,1.37,5.5,104.5,64.200005
-24.670833,28.560833,28-05-2013,176.9,28.93,16.51,17.300001,152.8,1.17,8.8,152.8,0.0
-25.73411,27.21422,28-05-2013,175.9,27.96,15.21,12.3,156.2,1.14,8.8,156.2,0.0
-26.861111,28.884722,28-05-2013,141.8,25.779999,13.349999,1.5,143.2,0.91999996,7.1000000000000005,134.8,8.400001
-27.00222,28.76528,28-05-2013,148.3,25.97,13.45,1.4,143.40001,0.95,7.4,140.90001,2.5
-30.679722,26.7125,28-05-2013,105.10000000000001,29.189999,13.389999,0.7,173.7,1.49,5.300000000000001,99.9,73.8
-33.501667,21.624167,28-05-2013,10.9,28.269999,12.78,0.1,186.2,1.24,0.5,10.3,175.90001
-25.45963889,28.26430556,28-05-2013,147.8,28.89,16.51,1.6,155.0,1.1999999,7.4,140.5,14.5
-29.161667,23.696389,29-05-2013,65.10000000000001,33.309998,16.92,0.1,210.1,2.3,3.3000000000000003,61.9,148.2
-27.01011111,26.69808333,29-05-2013,139.4,28.49,15.83,0.8,170.6,1.31,7.0,132.40001,38.2
-25.81048333,27.90955222,29-05-2013,158.60000000000002,27.869999,16.33,1.4,153.40001,1.14,7.9,150.7,2.7
-24.282222,28.090278,29-05-2013,160.20000000000002,28.939999,17.1,2.0,153.6,1.22,8.0,152.2,1.4
-26.648056,27.089444,29-05-2013,152.6,27.67,15.21,1.0,158.8,1.17,7.6000000000000005,145.0,13.8
-26.970278,27.211111,29-05-2013,146.9,27.789999,15.37,1.0,160.0,1.22,7.300000000000001,139.6,20.4
-26.880278,26.965,29-05-2013,145.9,28.23,15.67,1.0,162.6,1.26,7.300000000000001,138.7,23.9
-27.3,28.586944,29-05-2013,156.8,26.099998,13.37,5.4,144.8,0.97999996,7.800000000000001,144.8,0.0
-26.98472222,26.63227778,29-05-2013,141.0,28.58,15.91,0.8,169.1,1.3199999,7.1000000000000005,134.0,35.100002
-29.033333,23.983333,29-05-2013,73.0,32.82,16.42,0.2,205.40001,2.18,3.7,69.4,136.0
-22.935,28.004167,30-05-2013,93.5,32.01,19.73,0.2,167.90001,1.64,4.7,88.9,79.0
-27.273889,28.49,30-05-2013,157.0,26.119999,13.49,4.2000003,146.2,0.98999995,7.800000000000001,146.2,0.0
-27.38972222,26.46388889,30-05-2013,124.9,29.349998,15.889999,0.8,179.6,1.4499999,6.2,118.6,61.0
-27.398611,26.614722,30-05-2013,126.60000000000001,29.17,15.929999,0.8,177.90001,1.43,6.300000000000001,120.3,57.600002
-27.671111,27.236944,30-05-2013,134.5,28.529999,15.2,0.8,167.2,1.3399999,6.7,127.8,39.4
-29.042222,24.6,30-05-2013,76.60000000000001,32.17,16.16,0.1,205.8,2.09,3.8000000000000003,72.8,133.0
-29.028629,24.638389,30-05-2013,78.10000000000001,32.11,16.1,0.1,204.90001,2.08,3.9000000000000004,74.200005,130.7
-29.033333,23.983333,30-05-2013,73.0,32.82,16.42,0.2,205.40001,2.18,3.7,69.4,136.0
-29.744167,29.905833,31-05-2013,258.2,25.869999,14.73,79.200005,129.0,0.83,56.6,129.0,0.0
-28.404444,30.013056,03-06-2013,165.60000000000002,28.07,15.429999,16.0,144.7,1.09,8.3,144.7,0.0
-26.73806,27.59194,03-06-2013,153.70000000000002,26.91,14.9,1.2,153.90001,1.11,7.7,146.0,7.9
-26.45,28.085833,03-06-2013,150.6,26.31,14.309999,1.4,147.8,1.01,7.5,143.1,4.7000003
-29.160278,26.573333,03-06-2013,116.80000000000001,29.199999,14.45,0.7,178.6,1.54,5.800000000000001,111.0,67.6
-34.065833,20.404167,04-06-2013,8.5,30.31,17.05,3.4,182.3,1.41,0.4,8.400001,173.90001
-25.20639,27.558,04-06-2013,156.60000000000002,30.429998,17.99,2.0,165.2,1.41,7.800000000000001,148.8,16.4
-24.69514,27.40906,04-06-2013,157.70000000000002,31.24,19.199999,2.3,172.7,1.56,7.9,149.90001,22.800001
-28.747778,31.745833,04-06-2013,134.5,29.06,20.13,5.4,137.90001,0.90999997,6.7,128.3,9.6
-29.380556,30.2775,04-06-2013,209.5,24.75,14.07,77.4,122.4,0.65999997,15.8,122.4,0.0
-27.169444,29.233889,04-06-2013,147.1,25.34,13.0,2.7,138.3,0.84999996,7.4,138.3,0.0
-26.861111,28.884722,04-06-2013,141.8,25.779999,13.349999,1.5,143.2,0.91999996,7.1000000000000005,134.8,8.400001
-27.398611,26.614722,04-06-2013,126.60000000000001,29.17,15.929999,0.8,177.90001,1.43,6.300000000000001,120.3,57.600002
-34.031944,22.053333,04-06-2013,11.100000000000001,25.949999,15.599999,2.1000001,155.7,0.76,0.6000000000000001,10.7,145.0
-34.039722,22.133333,04-06-2013,11.4,25.769999,15.92,2.3,153.90001,0.71999997,0.6000000000000001,11.0,142.90001
-34.075556,20.145556,04-06-2013,8.700000000000001,29.8,16.22,6.5,185.90001,1.37,0.4,9.6,176.3
-29.161667,23.696389,05-06-2013,65.10000000000001,33.309998,16.92,0.1,210.1,2.3,3.3000000000000003,61.9,148.2
-27.01011111,26.69808333,05-06-2013,139.4,28.49,15.83,0.8,170.6,1.31,7.0,132.40001,38.2
-29.140556,31.391944,05-06-2013,139.9,27.65,19.64,9.900001,129.90001,0.7,7.0,129.90001,0.0
-24.39619444,27.08983333,05-06-2013,149.3,31.56,19.42,2.6000001,172.8,1.61,7.5,141.90001,30.9
-23.658056,31.05,05-06-2013,100.2,31.519999,20.5,0.90000004,141.8,1.3299999,5.0,95.200005,46.600002
-23.281,30.54305556,05-06-2013,110.60000000000001,30.46,20.16,6.5,142.7,1.27,5.5,105.6,37.100002
-27.00222,28.76528,05-06-2013,148.3,25.97,13.45,1.4,143.40001,0.95,7.4,140.90001,2.5
-27.02314,28.59389,05-06-2013,150.20000000000002,26.21,13.59,1.4,145.3,0.97999996,7.5,142.8,2.5
-26.648056,27.089444,05-06-2013,152.6,27.67,15.21,1.0,158.8,1.17,7.6000000000000005,145.0,13.8
-26.970278,27.211111,05-06-2013,146.9,27.789999,15.37,1.0,160.0,1.22,7.300000000000001,139.6,20.4
-26.880278,26.965,05-06-2013,145.9,28.23,15.67,1.0,162.6,1.26,7.300000000000001,138.7,23.9
-27.273889,28.49,05-06-2013,157.0,26.119999,13.49,4.2000003,146.2,0.98999995,7.800000000000001,146.2,0.0
-27.4275,28.525833,05-06-2013,162.4,26.0,13.28,11.5,145.0,0.97999996,8.1,145.0,0.0
-27.3,28.586944,05-06-2013,156.8,26.099998,13.37,5.4,144.8,0.97999996,7.800000000000001,144.8,0.0
-26.98472222,26.63227778,05-06-2013,141.0,28.58,15.91,0.8,169.1,1.3199999,7.1000000000000005,134.0,35.100002
-34.405833,19.600556,05-06-2013,8.9,25.57,15.29,10.8,162.8,0.81,0.4,11.5,151.3
-28.058889,30.373611,05-06-2013,166.4,26.91,14.54,22.4,139.90001,0.93,8.3,139.90001,0.0
-22.769722,30.886944,06-06-2013,132.4,31.609999,20.31,6.6,148.1,1.37,6.6000000000000005,126.3,21.800001
-28.801278,31.955389,06-06-2013,113.10000000000001,28.48,20.05,7.1,135.3,0.76,5.7,108.3,27.0
-27.937778,31.209444,06-06-2013,124.0,27.75,17.619999,5.6,136.6,0.94,6.2,118.3,18.300001
-27.5275,30.858056,06-06-2013,164.20000000000002,26.24,15.75,31.2,130.6,0.81,8.200000000000001,130.6,0.0
-31.394444,20.947222,06-06-2013,18.400000000000002,31.849998,14.9,0.0,234.8,2.12,0.9,17.5,217.3
-29.651389,22.746389,06-06-2013,39.800000000000004,33.66,18.029999,0.0,236.0,2.48,2.0,37.8,198.2
-34.005833,22.351111,06-06-2013,13.9,24.74,15.7,2.7,147.1,0.62,0.7000000000000001,13.3,133.8
-28.116667,26.725278,07-06-2013,120.10000000000001,29.039999,15.63,0.7,175.0,1.48,6.0,114.1,60.9
-27.902778,24.615556,07-06-2013,93.9,32.34,17.029999,0.2,198.40001,2.04,4.7,89.200005,109.200005
-25.99136,27.84208,10-06-2013,163.10000000000002,26.83,15.309999,7.0,149.40001,1.04,8.200000000000001,149.40001,0.0
-29.7775,29.470833,10-06-2013,289.7,23.76,12.16,42.9,125.5,0.71,125.30000000000001,125.5,0.0
-29.744167,29.905833,10-06-2013,258.2,25.869999,14.73,79.200005,129.0,0.83,56.6,129.0,0.0
-26.45,28.085833,10-06-2013,150.6,26.31,14.309999,1.4,147.8,1.01,7.5,143.1,4.7000003
-27.671111,27.236944,10-06-2013,134.5,28.529999,15.2,0.8,167.2,1.3399999,6.7,127.8,39.4
-29.042222,24.6,10-06-2013,76.60000000000001,32.17,16.16,0.1,205.8,2.09,3.8000000000000003,72.8,133.0
-31.396,29.2651,10-06-2013,197.4,26.029999,18.06,49.600002,126.3,0.74,26.5,126.3,0.0
-31.554722,29.245556,10-06-2013,205.60000000000002,24.789999,16.99,50.5,117.5,0.57,42.900000000000006,117.5,0.0
-27.01011111,26.69808333,11-06-2013,139.4,28.49,15.83,0.8,170.6,1.31,7.0,132.40001,38.2
-24.183889,30.823889,11-06-2013,138.4,30.64,19.73,2.4,137.6,1.22,6.9,131.5,6.1
-30.733889,29.828333,11-06-2013,231.3,25.26,16.039999,69.4,121.5,0.7,46.6,121.5,0.0
-26.861111,28.884722,11-06-2013,141.8,25.779999,13.349999,1.5,143.2,0.91999996,7.1000000000000005,134.8,8.400001
-27.00222,28.76528,11-06-2013,148.3,25.97,13.45,1.4,143.40001,0.95,7.4,140.90001,2.5
-26.648056,27.089444,11-06-2013,152.6,27.67,15.21,1.0,158.8,1.17,7.6000000000000005,145.0,13.8
-26.970278,27.211111,11-06-2013,146.9,27.789999,15.37,1.0,160.0,1.22,7.300000000000001,139.6,20.4
-26.880278,26.965,11-06-2013,145.9,28.23,15.67,1.0,162.6,1.26,7.300000000000001,138.7,23.9
-26.98472222,26.63227778,11-06-2013,141.0,28.58,15.91,0.8,169.1,1.3199999,7.1000000000000005,134.0,35.100002
-28.69485,28.23487,11-06-2013,168.4,25.16,12.99,17.2,144.8,0.98999995,8.4,144.8,0.0
-30.568333,29.422778,11-06-2013,209.5,24.529999,12.559999,62.600002,126.8,0.74,24.700000000000003,126.8,0.0
-30.570833,29.150556,11-06-2013,212.20000000000002,24.38,12.42,49.9,128.2,0.78,37.7,128.2,0.0
-31.104278,29.399722,11-06-2013,207.5,25.74,16.74,57.2,124.5,0.75,31.1,124.5,0.0
-25.45963889,28.26430556,11-06-2013,147.8,28.89,16.51,1.6,155.0,1.1999999,7.4,140.5,14.5
-28.338333,31.373611,11-06-2013,134.0,27.769999,17.73,4.5,133.1,0.87,6.7,127.6,5.5
-28.068333,31.55,11-06-2013,107.7,29.9,20.17,4.7000003,140.8,1.17,5.4,102.700005,38.100002
-25.81048333,27.90955222,12-06-2013,158.60000000000002,27.869999,16.33,1.4,153.40001,1.14,7.9,150.7,2.7
-24.39619444,27.08983333,12-06-2013,149.3,31.56,19.42,2.6000001,172.8,1.61,7.5,141.90001,30.9
-24.058889,31.237222,12-06-2013,111.7,31.349998,20.43,1.0,137.6,1.3,5.6000000000000005,106.1,31.5
-30.398056,30.601944,12-06-2013,237.70000000000002,26.21,19.83,81.1,124.1,0.65,39.900000000000006,124.1,0.0
-27.802778,28.768333,12-06-2013,168.9,25.49,12.7,22.6,140.1,0.91999996,8.4,140.1,0.0
-29.033333,23.983333,12-06-2013,73.0,32.82,16.42,0.2,205.40001,2.18,3.7,69.4,136.0
-29.615556,27.065278,12-06-2013,140.0,27.98,13.71,0.7,166.5,1.39,7.0,133.0,33.5
-28.883333,27.89,12-06-2013,170.9,25.949999,13.509999,15.400001,149.2,1.09,8.5,149.2,0.0
-31.031389,28.883333,12-06-2013,201.3,25.609999,14.75,56.100002,129.5,0.84,19.0,129.5,0.0
-30.86013889,29.07125,12-06-2013,201.10000000000002,26.01,15.28,51.7,130.2,0.88,21.5,130.2,0.0
-30.77586667,29.03221667,12-06-2013,204.8,25.9,15.009999,48.8,130.8,0.89,28.200000000000003,130.8,0.0
-34.092222,21.295278,12-06-2013,10.9,28.099998,15.759999,1.8000001,172.2,1.06,0.5,10.5,161.7
-28.44555556,32.325,05-09-2013,76.3,30.3,21.81,8.400001,153.90001,0.88,3.8000000000000003,73.6,80.3
-24.679167,30.8025,14-06-2013,211.70000000000002,25.71,15.589999,109.1,127.5,0.78,10.600000000000001,127.5,0.0
-29.744167,29.905833,14-06-2013,258.2,25.869999,14.73,79.200005,129.0,0.83,56.6,129.0,0.0
-26.98472222,26.63227778,14-06-2013,141.0,28.58,15.91,0.8,169.1,1.3199999,7.1000000000000005,134.0,35.100002
-29.803611,30.516111,14-06-2013,240.8,25.76,16.66,83.8,122.4,0.68,41.2,122.4,0.0
-28.96362,19.15486,15-06-2013,2.4000000000000004,36.73,18.92,0.0,251.1,2.99,0.1,2.3,248.8
-28.735556,29.820556,17-06-2013,175.3,28.33,15.849999,26.4,143.3,1.11,8.8,143.3,0.0
-32.502778,19.535833,17-06-2013,9.0,32.85,15.63,0.5,234.1,2.02,0.4,8.6,225.5
-31.860278,18.6875,18-06-2013,7.4,31.59,15.66,0.6,221.2,1.7199999,0.4,7.0,214.2
-25.20639,27.558,18-06-2013,156.60000000000002,30.429998,17.99,2.0,165.2,1.41,7.800000000000001,148.8,16.4
-24.39619444,27.08983333,18-06-2013,149.3,31.56,19.42,2.6000001,172.8,1.61,7.5,141.90001,30.9
-24.69514,27.40906,18-06-2013,157.70000000000002,31.24,19.199999,2.3,172.7,1.56,7.9,149.90001,22.800001
-26.73806,27.59194,18-06-2013,153.70000000000002,26.91,14.9,1.2,153.90001,1.11,7.7,146.0,7.9
-26.45,28.085833,18-06-2013,150.6,26.31,14.309999,1.4,147.8,1.01,7.5,143.1,4.7000003
-33.38056,19.30167,18-06-2013,11.600000000000001,28.48,13.67,9.6,199.0,1.35,0.6000000000000001,13.5,185.5
-32.595833,19.009444,18-06-2013,9.9,32.94,15.95,7.0,222.6,1.89,0.5,10.400001,212.2
-29.161667,23.696389,19-06-2013,65.10000000000001,33.309998,16.92,0.1,210.1,2.3,3.3000000000000003,61.9,148.2
-29.641944,30.6875,19-06-2013,211.4,26.75,18.34,80.200005,127.200005,0.76,10.600000000000001,127.200005,0.0
-25.127778,27.628889,19-06-2013,154.20000000000002,30.5,18.06,2.0,164.7,1.41,7.7,146.6,18.1
-23.838611,31.640833,19-06-2013,97.2,32.54,21.01,0.90000004,144.8,1.4599999,4.9,92.4,52.4
-27.363611,31.783333,19-06-2013,91.5,29.66,19.56,7.8,132.8,1.05,4.6000000000000005,87.5,45.3
-26.861111,28.884722,19-06-2013,141.8,25.779999,13.349999,1.5,143.2,0.91999996,7.1000000000000005,134.8,8.400001
-31.5653,18.3306,19-06-2013,4.7,30.029999,15.66,0.2,211.6,1.39,0.2,4.5,207.1
-32.601389,18.750556,19-06-2013,9.4,32.149998,16.08,6.6,222.8,1.76,0.5,10.0,212.8
-33.7075,18.97444444,19-06-2013,11.0,30.38,16.609999,14.3,208.90001,1.4599999,0.5,14.6,194.3
-29.161667,23.696389,20-06-2013,65.10000000000001,33.309998,16.92,0.1,210.1,2.3,3.3000000000000003,61.9,148.2
-28.7115,24.07288889,20-06-2013,77.2,32.78,16.69,0.2,204.0,2.1699998,3.9000000000000004,73.3,130.7
-27.602222,29.942778,20-06-2013,166.60000000000002,27.8,14.839999,15.8,146.2,1.06,8.3,146.2,0.0
-29.1825,23.575556,20-06-2013,61.0,33.29,17.029999,0.1,215.5,2.31,3.0,57.9,157.6
-34.250556,20.9925,20-06-2013,10.3,28.17,16.529999,3.3,177.3,1.02,0.5,9.900001,167.40001
-33.31388889,19.07472222,20-06-2013,11.200000000000001,31.14,16.24,13.0,212.8,1.62,0.6000000000000001,14.2,198.6
-33.13083,18.86278,20-06-2013,10.100000000000001,31.699999,17.029999,11.7,215.6,1.7099999,0.5,12.7,202.90001
-32.94583,18.33667,20-06-2013,7.1000000000000005,28.68,15.95,7.2000003,200.2,1.22,0.4,8.3,191.90001
-27.573056,24.746389,21-06-2013,100.7,31.99,16.8,0.3,200.40001,1.93,5.0,95.700005,104.700005
-28.96362,19.15486,22-06-2013,2.4000000000000004,36.73,18.92,0.0,251.1,2.99,0.1,2.3,248.8
-29.803611,30.516111,22-06-2013,240.8,25.76,16.66,83.8,122.4,0.68,41.2,122.4,0.0
-25.99136,27.84208,24-06-2013,163.10000000000002,26.83,15.309999,7.0,149.40001,1.04,8.200000000000001,149.40001,0.0
-26.45,28.085833,24-06-2013,150.6,26.31,14.309999,1.4,147.8,1.01,7.5,143.1,4.7000003
-33.501667,21.624167,24-06-2013,10.9,28.269999,12.78,0.1,186.2,1.24,0.5,10.3,175.90001
-27.01011111,26.69808333,25-06-2013,139.4,28.49,15.83,0.8,170.6,1.31,7.0,132.40001,38.2
-26.861111,28.884722,25-06-2013,141.8,25.779999,13.349999,1.5,143.2,0.91999996,7.1000000000000005,134.8,8.400001
-27.00222,28.76528,25-06-2013,148.3,25.97,13.45,1.4,143.40001,0.95,7.4,140.90001,2.5
-26.648056,27.089444,25-06-2013,152.6,27.67,15.21,1.0,158.8,1.17,7.6000000000000005,145.0,13.8
-26.970278,27.211111,25-06-2013,146.9,27.789999,15.37,1.0,160.0,1.22,7.300000000000001,139.6,20.4
-26.880278,26.965,25-06-2013,145.9,28.23,15.67,1.0,162.6,1.26,7.300000000000001,138.7,23.9
-26.98472222,26.63227778,25-06-2013,141.0,28.58,15.91,0.8,169.1,1.3199999,7.1000000000000005,134.0,35.100002
-29.042222,24.6,25-06-2013,76.60000000000001,32.17,16.16,0.1,205.8,2.09,3.8000000000000003,72.8,133.0
-29.028629,24.638389,25-06-2013,78.10000000000001,32.11,16.1,0.1,204.90001,2.08,3.9000000000000004,74.200005,130.7
-29.033333,23.983333,25-06-2013,73.0,32.82,16.42,0.2,205.40001,2.18,3.7,69.4,136.0
-29.161667,23.696389,26-06-2013,65.10000000000001,33.309998,16.92,0.1,210.1,2.3,3.3000000000000003,61.9,148.2
-25.81048333,27.90955222,26-06-2013,158.60000000000002,27.869999,16.33,1.4,153.40001,1.14,7.9,150.7,2.7
-28.75,30.442778,26-06-2013,162.10000000000002,29.279999,17.56,11.0,146.2,1.15,8.1,146.2,0.0
-29.161667,30.629722,26-06-2013,189.0,25.109999,14.92,60.5,124.700005,0.65999997,9.5,124.700005,0.0
-28.141944,26.417778,26-06-2013,116.4,29.46,15.349999,0.7,180.1,1.53,5.800000000000001,110.6,69.5
-28.1175,26.719444,26-06-2013,120.10000000000001,29.039999,15.63,0.7,175.0,1.48,6.0,114.1,60.9
-28.116667,26.725278,26-06-2013,120.10000000000001,29.039999,15.63,0.7,175.0,1.48,6.0,114.1,60.9
-29.160278,26.573333,26-06-2013,116.80000000000001,29.199999,14.45,0.7,178.6,1.54,5.800000000000001,111.0,67.6
-29.033333,23.983333,26-06-2013,73.0,32.82,16.42,0.2,205.40001,2.18,3.7,69.4,136.0
-27.38972222,26.46388889,27-06-2013,124.9,29.349998,15.889999,0.8,179.6,1.4499999,6.2,118.6,61.0
-27.398611,26.614722,27-06-2013,126.60000000000001,29.17,15.929999,0.8,177.90001,1.43,6.300000000000001,120.3,57.600002
-27.671111,27.236944,27-06-2013,134.5,28.529999,15.2,0.8,167.2,1.3399999,6.7,127.8,39.4
-28.760833,17.730278,28-06-2013,0.30000000000000004,36.03,21.13,0.0,244.2,3.0,0.0,0.3,243.90001
-29.744167,29.905833,28-06-2013,258.2,25.869999,14.73,79.200005,129.0,0.83,56.6,129.0,0.0
-28.96362,19.15486,29-06-2013,2.4000000000000004,36.73,18.92,0.0,251.1,2.99,0.1,2.3,248.8
-26.73806,27.59194,01-07-2013,153.70000000000002,26.91,14.9,1.2,153.90001,1.11,7.7,146.0,7.9
-26.45,28.085833,01-07-2013,150.6,26.31,14.309999,1.4,147.8,1.01,7.5,143.1,4.7000003
-34.065833,20.404167,02-07-2013,8.5,30.31,17.05,3.4,182.3,1.41,0.4,8.400001,173.90001
-25.20639,27.558,02-07-2013,156.60000000000002,30.429998,17.99,2.0,165.2,1.41,7.800000000000001,148.8,16.4
-24.69514,27.40906,02-07-2013,157.70000000000002,31.24,19.199999,2.3,172.7,1.56,7.9,149.90001,22.800001
-28.747778,31.745833,02-07-2013,134.5,29.06,20.13,5.4,137.90001,0.90999997,6.7,128.3,9.6
-27.937778,31.209444,02-07-2013,124.0,27.75,17.619999,5.6,136.6,0.94,6.2,118.3,18.300001
-29.380556,30.2775,02-07-2013,209.5,24.75,14.07,77.4,122.4,0.65999997,15.8,122.4,0.0
-27.169444,29.233889,02-07-2013,147.1,25.34,13.0,2.7,138.3,0.84999996,7.4,138.3,0.0
-26.861111,28.884722,02-07-2013,141.8,25.779999,13.349999,1.5,143.2,0.91999996,7.1000000000000005,134.8,8.400001
-27.398611,26.614722,02-07-2013,126.60000000000001,29.17,15.929999,0.8,177.90001,1.43,6.300000000000001,120.3,57.600002
-28.69485,28.23487,02-07-2013,168.4,25.16,12.99,17.2,144.8,0.98999995,8.4,144.8,0.0
-34.031944,22.053333,02-07-2013,11.100000000000001,25.949999,15.599999,2.1000001,155.7,0.76,0.6000000000000001,10.7,145.0
-34.075556,20.145556,02-07-2013,8.700000000000001,29.8,16.22,6.5,185.90001,1.37,0.4,9.6,176.3
-29.161667,23.696389,03-07-2013,65.10000000000001,33.309998,16.92,0.1,210.1,2.3,3.3000000000000003,61.9,148.2
-27.01011111,26.69808333,03-07-2013,139.4,28.49,15.83,0.8,170.6,1.31,7.0,132.40001,38.2
-25.127778,27.628889,03-07-2013,154.20000000000002,30.5,18.06,2.0,164.7,1.41,7.7,146.6,18.1
-24.39619444,27.08983333,03-07-2013,149.3,31.56,19.42,2.6000001,172.8,1.61,7.5,141.90001,30.9
-27.00222,28.76528,03-07-2013,148.3,25.97,13.45,1.4,143.40001,0.95,7.4,140.90001,2.5
-27.02314,28.59389,03-07-2013,150.20000000000002,26.21,13.59,1.4,145.3,0.97999996,7.5,142.8,2.5
-26.648056,27.089444,03-07-2013,152.6,27.67,15.21,1.0,158.8,1.17,7.6000000000000005,145.0,13.8
-26.970278,27.211111,03-07-2013,146.9,27.789999,15.37,1.0,160.0,1.22,7.300000000000001,139.6,20.4
-26.880278,26.965,03-07-2013,145.9,28.23,15.67,1.0,162.6,1.26,7.300000000000001,138.7,23.9
-27.273889,28.49,03-07-2013,157.0,26.119999,13.49,4.2000003,146.2,0.98999995,7.800000000000001,146.2,0.0
-27.4275,28.525833,03-07-2013,162.4,26.0,13.28,11.5,145.0,0.97999996,8.1,145.0,0.0
-27.3,28.586944,03-07-2013,156.8,26.099998,13.37,5.4,144.8,0.97999996,7.800000000000001,144.8,0.0
-26.98472222,26.63227778,03-07-2013,141.0,28.58,15.91,0.8,169.1,1.3199999,7.1000000000000005,134.0,35.100002
-34.039722,22.133333,03-07-2013,11.4,25.769999,15.92,2.3,153.90001,0.71999997,0.6000000000000001,11.0,142.90001
-34.405833,19.600556,03-07-2013,8.9,25.57,15.29,10.8,162.8,0.81,0.4,11.5,151.3
-33.870833,20.003333,03-07-2013,8.8,30.9,16.09,5.6,195.0,1.51,0.4,9.6,185.40001
-25.57877778,29.12747222,03-07-2013,148.4,28.359999,15.69,1.4,150.0,1.14,7.4,141.0,9.0
-22.769722,30.886944,04-07-2013,132.4,31.609999,20.31,6.6,148.1,1.37,6.6000000000000005,126.3,21.800001
-28.801278,31.955389,04-07-2013,113.10000000000001,28.48,20.05,7.1,135.3,0.76,5.7,108.3,27.0
-27.5275,30.858056,04-07-2013,164.20000000000002,26.24,15.75,31.2,130.6,0.81,8.200000000000001,130.6,0.0
-26.98472222,26.63227778,04-07-2013,141.0,28.58,15.91,0.8,169.1,1.3199999,7.1000000000000005,134.0,35.100002
-31.394444,20.947222,04-07-2013,18.400000000000002,31.849998,14.9,0.0,234.8,2.12,0.9,17.5,217.3
-34.329722,18.990278,04-07-2013,8.700000000000001,24.8,15.17,22.1,164.2,0.71999997,0.4,16.7,147.5
-23.281,30.54305556,05-07-2013,110.60000000000001,30.46,20.16,6.5,142.7,1.27,5.5,105.6,37.100002
-27.937778,31.209444,05-07-2013,124.0,27.75,17.619999,5.6,136.6,0.94,6.2,118.3,18.300001
-29.161667,30.629722,05-07-2013,189.0,25.109999,14.92,60.5,124.700005,0.65999997,9.5,124.700005,0.0
-27.902778,24.615556,05-07-2013,93.9,32.34,17.029999,0.2,198.40001,2.04,4.7,89.200005,109.200005
-25.99136,27.84208,08-07-2013,163.10000000000002,26.83,15.309999,7.0,149.40001,1.04,8.200000000000001,149.40001,0.0
-29.7775,29.470833,08-07-2013,289.7,23.76,12.16,42.9,125.5,0.71,125.30000000000001,125.5,0.0
-29.987778,29.851667,08-07-2013,257.6,25.019999,14.04,84.1,123.8,0.72999996,57.300000000000004,123.8,0.0
-29.744167,29.905833,08-07-2013,258.2,25.869999,14.73,79.200005,129.0,0.83,56.6,129.0,0.0
-27.00222,28.76528,08-07-2013,148.3,25.97,13.45,1.4,143.40001,0.95,7.4,140.90001,2.5
-26.45,28.085833,08-07-2013,150.6,26.31,14.309999,1.4,147.8,1.01,7.5,143.1,4.7000003
-27.01011111,26.69808333,09-07-2013,69.60000000000001,31.22,17.539999,0.7,181.0,1.49,3.5,66.1,114.9
-24.670833,28.560833,09-07-2013,75.8,30.4,18.25,13.5,166.8,1.2099999,3.8000000000000003,75.700005,91.1
-30.733889,29.828333,09-07-2013,66.3,28.359999,18.01,25.5,150.2,0.90999997,3.3000000000000003,106.9,43.3
-26.648056,27.089444,09-07-2013,75.2,29.99,16.84,1.0,171.1,1.27,3.8000000000000003,71.5,99.6
-26.970278,27.211111,09-07-2013,67.9,30.289999,17.039999,1.0,172.7,1.35,3.4000000000000004,64.5,108.200005
-26.880278,26.965,09-07-2013,71.2,30.63,17.25,1.0,173.7,1.37,3.6,67.700005,106.0
-26.98472222,26.63227778,09-07-2013,72.60000000000001,31.38,17.8,0.8,180.40001,1.52,3.6,69.0,111.4
-29.160278,26.573333,09-07-2013,31.6,32.71,16.529999,0.7,192.6,1.86,1.6,30.1,162.5
-28.883333,27.89,09-07-2013,48.6,29.41,15.32,9.1,160.1,1.29,2.4000000000000004,52.4,107.700005
-31.396,29.2651,09-07-2013,67.8,29.32,20.14,18.300001,155.6,0.97999996,3.4000000000000004,95.8,59.8
-31.554722,29.245556,09-07-2013,71.2,28.0,19.02,18.6,147.0,0.78999996,3.6,99.6,47.4
-25.45963889,28.26430556,09-07-2013,79.0,30.84,18.44,1.5,170.7,1.3,3.9000000000000004,75.1,95.6
-28.338333,31.373611,09-07-2013,67.60000000000001,30.22,19.35,4.2000003,156.6,1.03,3.4000000000000004,64.6,92.0
-28.068333,31.55,09-07-2013,63.7,31.96,21.24,4.4,162.5,1.28,3.2,60.8,101.700005
-25.81048333,27.90955222,10-07-2013,87.4,30.08,18.35,1.4,168.90001,1.26,4.4,83.1,85.8
-22.225556,29.990556,10-07-2013,96.0,33.42,22.949999,0.2,154.7,1.75,4.800000000000001,91.200005,63.5
-30.398056,30.601944,10-07-2013,71.2,29.3,21.66,29.800001,156.6,0.88,3.6,118.9,37.7
-30.27402,30.69602,10-07-2013,67.10000000000001,29.189999,21.51,29.5,155.8,0.85999995,3.4000000000000004,114.5,41.3
-28.69485,28.23487,10-07-2013,51.2,28.25,14.62,9.2,155.3,1.12,2.6,56.600002,98.700005
-29.615556,27.065278,10-07-2013,36.1,31.439999,15.95,0.7,179.6,1.68,1.8,34.3,145.3
-30.568333,29.422778,10-07-2013,64.4,27.63,14.32,23.0,150.8,0.90999997,3.2,100.700005,50.100002
-30.570833,29.150556,10-07-2013,66.0,27.41,14.219999,18.4,150.2,0.94,3.3000000000000003,94.200005,56.0
-31.104278,29.399722,10-07-2013,65.9,28.849998,18.76,21.1,154.0,0.96,3.3000000000000003,98.8,55.2
-34.092222,21.295278,10-07-2013,55.7,29.89,17.47,1.7,163.8,1.15,2.8000000000000003,53.0,110.8
-24.282222,28.090278,11-07-2013,95.80000000000001,30.25,18.6,2.0,162.40001,1.23,4.800000000000001,91.1,71.3
-30.13573889,30.67422222,11-07-2013,58.0,29.46,21.52,29.5,156.5,0.9,2.9000000000000004,105.700005,50.8
-30.160091,27.40124,11-07-2013,40.5,31.08,15.889999,0.90000004,172.7,1.5999999,2.0,38.5,134.2
-30.336111,27.359444,11-07-2013,41.300000000000004,31.07,15.46,0.90000004,175.0,1.5799999,2.1,39.3,135.7
-31.031389,28.883333,11-07-2013,63.900000000000006,28.67,16.73,20.6,151.5,1.03,3.2,96.200005,55.3
-30.86013889,29.07125,11-07-2013,61.5,29.099998,17.27,19.0,155.0,1.0799999,3.1,91.1,63.9
-30.77586667,29.03221667,11-07-2013,62.400000000000006,29.0,16.89,18.0,155.1,1.0799999,3.1,90.1,65.0
-30.830556,26.921389,12-07-2013,35.5,31.81,15.19,0.8,186.7,1.6899999,1.8,33.7,153.0
-31.000833,26.353056,12-07-2013,31.700000000000003,31.32,14.589999,0.5,194.7,1.68,1.6,30.1,164.6
-30.160091,27.40124,12-07-2013,40.5,31.08,15.889999,0.90000004,172.7,1.5999999,2.0,38.5,134.2
-28.75,30.442778,13-07-2013,50.2,31.82,18.88,8.6,167.2,1.29,2.5,50.100002,117.1
-28.735556,29.820556,15-07-2013,54.900000000000006,30.91,17.109999,14.3,162.5,1.23,2.7,64.200005,98.3
-26.73806,27.59194,15-07-2013,73.8,29.46,16.699999,1.1,166.2,1.24,3.7,70.1,96.1
-26.45,28.085833,15-07-2013,75.2,28.869999,16.3,1.3000001,163.6,1.14,3.8000000000000003,71.5,92.1
-33.38056,19.30167,15-07-2013,36.7,29.48,14.929999,8.0,190.6,1.42,1.8,36.4,154.2
-27.01011111,26.69808333,16-07-2013,69.60000000000001,31.22,17.539999,0.7,181.0,1.49,3.5,66.1,114.9
-24.679167,30.8025,16-07-2013,121.2,26.26,16.88,94.6,140.1,0.74,6.1000000000000005,129.6,10.5
-25.127778,27.628889,16-07-2013,76.60000000000001,32.37,19.73,1.9,180.2,1.5,3.8000000000000003,72.8,107.4
-24.39619444,27.08983333,16-07-2013,77.10000000000001,32.73,20.789999,2.5,180.5,1.61,3.9000000000000004,73.3,107.200005
-24.69514,27.40906,16-07-2013,81.9,32.34,20.67,2.3,180.3,1.54,4.1000000000000005,77.9,102.4
-23.658056,31.05,16-07-2013,69.2,32.26,21.81,0.90000004,152.2,1.37,3.5,65.8,86.4
-27.169444,29.233889,16-07-2013,70.0,27.779999,14.599999,2.5,155.5,0.94,3.5,66.6,88.9
-26.861111,28.884722,16-07-2013,72.7,28.109999,15.0,1.5,158.2,1.0,3.6,69.1,89.1
-27.00222,28.76528,16-07-2013,69.60000000000001,28.49,15.179999,1.4,158.8,1.05,3.5,66.1,92.700005
-26.648056,27.089444,16-07-2013,75.2,29.99,16.84,1.0,171.1,1.27,3.8000000000000003,71.5,99.6
-26.880278,26.965,16-07-2013,71.2,30.63,17.25,1.0,173.7,1.37,3.6,67.700005,106.0
-26.98472222,26.63227778,16-07-2013,72.60000000000001,31.38,17.8,0.8,180.40001,1.52,3.6,69.0,111.4
-28.141944,26.417778,16-07-2013,43.6,32.079998,17.44,0.7,189.0,1.73,2.2,41.4,147.6
-28.1175,26.719444,16-07-2013,43.6,31.88,17.65,0.7,184.7,1.6999999,2.2,41.4,143.3
-29.641944,30.6875,17-07-2013,30.5,29.64,19.92,30.9,153.8,0.91999996,1.5,78.3,75.5
-22.91028,29.61111,17-07-2013,104.7,30.55,20.119999,1.8000001,145.7,1.27,5.2,99.5,46.2
-25.20639,27.558,17-07-2013,77.60000000000001,32.12,19.55,1.9,178.40001,1.4599999,3.9000000000000004,73.8,104.6
-24.058889,31.237222,17-07-2013,73.4,31.99,21.63,1.0,152.3,1.3199999,3.7,69.700005,82.6
-27.363611,31.783333,17-07-2013,54.6,31.66,20.56,7.3,154.3,1.16,2.7,52.4,101.9
-27.38972222,26.46388889,17-07-2013,58.800000000000004,32.0,17.869999,0.8,189.40001,1.65,2.9000000000000004,55.9,133.5
-28.768056,20.720556,17-07-2013,28.8,37.17,20.77,0.0,253.7,3.09,1.4000000000000001,27.4,226.3
-33.13083,18.86278,17-07-2013,26.1,32.3,18.38,9.7,193.6,1.74,1.3,26.800001,166.8
-32.94583,18.33667,17-07-2013,17.6,29.46,17.49,6.1,191.7,1.27,0.9,17.800001,173.90001
-22.935,28.004167,18-07-2013,82.60000000000001,32.44,21.3,0.2,165.5,1.63,4.1000000000000005,78.5,87.0
-24.183889,30.823889,18-07-2013,75.9,31.88,21.58,2.3,154.90001,1.3399999,3.8000000000000003,72.1,82.8
-23.23572222,27.717,18-07-2013,81.9,32.92,21.199999,0.4,170.2,1.67,4.1000000000000005,77.8,92.4
-26.905,32.324722,18-07-2013,57.300000000000004,33.27,21.949999,7.8,156.40001,1.37,2.9000000000000004,54.9,101.5
-27.602222,29.942778,18-07-2013,73.8,29.14,16.08,11.900001,161.7,1.03,3.7,74.0,87.700005
-29.744167,29.905833,18-07-2013,57.0,28.789999,16.39,29.1,155.1,0.98999995,2.8000000000000003,104.200005,50.9
-27.935,26.126667,18-07-2013,48.1,32.09,17.02,0.7,189.6,1.6999999,2.4000000000000004,45.7,143.90001
-28.141944,26.417778,18-07-2013,43.6,32.079998,17.44,0.7,189.0,1.73,2.2,41.4,147.6
-27.902778,24.615556,19-07-2013,59.0,35.48,19.119999,0.2,211.90001,2.37,2.9000000000000004,56.0,155.90001
-28.96362,19.15486,20-07-2013,24.900000000000002,38.09,20.6,0.0,251.5,3.1599998,1.2000000000000002,23.6,227.90001
-25.99136,27.84208,22-07-2013,90.0,29.199999,17.43,6.0,165.8,1.17,4.5,86.4,79.4
-32.502778,19.535833,22-07-2013,15.700000000000001,33.89,17.039999,0.5,214.8,2.1699998,0.8,14.900001,199.90001
-31.860278,18.6875,23-07-2013,14.9,32.52,17.06,0.5,217.5,1.8499999,0.7000000000000001,14.2,203.3
-26.45,28.085833,23-07-2013,75.2,28.869999,16.3,1.3000001,163.6,1.14,3.8000000000000003,71.5,92.1
-28.141944,26.417778,23-07-2013,43.6,32.079998,17.44,0.7,189.0,1.73,2.2,41.4,147.6
-28.1175,26.719444,23-07-2013,43.6,31.88,17.65,0.7,184.7,1.6999999,2.2,41.4,143.3
-32.595833,19.009444,23-07-2013,18.400000000000002,33.63,17.34,6.2000003,215.3,1.9699999,0.9,18.2,197.1
-25.45963889,28.26430556,23-07-2013,79.0,30.84,18.44,1.5,170.7,1.3,3.9000000000000004,75.1,95.6
-29.161667,23.696389,24-07-2013,33.300000000000004,36.17,19.07,0.1,225.5,2.6399999,1.7000000000000002,31.6,193.90001
-25.81048333,27.90955222,24-07-2013,87.4,30.08,18.35,1.4,168.90001,1.26,4.4,83.1,85.8
-26.861111,28.884722,24-07-2013,72.7,28.109999,15.0,1.5,158.2,1.0,3.6,69.1,89.1
-27.00222,28.76528,24-07-2013,69.60000000000001,28.49,15.179999,1.4,158.8,1.05,3.5,66.1,92.700005
-26.970278,27.211111,24-07-2013,67.9,30.289999,17.039999,1.0,172.7,1.35,3.4000000000000004,64.5,108.200005
-27.671111,27.236944,24-07-2013,51.400000000000006,31.09,16.76,0.8,178.40001,1.49,2.6,48.8,129.6
-33.501667,21.624167,24-07-2013,52.5,30.09,14.92,0.1,179.1,1.37,2.6,49.9,129.2
-33.7075,18.97444444,24-07-2013,36.2,31.01,18.22,11.8,195.7,1.4699999,1.8,36.9,158.8
-27.01011111,26.69808333,25-07-2013,69.60000000000001,31.22,17.539999,0.7,181.0,1.49,3.5,66.1,114.9
-23.838611,31.640833,25-07-2013,65.8,33.26,22.279999,0.90000004,155.1,1.5,3.3000000000000003,62.5,92.6
-29.744167,29.905833,25-07-2013,57.0,28.789999,16.39,29.1,155.1,0.98999995,2.8000000000000003,104.200005,50.9
-26.648056,27.089444,25-07-2013,75.2,29.99,16.84,1.0,171.1,1.27,3.8000000000000003,71.5,99.6
-26.880278,26.965,25-07-2013,71.2,30.63,17.25,1.0,173.7,1.37,3.6,67.700005,106.0
-27.38972222,26.46388889,25-07-2013,58.800000000000004,32.0,17.869999,0.8,189.40001,1.65,2.9000000000000004,55.9,133.5
-26.98472222,26.63227778,25-07-2013,72.60000000000001,31.38,17.8,0.8,180.40001,1.52,3.6,69.0,111.4
-27.398611,26.614722,25-07-2013,58.5,31.869999,17.77,0.8,187.40001,1.62,2.9000000000000004,55.600002,131.8
-33.31388889,19.07472222,25-07-2013,30.1,31.769999,17.49,10.8,200.1,1.64,1.5,30.9,169.2
-29.140556,31.391944,29-07-2013,65.10000000000001,30.38,21.16,8.6,157.1,0.88,3.3000000000000003,63.100002,94.0
-34.065833,20.404167,30-07-2013,40.900000000000006,31.539999,18.93,3.2,175.5,1.48,2.0,39.100002,136.40001
-25.127778,27.628889,30-07-2013,76.60000000000001,32.37,19.73,1.9,180.2,1.5,3.8000000000000003,72.8,107.4
-25.20639,27.558,30-07-2013,77.60000000000001,32.12,19.55,1.9,178.40001,1.4599999,3.9000000000000004,73.8,104.6
-24.69514,27.40906,30-07-2013,81.9,32.34,20.67,2.3,180.3,1.54,4.1000000000000005,77.9,102.4
-28.404444,30.013056,30-07-2013,60.5,30.359999,16.99,11.3,163.7,1.1899999,3.0,62.2,101.5
-29.380556,30.2775,30-07-2013,54.1,27.47,15.5199995,28.5,147.8,0.77,2.7,100.3,47.5
-26.648056,27.089444,30-07-2013,75.2,29.99,16.84,1.0,171.1,1.27,3.8000000000000003,71.5,99.6
-26.970278,27.211111,30-07-2013,67.9,30.289999,17.039999,1.0,172.7,1.35,3.4000000000000004,64.5,108.200005
-26.880278,26.965,30-07-2013,71.2,30.63,17.25,1.0,173.7,1.37,3.6,67.700005,106.0
-26.98472222,26.63227778,30-07-2013,72.60000000000001,31.38,17.8,0.8,180.40001,1.52,3.6,69.0,111.4
-29.160278,26.573333,30-07-2013,31.6,32.71,16.529999,0.7,192.6,1.86,1.6,30.1,162.5
-28.69485,28.23487,30-07-2013,51.2,28.25,14.62,9.2,155.3,1.12,2.6,56.600002,98.700005
-28.883333,27.89,30-07-2013,48.6,29.41,15.32,9.1,160.1,1.29,2.4000000000000004,52.4,107.700005
-34.075556,20.145556,30-07-2013,43.1,30.789999,18.199999,5.6,178.0,1.42,2.2,41.8,136.2
-28.058889,30.373611,30-07-2013,67.4,28.68,15.75,14.6,157.90001,0.94,3.4000000000000004,71.8,86.1
-29.161667,23.696389,31-07-2013,33.300000000000004,36.17,19.07,0.1,225.5,2.6399999,1.7000000000000002,31.6,193.90001
-24.39619444,27.08983333,31-07-2013,77.10000000000001,32.73,20.789999,2.5,180.5,1.61,3.9000000000000004,73.3,107.200005
-28.747778,31.745833,31-07-2013,62.400000000000006,31.199999,21.369999,4.9,160.1,1.02,3.1,59.7,100.4
-28.801278,31.955389,31-07-2013,63.800000000000004,30.859999,21.49,6.4,159.1,0.91999996,3.2,61.4,97.700005
-29.615556,27.065278,31-07-2013,36.1,31.439999,15.95,0.7,179.6,1.68,1.8,34.3,145.3
-34.405833,19.600556,31-07-2013,53.800000000000004,26.449999,17.199999,8.900001,156.6,0.82,2.7,53.0,103.6
-27.5275,30.858056,01-08-2013,82.2,28.14,16.8,20.300001,151.7,0.84999996,4.1000000000000005,89.0,62.7
-27.902778,24.615556,01-08-2013,59.0,35.48,19.119999,0.2,211.90001,2.37,2.9000000000000004,56.0,155.90001
-30.160091,27.40124,01-08-2013,40.5,31.08,15.889999,0.90000004,172.7,1.5999999,2.0,38.5,134.2
-30.336111,27.359444,01-08-2013,41.300000000000004,31.07,15.46,0.90000004,175.0,1.5799999,2.1,39.3,135.7
-29.651389,22.746389,01-08-2013,25.5,36.14,20.34,0.0,228.90001,2.8,1.3,24.2,204.7
-29.1825,23.575556,01-08-2013,32.4,36.079998,19.22,0.1,224.90001,2.6399999,1.6,30.800001,194.1
-33.897778,20.012778,01-08-2013,38.400000000000006,31.369999,17.66,4.7000003,180.6,1.5,1.9000000000000001,37.3,143.3
-29.744167,29.905833,02-08-2013,57.0,28.789999,16.39,29.1,155.1,0.98999995,2.8000000000000003,104.200005,50.9
-28.068333,31.55,03-08-2013,63.7,31.96,21.24,4.4,162.5,1.28,3.2,60.8,101.700005
-25.99136,27.84208,05-08-2013,90.0,29.199999,17.43,6.0,165.8,1.17,4.5,86.4,79.4
-29.7775,29.470833,05-08-2013,76.80000000000001,26.46,13.82,15.8,146.0,0.81,3.8000000000000003,100.1,45.9
-29.987778,29.851667,05-08-2013,61.6,27.939999,15.78,30.9,150.6,0.88,3.1,111.700005,38.9
-29.744167,29.905833,05-08-2013,57.0,28.789999,16.39,29.1,155.1,0.98999995,2.8000000000000003,104.200005,50.9
-26.45,28.085833,05-08-2013,75.2,28.869999,16.3,1.3000001,163.6,1.14,3.8000000000000003,71.5,92.1
-31.396,29.2651,05-08-2013,67.8,29.32,20.14,18.300001,155.6,0.97999996,3.4000000000000004,95.8,59.8
-31.554722,29.245556,05-08-2013,71.2,28.0,19.02,18.6,147.0,0.78999996,3.6,99.6,47.4
-27.169444,29.233889,06-08-2013,70.0,27.779999,14.599999,2.5,155.5,0.94,3.5,66.6,88.9
-30.570833,29.150556,06-08-2013,66.0,27.41,14.219999,18.4,150.2,0.94,3.3000000000000003,94.200005,56.0
-31.104278,29.399722,06-08-2013,65.9,28.849998,18.76,21.1,154.0,0.96,3.3000000000000003,98.8,55.2
-25.45963889,28.26430556,06-08-2013,79.0,30.84,18.44,1.5,170.7,1.3,3.9000000000000004,75.1,95.6
-28.338333,31.373611,06-08-2013,67.60000000000001,30.22,19.35,4.2000003,156.6,1.03,3.4000000000000004,64.6,92.0
-28.068333,31.55,06-08-2013,63.7,31.96,21.24,4.4,162.5,1.28,3.2,60.8,101.700005
-29.161667,23.696389,07-08-2013,33.300000000000004,36.17,19.07,0.1,225.5,2.6399999,1.7000000000000002,31.6,193.90001
-25.81048333,27.90955222,07-08-2013,87.4,30.08,18.35,1.4,168.90001,1.26,4.4,83.1,85.8
-30.830556,26.921389,07-08-2013,35.5,31.81,15.19,0.8,186.7,1.6899999,1.8,33.7,153.0
-30.398056,30.601944,07-08-2013,71.2,29.3,21.66,29.800001,156.6,0.88,3.6,118.9,37.7
-27.02314,28.59389,07-08-2013,69.2,28.859999,15.5199995,1.4,160.8,1.11,3.5,65.8,95.0
-27.273889,28.49,07-08-2013,67.2,28.869999,15.5,3.8,160.1,1.13,3.4000000000000004,64.3,95.8
-27.4275,28.525833,07-08-2013,65.10000000000001,28.81,15.19,8.400001,159.0,1.12,3.3000000000000003,65.0,94.0
-27.3,28.586944,07-08-2013,67.0,28.789999,15.33,4.7000003,159.8,1.11,3.3000000000000003,64.3,95.5
-27.398611,26.614722,07-08-2013,58.5,31.869999,17.77,0.8,187.40001,1.62,2.9000000000000004,55.600002,131.8
-29.033333,23.983333,07-08-2013,38.300000000000004,35.67,18.5,0.2,219.8,2.5,1.9000000000000001,36.4,183.40001
-31.031389,28.883333,07-08-2013,63.900000000000006,28.67,16.73,20.6,151.5,1.03,3.2,96.200005,55.3
-30.86013889,29.07125,07-08-2013,61.5,29.099998,17.27,19.0,155.0,1.0799999,3.1,91.1,63.9
-30.77586667,29.03221667,07-08-2013,62.400000000000006,29.0,16.89,18.0,155.1,1.0799999,3.1,90.1,65.0
-27.01011111,26.69808333,08-08-2013,69.60000000000001,31.22,17.539999,0.7,181.0,1.49,3.5,66.1,114.9
-28.44555556,32.325,01-10-2013,76.3,30.3,21.81,8.400001,153.90001,0.88,3.8000000000000003,73.6,80.3
-26.648056,27.089444,08-08-2013,75.2,29.99,16.84,1.0,171.1,1.27,3.8000000000000003,71.5,99.6
-26.970278,27.211111,08-08-2013,67.9,30.289999,17.039999,1.0,172.7,1.35,3.4000000000000004,64.5,108.200005
-26.98472222,26.63227778,08-08-2013,72.60000000000001,31.38,17.8,0.8,180.40001,1.52,3.6,69.0,111.4
-27.573056,24.746389,08-08-2013,66.3,34.82,18.71,0.3,203.0,2.2,3.3000000000000003,63.0,140.0
-31.000833,26.353056,08-08-2013,31.700000000000003,31.32,14.589999,0.5,194.7,1.68,1.6,30.1,164.6
-30.679722,26.7125,08-08-2013,32.9,32.94,15.83,0.6,192.1,1.88,1.6,31.2,160.90001
-30.570833,29.150556,08-08-2013,66.0,27.41,14.219999,18.4,150.2,0.94,3.3000000000000003,94.200005,56.0
-25.57877778,29.12747222,08-08-2013,83.9,30.01,17.24,1.4,167.40001,1.1899999,4.2,79.700005,87.700005
-29.803611,30.516111,09-08-2013,41.7,28.65,18.39,30.800001,150.2,0.84999996,2.1,92.5,57.7
-28.735556,29.820556,12-08-2013,54.900000000000006,30.91,17.109999,14.3,162.5,1.23,2.7,64.200005,98.3
-26.73806,27.59194,12-08-2013,73.8,29.46,16.699999,1.1,166.2,1.24,3.7,70.1,96.1
-26.45,28.085833,12-08-2013,75.2,28.869999,16.3,1.3000001,163.6,1.14,3.8000000000000003,71.5,92.1
-26.98472222,26.63227778,12-08-2013,72.60000000000001,31.38,17.8,0.8,180.40001,1.52,3.6,69.0,111.4
-33.38056,19.30167,12-08-2013,36.7,29.48,14.929999,8.0,190.6,1.42,1.8,36.4,154.2
-28.760833,17.730278,13-08-2013,15.9,36.94,22.02,0.0,240.3,3.04,0.8,15.1,225.2
-22.225556,29.990556,13-08-2013,96.0,33.42,22.949999,0.2,154.7,1.75,4.800000000000001,91.200005,63.5
-25.127778,27.628889,13-08-2013,76.60000000000001,32.37,19.73,1.9,180.2,1.5,3.8000000000000003,72.8,107.4
-24.39619444,27.08983333,13-08-2013,77.10000000000001,32.73,20.789999,2.5,180.5,1.61,3.9000000000000004,73.3,107.200005
-24.69514,27.40906,13-08-2013,81.9,32.34,20.67,2.3,180.3,1.54,4.1000000000000005,77.9,102.4
-23.658056,31.05,13-08-2013,69.2,32.26,21.81,0.90000004,152.2,1.37,3.5,65.8,86.4
-23.281,30.54305556,13-08-2013,121.5,31.24,21.529999,6.1,147.40001,1.31,6.1000000000000005,115.9,31.5
-27.169444,29.233889,13-08-2013,70.0,27.779999,14.599999,2.5,155.5,0.94,3.5,66.6,88.9
-27.00222,28.76528,13-08-2013,69.60000000000001,28.49,15.179999,1.4,158.8,1.05,3.5,66.1,92.700005
-26.970278,27.211111,13-08-2013,67.9,30.289999,17.039999,1.0,172.7,1.35,3.4000000000000004,64.5,108.200005
-29.1825,23.575556,13-08-2013,32.4,36.079998,19.22,0.1,224.90001,2.6399999,1.6,30.800001,194.1
-34.039722,22.133333,13-08-2013,73.3,27.23,18.16,2.2,150.2,0.77,3.7,69.8,80.4
-34.02861,22.22222,13-08-2013,75.60000000000001,26.63,17.94,2.3,147.90001,0.7,3.8000000000000003,71.9,76.0
-31.5653,18.3306,13-08-2013,9.5,31.199999,17.289999,0.2,211.90001,1.56,0.5,9.0,202.90001
-29.161667,23.696389,14-08-2013,33.300000000000004,36.17,19.07,0.1,225.5,2.6399999,1.7000000000000002,31.6,193.90001
-27.01011111,26.69808333,14-08-2013,69.60000000000001,31.22,17.539999,0.7,181.0,1.49,3.5,66.1,114.9
-29.641944,30.6875,14-08-2013,30.5,29.64,19.92,30.9,153.8,0.91999996,1.5,78.3,75.5
-24.183889,30.823889,14-08-2013,75.9,31.88,21.58,2.3,154.90001,1.3399999,3.8000000000000003,72.1,82.8
-25.20639,27.558,14-08-2013,77.60000000000001,32.12,19.55,1.9,178.40001,1.4599999,3.9000000000000004,73.8,104.6
-22.769722,30.886944,14-08-2013,120.80000000000001,31.689999,21.039999,6.2000003,148.0,1.3,6.0,115.200005,32.8
-23.838611,31.640833,14-08-2013,65.8,33.26,22.279999,0.90000004,155.1,1.5,3.3000000000000003,62.5,92.6
-24.058889,31.237222,14-08-2013,73.4,31.99,21.63,1.0,152.3,1.3199999,3.7,69.700005,82.6
-27.363611,31.783333,14-08-2013,54.6,31.66,20.56,7.3,154.3,1.16,2.7,52.4,101.9
-26.648056,27.089444,14-08-2013,75.2,29.99,16.84,1.0,171.1,1.27,3.8000000000000003,71.5,99.6
-26.880278,26.965,14-08-2013,71.2,30.63,17.25,1.0,173.7,1.37,3.6,67.700005,106.0
-27.38972222,26.46388889,14-08-2013,58.800000000000004,32.0,17.869999,0.8,189.40001,1.65,2.9000000000000004,55.9,133.5
-26.98472222,26.63227778,14-08-2013,72.60000000000001,31.38,17.8,0.8,180.40001,1.52,3.6,69.0,111.4
-28.141944,26.417778,14-08-2013,43.6,32.079998,17.44,0.7,189.0,1.73,2.2,41.4,147.6
-28.1175,26.719444,14-08-2013,43.6,31.88,17.65,0.7,184.7,1.6999999,2.2,41.4,143.3
-29.033333,23.983333,14-08-2013,38.300000000000004,35.67,18.5,0.2,219.8,2.5,1.9000000000000001,36.4,183.40001
-28.768056,20.720556,14-08-2013,28.8,37.17,20.77,0.0,253.7,3.09,1.4000000000000001,27.4,226.3
-34.092222,21.295278,14-08-2013,55.7,29.89,17.47,1.7,163.8,1.15,2.8000000000000003,53.0,110.8
-33.13083,18.86278,14-08-2013,26.1,32.3,18.38,9.7,193.6,1.74,1.3,26.800001,166.8
-26.905,32.324722,15-08-2013,57.300000000000004,33.27,21.949999,7.8,156.40001,1.37,2.9000000000000004,54.9,101.5
-27.602222,29.942778,15-08-2013,73.8,29.14,16.08,11.900001,161.7,1.03,3.7,74.0,87.700005
-27.398611,26.614722,15-08-2013,58.5,31.869999,17.77,0.8,187.40001,1.62,2.9000000000000004,55.600002,131.8
-27.671111,27.236944,15-08-2013,51.400000000000006,31.09,16.76,0.8,178.40001,1.49,2.6,48.8,129.6
-27.902778,24.615556,15-08-2013,59.0,35.48,19.119999,0.2,211.90001,2.37,2.9000000000000004,56.0,155.90001
-24.679167,30.8025,16-08-2013,121.2,26.26,16.88,94.6,140.1,0.74,6.1000000000000005,129.6,10.5
-29.744167,29.905833,16-08-2013,57.0,28.789999,16.39,29.1,155.1,0.98999995,2.8000000000000003,104.200005,50.9
-25.447222,30.711667,18-08-2013,86.80000000000001,28.609999,18.539999,28.9,151.2,0.94,4.3,89.6,61.600002
-25.99136,27.84208,19-08-2013,90.0,29.199999,17.43,6.0,165.8,1.17,4.5,86.4,79.4
-29.160278,26.573333,19-08-2013,31.6,32.71,16.529999,0.7,192.6,1.86,1.6,30.1,162.5
-32.502778,19.535833,19-08-2013,15.700000000000001,33.89,17.039999,0.5,214.8,2.1699998,0.8,14.900001,199.90001
-31.860278,18.6875,20-08-2013,14.9,32.52,17.06,0.5,217.5,1.8499999,0.7000000000000001,14.2,203.3
-22.91028,29.61111,20-08-2013,104.7,30.55,20.119999,1.8000001,145.7,1.27,5.2,99.5,46.2
-25.45963889,28.26430556,20-08-2013,79.0,30.84,18.44,1.5,170.7,1.3,3.9000000000000004,75.1,95.6
-25.81048333,27.90955222,21-08-2013,87.4,30.08,18.35,1.4,168.90001,1.26,4.4,83.1,85.8
-22.935,28.004167,21-08-2013,82.60000000000001,32.44,21.3,0.2,165.5,1.63,4.1000000000000005,78.5,87.0
-26.03611,30.99778,21-08-2013,104.4,28.73,19.09,48.600002,155.5,1.02,5.2,121.700005,33.8
-28.75,30.442778,21-08-2013,50.2,31.82,18.88,8.6,167.2,1.29,2.5,50.100002,117.1
-29.161667,30.629722,21-08-2013,50.900000000000006,27.48,16.58,25.7,146.8,0.75,2.5,83.1,63.7
-26.45,28.085833,21-08-2013,75.2,28.869999,16.3,1.3000001,163.6,1.14,3.8000000000000003,71.5,92.1
-27.671111,27.236944,21-08-2013,51.400000000000006,31.09,16.76,0.8,178.40001,1.49,2.6,48.8,129.6
-33.7075,18.97444444,21-08-2013,36.2,31.01,18.22,11.8,195.7,1.4699999,1.8,36.9,158.8
-27.01011111,26.69808333,22-08-2013,69.60000000000001,31.22,17.539999,0.7,181.0,1.49,3.5,66.1,114.9
-24.282222,28.090278,22-08-2013,95.80000000000001,30.25,18.6,2.0,162.40001,1.23,4.800000000000001,91.1,71.3
-27.00222,28.76528,22-08-2013,69.60000000000001,28.49,15.179999,1.4,158.8,1.05,3.5,66.1,92.700005
-26.98472222,26.63227778,22-08-2013,72.60000000000001,31.38,17.8,0.8,180.40001,1.52,3.6,69.0,111.4
-28.116667,26.725278,22-08-2013,43.6,31.88,17.65,0.7,184.7,1.6999999,2.2,41.4,143.3
-33.31388889,19.07472222,22-08-2013,30.1,31.769999,17.49,10.8,200.1,1.64,1.5,30.9,169.2
-26.648056,27.089444,23-08-2013,75.2,29.99,16.84,1.0,171.1,1.27,3.8000000000000003,71.5,99.6
-26.970278,27.211111,23-08-2013,67.9,30.289999,17.039999,1.0,172.7,1.35,3.4000000000000004,64.5,108.200005
-26.880278,26.965,23-08-2013,71.2,30.63,17.25,1.0,173.7,1.37,3.6,67.700005,106.0
-30.398056,30.601944,24-08-2013,71.2,29.3,21.66,29.800001,156.6,0.88,3.6,118.9,37.7
-24.99328,30.81444,26-08-2013,112.0,24.51,14.86,118.200005,131.2,0.51,5.6000000000000005,120.4,10.8
-29.380556,30.2775,26-08-2013,54.1,27.47,15.5199995,28.5,147.8,0.77,2.7,100.3,47.5
-26.73806,27.59194,26-08-2013,73.8,29.46,16.699999,1.1,166.2,1.24,3.7,70.1,96.1
-26.45,28.085833,26-08-2013,75.2,28.869999,16.3,1.3000001,163.6,1.14,3.8000000000000003,71.5,92.1
-33.818056,19.694722,26-08-2013,38.1,31.07,17.3,5.4,193.40001,1.48,1.9000000000000001,37.100002,156.3
-34.065833,20.404167,27-08-2013,40.900000000000006,31.539999,18.93,3.2,175.5,1.48,2.0,39.100002,136.40001
-25.127778,27.628889,27-08-2013,76.60000000000001,32.37,19.73,1.9,180.2,1.5,3.8000000000000003,72.8,107.4
-24.69514,27.40906,27-08-2013,81.9,32.34,20.67,2.3,180.3,1.54,4.1000000000000005,77.9,102.4
-22.43772222,31.07805556,27-08-2013,104.5,33.93,22.119999,0.4,156.1,1.62,5.2,99.3,56.8
-25.681111,31.783333,27-08-2013,65.5,31.24,20.869999,8.400001,146.7,1.12,3.3000000000000003,62.9,83.8
-25.67386,31.57527,27-08-2013,67.3,30.96,21.06,8.400001,147.8,1.14,3.4000000000000004,64.5,83.3
-28.747778,31.745833,27-08-2013,62.400000000000006,31.199999,21.369999,4.9,160.1,1.02,3.1,59.7,100.4
-27.169444,29.233889,27-08-2013,70.0,27.779999,14.599999,2.5,155.5,0.94,3.5,66.6,88.9
-27.00222,28.76528,27-08-2013,69.60000000000001,28.49,15.179999,1.4,158.8,1.05,3.5,66.1,92.700005
-27.273889,28.49,27-08-2013,67.2,28.869999,15.5,3.8,160.1,1.13,3.4000000000000004,64.3,95.8
-29.042222,24.6,27-08-2013,42.6,35.17,18.48,0.1,216.6,2.4299998,2.1,40.4,176.2
-29.028629,24.638389,27-08-2013,44.1,35.07,18.369999,0.1,215.2,2.4099998,2.2,41.9,173.3
-29.033333,23.983333,27-08-2013,38.300000000000004,35.67,18.5,0.2,219.8,2.5,1.9000000000000001,36.4,183.40001
-28.760833,17.730278,28-08-2013,15.9,36.94,22.02,0.0,240.3,3.04,0.8,15.1,225.2
-29.161667,23.696389,28-08-2013,33.300000000000004,36.17,19.07,0.1,225.5,2.6399999,1.7000000000000002,31.6,193.90001
-25.436111,31.982222,28-08-2013,69.7,31.32,20.31,9.1,140.8,1.06,3.5,66.9,73.9
-23.838611,31.640833,28-08-2013,65.8,33.26,22.279999,0.90000004,155.1,1.5,3.3000000000000003,62.5,92.6
-25.398889,31.610556,28-08-2013,66.3,30.56,20.859999,8.3,144.0,1.06,3.3000000000000003,63.600002,80.4
-25.14944444,31.94055556,28-08-2013,69.60000000000001,31.099998,20.66,8.2,141.2,1.0699999,3.5,66.700005,74.5
-28.801278,31.955389,28-08-2013,63.800000000000004,30.859999,21.49,6.4,159.1,0.91999996,3.2,61.4,97.700005
-27.937778,31.209444,28-08-2013,65.5,29.81,18.69,5.2000003,158.3,1.02,3.3000000000000003,62.600002,95.700005
-28.69485,28.23487,28-08-2013,51.2,28.25,14.62,9.2,155.3,1.12,2.6,56.600002,98.700005
-28.883333,27.89,28-08-2013,48.6,29.41,15.32,9.1,160.1,1.29,2.4000000000000004,52.4,107.700005
-34.405833,19.600556,28-08-2013,53.800000000000004,26.449999,17.199999,8.900001,156.6,0.82,2.7,53.0,103.6
-28.058889,30.373611,28-08-2013,67.4,28.68,15.75,14.6,157.90001,0.94,3.4000000000000004,71.8,86.1
-27.5275,30.858056,29-08-2013,82.2,28.14,16.8,20.300001,151.7,0.84999996,4.1000000000000005,89.0,62.7
-26.970278,27.211111,29-08-2013,67.9,30.289999,17.039999,1.0,172.7,1.35,3.4000000000000004,64.5,108.200005
-33.501667,21.624167,29-08-2013,52.5,30.09,14.92,0.1,179.1,1.37,2.6,49.9,129.2
-34.075556,20.145556,29-08-2013,43.1,30.789999,18.199999,5.6,178.0,1.42,2.2,41.8,136.2
-33.897778,20.012778,29-08-2013,38.400000000000006,31.369999,17.66,4.7000003,180.6,1.5,1.9000000000000001,37.3,143.3
-27.01011111,26.69808333,30-08-2013,69.60000000000001,31.22,17.539999,0.7,181.0,1.49,3.5,66.1,114.9
-29.744167,29.905833,30-08-2013,57.0,28.789999,16.39,29.1,155.1,0.98999995,2.8000000000000003,104.200005,50.9
-26.648056,27.089444,30-08-2013,75.2,29.99,16.84,1.0,171.1,1.27,3.8000000000000003,71.5,99.6
-26.880278,26.965,30-08-2013,71.2,30.63,17.25,1.0,173.7,1.37,3.6,67.700005,106.0
-26.98472222,26.63227778,30-08-2013,72.60000000000001,31.38,17.8,0.8,180.40001,1.52,3.6,69.0,111.4
-25.99136,27.84208,02-09-2013,90.0,29.199999,17.43,6.0,165.8,1.17,4.5,86.4,79.4
-30.733889,29.828333,02-09-2013,66.3,28.359999,18.01,25.5,150.2,0.90999997,3.3000000000000003,106.9,43.3
-29.7775,29.470833,02-09-2013,76.80000000000001,26.46,13.82,15.8,146.0,0.81,3.8000000000000003,100.1,45.9
-29.987778,29.851667,02-09-2013,61.6,27.939999,15.78,30.9,150.6,0.88,3.1,111.700005,38.9
-29.744167,29.905833,02-09-2013,57.0,28.789999,16.39,29.1,155.1,0.98999995,2.8000000000000003,104.200005,50.9
-26.45,28.085833,02-09-2013,75.2,28.869999,16.3,1.3000001,163.6,1.14,3.8000000000000003,71.5,92.1
-27.671111,27.236944,02-09-2013,51.400000000000006,31.09,16.76,0.8,178.40001,1.49,2.6,48.8,129.6
-31.396,29.2651,02-09-2013,67.8,29.32,20.14,18.300001,155.6,0.97999996,3.4000000000000004,95.8,59.8
-31.554722,29.245556,02-09-2013,71.2,28.0,19.02,18.6,147.0,0.78999996,3.6,99.6,47.4
-25.73411,27.21422,03-09-2013,95.80000000000001,30.16,17.1,9.5,168.6,1.25,4.800000000000001,93.8,74.8
-27.398611,26.614722,03-09-2013,58.5,31.869999,17.77,0.8,187.40001,1.62,2.9000000000000004,55.600002,131.8
-29.160278,26.573333,03-09-2013,31.6,32.71,16.529999,0.7,192.6,1.86,1.6,30.1,162.5
-30.568333,29.422778,03-09-2013,64.4,27.63,14.32,23.0,150.8,0.90999997,3.2,100.700005,50.100002
-30.570833,29.150556,03-09-2013,66.0,27.41,14.219999,18.4,150.2,0.94,3.3000000000000003,94.200005,56.0
-31.104278,29.399722,03-09-2013,65.9,28.849998,18.76,21.1,154.0,0.96,3.3000000000000003,98.8,55.2
-25.45963889,28.26430556,03-09-2013,79.0,30.84,18.44,1.5,170.7,1.3,3.9000000000000004,75.1,95.6
-28.338333,31.373611,03-09-2013,67.60000000000001,30.22,19.35,4.2000003,156.6,1.03,3.4000000000000004,64.6,92.0
-27.495556,26.074722,03-09-2013,58.1,32.16,17.35,0.8,192.40001,1.68,2.9000000000000004,55.2,137.2
-29.161667,23.696389,04-09-2013,33.300000000000004,36.17,19.07,0.1,225.5,2.6399999,1.7000000000000002,31.6,193.90001
-27.01011111,26.69808333,04-09-2013,69.60000000000001,31.22,17.539999,0.7,181.0,1.49,3.5,66.1,114.9
-25.81048333,27.90955222,04-09-2013,87.4,30.08,18.35,1.4,168.90001,1.26,4.4,83.1,85.8
-23.658056,31.05,04-09-2013,69.2,32.26,21.81,0.90000004,152.2,1.37,3.5,65.8,86.4
-25.49037,30.6986,04-09-2013,89.4,28.039999,17.859999,35.5,148.40001,0.87,4.5,96.0,52.4
-27.00222,28.76528,04-09-2013,69.60000000000001,28.49,15.179999,1.4,158.8,1.05,3.5,66.1,92.700005
-26.648056,27.089444,04-09-2013,75.2,29.99,16.84,1.0,171.1,1.27,3.8000000000000003,71.5,99.6
-26.970278,27.211111,04-09-2013,67.9,30.289999,17.039999,1.0,172.7,1.35,3.4000000000000004,64.5,108.200005
-26.880278,26.965,04-09-2013,71.2,30.63,17.25,1.0,173.7,1.37,3.6,67.700005,106.0
-27.273889,28.49,04-09-2013,67.2,28.869999,15.5,3.8,160.1,1.13,3.4000000000000004,64.3,95.8
-27.3,28.586944,04-09-2013,67.0,28.789999,15.33,4.7000003,159.8,1.11,3.3000000000000003,64.3,95.5
-26.98472222,26.63227778,04-09-2013,72.60000000000001,31.38,17.8,0.8,180.40001,1.52,3.6,69.0,111.4
-29.033333,23.983333,04-09-2013,38.300000000000004,35.67,18.5,0.2,219.8,2.5,1.9000000000000001,36.4,183.40001
-30.336111,27.359444,04-09-2013,41.300000000000004,31.07,15.46,0.90000004,175.0,1.5799999,2.1,39.3,135.7
-29.615556,27.065278,04-09-2013,36.1,31.439999,15.95,0.7,179.6,1.68,1.8,34.3,145.3
-31.031389,28.883333,04-09-2013,63.900000000000006,28.67,16.73,20.6,151.5,1.03,3.2,96.200005,55.3
-30.86013889,29.07125,04-09-2013,61.5,29.099998,17.27,19.0,155.0,1.0799999,3.1,91.1,63.9
-30.77586667,29.03221667,04-09-2013,62.400000000000006,29.0,16.89,18.0,155.1,1.0799999,3.1,90.1,65.0
-34.031944,22.053333,04-09-2013,71.10000000000001,27.42,17.76,2.0,151.6,0.81,3.6,67.6,84.0
-34.039722,22.133333,04-09-2013,73.3,27.23,18.16,2.2,150.2,0.77,3.7,69.8,80.4
-33.08883333,19.21878333,04-09-2013,31.5,29.019999,14.07,7.0,189.8,1.43,1.6,31.1,158.7
-30.830556,26.921389,05-09-2013,35.5,31.81,15.19,0.8,186.7,1.6899999,1.8,33.7,153.0
-28.44555556,32.325,03-10-2013,76.3,30.3,21.81,8.400001,153.90001,0.88,3.8000000000000003,73.6,80.3
-29.744167,29.905833,05-09-2013,57.0,28.789999,16.39,29.1,155.1,0.98999995,2.8000000000000003,104.200005,50.9
-30.13573889,30.67422222,05-09-2013,58.0,29.46,21.52,29.5,156.5,0.9,2.9000000000000004,105.700005,50.8
-29.160278,26.573333,05-09-2013,31.6,32.71,16.529999,0.7,192.6,1.86,1.6,30.1,162.5
-30.679722,26.7125,05-09-2013,32.9,32.94,15.83,0.6,192.1,1.88,1.6,31.2,160.90001
-30.160091,27.40124,05-09-2013,40.5,31.08,15.889999,0.90000004,172.7,1.5999999,2.0,38.5,134.2
-34.02861,22.22222,05-09-2013,75.60000000000001,26.63,17.94,2.3,147.90001,0.7,3.8000000000000003,71.9,76.0
-24.058889,31.237222,06-09-2013,73.4,31.99,21.63,1.0,152.3,1.3199999,3.7,69.700005,82.6
-27.573056,24.746389,06-09-2013,66.3,34.82,18.71,0.3,203.0,2.2,3.3000000000000003,63.0,140.0
-31.000833,26.353056,06-09-2013,31.700000000000003,31.32,14.589999,0.5,194.7,1.68,1.6,30.1,164.6
-29.803611,30.516111,06-09-2013,41.7,28.65,18.39,30.800001,150.2,0.84999996,2.1,92.5,57.7
-28.735556,29.820556,09-09-2013,54.900000000000006,30.91,17.109999,14.3,162.5,1.23,2.7,64.200005,98.3
-26.73806,27.59194,09-09-2013,73.8,29.46,16.699999,1.1,166.2,1.24,3.7,70.1,96.1
-26.45,28.085833,09-09-2013,75.2,28.869999,16.3,1.3000001,163.6,1.14,3.8000000000000003,71.5,92.1
-33.38056,19.30167,09-09-2013,36.7,29.48,14.929999,8.0,190.6,1.42,1.8,36.4,154.2
-32.502778,19.535833,09-09-2013,15.700000000000001,33.89,17.039999,0.5,214.8,2.1699998,0.8,14.900001,199.90001
-34.005833,22.351111,09-09-2013,85.5,26.099998,17.97,2.6000001,144.8,0.65999997,4.3,81.4,63.4
-31.860278,18.6875,10-09-2013,14.9,32.52,17.06,0.5,217.5,1.8499999,0.7000000000000001,14.2,203.3
-25.127778,27.628889,10-09-2013,76.60000000000001,32.37,19.73,1.9,180.2,1.5,3.8000000000000003,72.8,107.4
-24.69514,27.40906,10-09-2013,81.9,32.34,20.67,2.3,180.3,1.54,4.1000000000000005,77.9,102.4
-22.769722,30.886944,10-09-2013,120.80000000000001,31.689999,21.039999,6.2000003,148.0,1.3,6.0,115.200005,32.8
-23.281,30.54305556,10-09-2013,121.5,31.24,21.529999,6.1,147.40001,1.31,6.1000000000000005,115.9,31.5
-27.802778,28.768333,10-09-2013,62.5,28.26,14.349999,11.0,154.3,1.03,3.1,71.0,83.3
-32.595833,19.009444,10-09-2013,18.400000000000002,33.63,17.34,6.2000003,215.3,1.9699999,0.9,18.2,197.1
-29.161667,23.696389,11-09-2013,33.300000000000004,36.17,19.07,0.1,225.5,2.6399999,1.7000000000000002,31.6,193.90001
-27.01011111,26.69808333,11-09-2013,69.60000000000001,31.22,17.539999,0.7,181.0,1.49,3.5,66.1,114.9
-29.641944,30.6875,11-09-2013,30.5,29.64,19.92,30.9,153.8,0.91999996,1.5,78.3,75.5
-25.20639,27.558,11-09-2013,77.60000000000001,32.12,19.55,1.9,178.40001,1.4599999,3.9000000000000004,73.8,104.6
-27.363611,31.783333,11-09-2013,54.6,31.66,20.56,7.3,154.3,1.16,2.7,52.4,101.9
-26.970278,27.211111,11-09-2013,67.9,30.289999,17.039999,1.0,172.7,1.35,3.4000000000000004,64.5,108.200005
-26.880278,26.965,11-09-2013,71.2,30.63,17.25,1.0,173.7,1.37,3.6,67.700005,106.0
-26.98472222,26.63227778,11-09-2013,72.60000000000001,31.38,17.8,0.8,180.40001,1.52,3.6,69.0,111.4
-28.768056,20.720556,11-09-2013,28.8,37.17,20.77,0.0,253.7,3.09,1.4000000000000001,27.4,226.3
-34.092222,21.295278,11-09-2013,55.7,29.89,17.47,1.7,163.8,1.15,2.8000000000000003,53.0,110.8
-33.13083,18.86278,11-09-2013,26.1,32.3,18.38,9.7,193.6,1.74,1.3,26.800001,166.8
-33.7075,18.97444444,11-09-2013,36.2,31.01,18.22,11.8,195.7,1.4699999,1.8,36.9,158.8
-32.94583,18.33667,11-09-2013,17.6,29.46,17.49,6.1,191.7,1.27,0.9,17.800001,173.90001
-26.905,32.324722,12-09-2013,57.300000000000004,33.27,21.949999,7.8,156.40001,1.37,2.9000000000000004,54.9,101.5
-27.602222,29.942778,12-09-2013,73.8,29.14,16.08,11.900001,161.7,1.03,3.7,74.0,87.700005
-33.31388889,19.07472222,12-09-2013,30.1,31.769999,17.49,10.8,200.1,1.64,1.5,30.9,169.2
-26.98472222,26.63227778,13-09-2013,72.60000000000001,31.38,17.8,0.8,180.40001,1.52,3.6,69.0,111.4
-27.902778,24.615556,13-09-2013,59.0,35.48,19.119999,0.2,211.90001,2.37,2.9000000000000004,56.0,155.90001
-25.99136,27.84208,16-09-2013,90.0,29.199999,17.43,6.0,165.8,1.17,4.5,86.4,79.4
-26.03611,30.99778,16-09-2013,104.4,28.73,19.09,48.600002,155.5,1.02,5.2,121.700005,33.8
-26.45,28.085833,16-09-2013,75.2,28.869999,16.3,1.3000001,163.6,1.14,3.8000000000000003,71.5,92.1
-25.447222,30.711667,16-09-2013,86.80000000000001,28.609999,18.539999,28.9,151.2,0.94,4.3,89.6,61.600002
-28.760833,17.730278,17-09-2013,15.9,36.94,22.02,0.0,240.3,3.04,0.8,15.1,225.2
-27.01011111,26.69808333,17-09-2013,69.60000000000001,31.22,17.539999,0.7,181.0,1.49,3.5,66.1,114.9
-25.73411,27.21422,17-09-2013,95.80000000000001,30.16,17.1,9.5,168.6,1.25,4.800000000000001,93.8,74.8
-27.00222,28.76528,17-09-2013,69.60000000000001,28.49,15.179999,1.4,158.8,1.05,3.5,66.1,92.700005
-26.648056,27.089444,17-09-2013,75.2,29.99,16.84,1.0,171.1,1.27,3.8000000000000003,71.5,99.6
-26.970278,27.211111,17-09-2013,67.9,30.289999,17.039999,1.0,172.7,1.35,3.4000000000000004,64.5,108.200005
-26.880278,26.965,17-09-2013,71.2,30.63,17.25,1.0,173.7,1.37,3.6,67.700005,106.0
-26.98472222,26.63227778,17-09-2013,72.60000000000001,31.38,17.8,0.8,180.40001,1.52,3.6,69.0,111.4
-29.042222,24.6,17-09-2013,42.6,35.17,18.48,0.1,216.6,2.4299998,2.1,40.4,176.2
-29.028629,24.638389,17-09-2013,44.1,35.07,18.369999,0.1,215.2,2.4099998,2.2,41.9,173.3
-29.033333,23.983333,17-09-2013,38.300000000000004,35.67,18.5,0.2,219.8,2.5,1.9000000000000001,36.4,183.40001
-25.45963889,28.26430556,17-09-2013,79.0,30.84,18.44,1.5,170.7,1.3,3.9000000000000004,75.1,95.6
-25.57877778,29.12747222,17-09-2013,83.9,30.01,17.24,1.4,167.40001,1.1899999,4.2,79.700005,87.700005
-28.760833,17.730278,18-09-2013,15.9,36.94,22.02,0.0,240.3,3.04,0.8,15.1,225.2
-29.161667,23.696389,18-09-2013,33.300000000000004,36.17,19.07,0.1,225.5,2.6399999,1.7000000000000002,31.6,193.90001
-25.81048333,27.90955222,18-09-2013,87.4,30.08,18.35,1.4,168.90001,1.26,4.4,83.1,85.8
-25.398889,31.610556,18-09-2013,66.3,30.56,20.859999,8.3,144.0,1.06,3.3000000000000003,63.600002,80.4
-27.935,26.126667,18-09-2013,48.1,32.09,17.02,0.7,189.6,1.6999999,2.4000000000000004,45.7,143.90001
-27.671111,27.236944,18-09-2013,51.400000000000006,31.09,16.76,0.8,178.40001,1.49,2.6,48.8,129.6
-29.033333,23.983333,18-09-2013,38.300000000000004,35.67,18.5,0.2,219.8,2.5,1.9000000000000001,36.4,183.40001
-28.75,30.442778,19-09-2013,50.2,31.82,18.88,8.6,167.2,1.29,2.5,50.100002,117.1
-27.38972222,26.46388889,19-09-2013,58.800000000000004,32.0,17.869999,0.8,189.40001,1.65,2.9000000000000004,55.9,133.5
-34.250556,20.9925,19-09-2013,51.7,29.67,18.33,3.1000001,168.1,1.09,2.6,49.3,118.8
-29.744167,29.905833,20-09-2013,57.0,28.789999,16.39,29.1,155.1,0.98999995,2.8000000000000003,104.200005,50.9
-27.671111,27.236944,20-09-2013,51.400000000000006,31.09,16.76,0.8,178.40001,1.49,2.6,48.8,129.6
-27.573056,24.746389,20-09-2013,66.3,34.82,18.71,0.3,203.0,2.2,3.3000000000000003,63.0,140.0
-28.760833,17.730278,23-09-2013,15.9,36.94,22.02,0.0,240.3,3.04,0.8,15.1,225.2
-29.380556,30.2775,23-09-2013,54.1,27.47,15.5199995,28.5,147.8,0.77,2.7,100.3,47.5
-33.818056,19.694722,23-09-2013,38.1,31.07,17.3,5.4,193.40001,1.48,1.9000000000000001,37.100002,156.3
-34.065833,20.404167,24-09-2013,40.900000000000006,31.539999,18.93,3.2,175.5,1.48,2.0,39.100002,136.40001
-24.670833,28.560833,24-09-2013,75.8,30.4,18.25,13.5,166.8,1.2099999,3.8000000000000003,75.700005,91.1
-25.681111,31.783333,24-09-2013,65.5,31.24,20.869999,8.400001,146.7,1.12,3.3000000000000003,62.9,83.8
-25.67386,31.57527,24-09-2013,67.3,30.96,21.06,8.400001,147.8,1.14,3.4000000000000004,64.5,83.3
-28.747778,31.745833,24-09-2013,62.400000000000006,31.199999,21.369999,4.9,160.1,1.02,3.1,59.7,100.4
-29.140556,31.391944,25-09-2013,65.10000000000001,30.38,21.16,8.6,157.1,0.88,3.3000000000000003,63.100002,94.0
-25.127778,27.628889,25-09-2013,76.60000000000001,32.37,19.73,1.9,180.2,1.5,3.8000000000000003,72.8,107.4
-24.69514,27.40906,25-09-2013,81.9,32.34,20.67,2.3,180.3,1.54,4.1000000000000005,77.9,102.4
-27.937778,31.209444,25-09-2013,65.5,29.81,18.69,5.2000003,158.3,1.02,3.3000000000000003,62.600002,95.700005
-28.404444,30.013056,25-09-2013,60.5,30.359999,16.99,11.3,163.7,1.1899999,3.0,62.2,101.5
-26.73806,27.59194,25-09-2013,73.8,29.46,16.699999,1.1,166.2,1.24,3.7,70.1,96.1
-26.45,28.085833,25-09-2013,75.2,28.869999,16.3,1.3000001,163.6,1.14,3.8000000000000003,71.5,92.1
-33.501667,21.624167,25-09-2013,52.5,30.09,14.92,0.1,179.1,1.37,2.6,49.9,129.2
-27.01011111,26.69808333,26-09-2013,69.60000000000001,31.22,17.539999,0.7,181.0,1.49,3.5,66.1,114.9
-22.225556,29.990556,26-09-2013,96.0,33.42,22.949999,0.2,154.7,1.75,4.800000000000001,91.200005,63.5
-25.436111,31.982222,26-09-2013,69.7,31.32,20.31,9.1,140.8,1.06,3.5,66.9,73.9
-25.20639,27.558,26-09-2013,77.60000000000001,32.12,19.55,1.9,178.40001,1.4599999,3.9000000000000004,73.8,104.6
-28.801278,31.955389,26-09-2013,63.800000000000004,30.859999,21.49,6.4,159.1,0.91999996,3.2,61.4,97.700005
-27.169444,29.233889,26-09-2013,70.0,27.779999,14.599999,2.5,155.5,0.94,3.5,66.6,88.9
-27.00222,28.76528,26-09-2013,69.60000000000001,28.49,15.179999,1.4,158.8,1.05,3.5,66.1,92.700005
-26.648056,27.089444,26-09-2013,75.2,29.99,16.84,1.0,171.1,1.27,3.8000000000000003,71.5,99.6
-26.970278,27.211111,26-09-2013,67.9,30.289999,17.039999,1.0,172.7,1.35,3.4000000000000004,64.5,108.200005
-26.880278,26.965,26-09-2013,71.2,30.63,17.25,1.0,173.7,1.37,3.6,67.700005,106.0
-28.141944,26.417778,26-09-2013,43.6,32.079998,17.44,0.7,189.0,1.73,2.2,41.4,147.6
-28.058889,30.373611,26-09-2013,67.4,28.68,15.75,14.6,157.90001,0.94,3.4000000000000004,71.8,86.1
-26.861111,28.884722,27-09-2013,72.7,28.109999,15.0,1.5,158.2,1.0,3.6,69.1,89.1
-27.902778,24.615556,27-09-2013,59.0,35.48,19.119999,0.2,211.90001,2.37,2.9000000000000004,56.0,155.90001
-25.99136,27.84208,30-09-2013,90.0,29.199999,17.43,6.0,165.8,1.17,4.5,86.4,79.4
-29.7775,29.470833,30-09-2013,76.80000000000001,26.46,13.82,15.8,146.0,0.81,3.8000000000000003,100.1,45.9
-29.987778,29.851667,30-09-2013,61.6,27.939999,15.78,30.9,150.6,0.88,3.1,111.700005,38.9
-29.744167,29.905833,30-09-2013,57.0,28.789999,16.39,29.1,155.1,0.98999995,2.8000000000000003,104.200005,50.9
-26.45,28.085833,30-09-2013,75.2,28.869999,16.3,1.3000001,163.6,1.14,3.8000000000000003,71.5,92.1
-31.396,29.2651,30-09-2013,67.8,29.32,20.14,18.300001,155.6,0.97999996,3.4000000000000004,95.8,59.8
-31.554722,29.245556,30-09-2013,71.2,28.0,19.02,18.6,147.0,0.78999996,3.6,99.6,47.4
-24.183889,30.823889,01-10-2013,75.9,31.88,21.58,2.3,154.90001,1.3399999,3.8000000000000003,72.1,82.8
-25.73411,27.21422,01-10-2013,95.80000000000001,30.16,17.1,9.5,168.6,1.25,4.800000000000001,93.8,74.8
-28.44555556,32.325,31-10-2013,76.3,30.3,21.81,8.400001,153.90001,0.88,3.8000000000000003,73.6,80.3
-27.671111,27.236944,01-10-2013,51.400000000000006,31.09,16.76,0.8,178.40001,1.49,2.6,48.8,129.6
-30.568333,29.422778,01-10-2013,64.4,27.63,14.32,23.0,150.8,0.90999997,3.2,100.700005,50.100002
-30.570833,29.150556,01-10-2013,66.0,27.41,14.219999,18.4,150.2,0.94,3.3000000000000003,94.200005,56.0
-31.104278,29.399722,01-10-2013,65.9,28.849998,18.76,21.1,154.0,0.96,3.3000000000000003,98.8,55.2
-34.031944,22.053333,01-10-2013,71.10000000000001,27.42,17.76,2.0,151.6,0.81,3.6,67.6,84.0
-34.005833,22.351111,01-10-2013,85.5,26.099998,17.97,2.6000001,144.8,0.65999997,4.3,81.4,63.4
-25.45963889,28.26430556,01-10-2013,79.0,30.84,18.44,1.5,170.7,1.3,3.9000000000000004,75.1,95.6
-28.068333,31.55,01-10-2013,63.7,31.96,21.24,4.4,162.5,1.28,3.2,60.8,101.700005
-29.161667,23.696389,02-10-2013,33.300000000000004,36.17,19.07,0.1,225.5,2.6399999,1.7000000000000002,31.6,193.90001
-27.01011111,26.69808333,02-10-2013,69.60000000000001,31.22,17.539999,0.7,181.0,1.49,3.5,66.1,114.9
-25.81048333,27.90955222,02-10-2013,87.4,30.08,18.35,1.4,168.90001,1.26,4.4,83.1,85.8
-24.058889,31.237222,02-10-2013,73.4,31.99,21.63,1.0,152.3,1.3199999,3.7,69.700005,82.6
-30.733889,29.828333,02-10-2013,66.3,28.359999,18.01,25.5,150.2,0.90999997,3.3000000000000003,106.9,43.3
-30.398056,30.601944,02-10-2013,71.2,29.3,21.66,29.800001,156.6,0.88,3.6,118.9,37.7
-27.00222,28.76528,02-10-2013,69.60000000000001,28.49,15.179999,1.4,158.8,1.05,3.5,66.1,92.700005
-27.02314,28.59389,02-10-2013,69.2,28.859999,15.5199995,1.4,160.8,1.11,3.5,65.8,95.0
-27.273889,28.49,02-10-2013,67.2,28.869999,15.5,3.8,160.1,1.13,3.4000000000000004,64.3,95.8
-27.3,28.586944,02-10-2013,67.0,28.789999,15.33,4.7000003,159.8,1.11,3.3000000000000003,64.3,95.5
-27.802778,28.768333,02-10-2013,62.5,28.26,14.349999,11.0,154.3,1.03,3.1,71.0,83.3
-26.98472222,26.63227778,02-10-2013,72.60000000000001,31.38,17.8,0.8,180.40001,1.52,3.6,69.0,111.4
-27.398611,26.614722,02-10-2013,58.5,31.869999,17.77,0.8,187.40001,1.62,2.9000000000000004,55.600002,131.8
-27.671111,27.236944,02-10-2013,51.400000000000006,31.09,16.76,0.8,178.40001,1.49,2.6,48.8,129.6
-29.160278,26.573333,02-10-2013,31.6,32.71,16.529999,0.7,192.6,1.86,1.6,30.1,162.5
-29.615556,27.065278,02-10-2013,36.1,31.439999,15.95,0.7,179.6,1.68,1.8,34.3,145.3
-28.883333,27.89,02-10-2013,48.6,29.41,15.32,9.1,160.1,1.29,2.4000000000000004,52.4,107.700005
-31.031389,28.883333,02-10-2013,63.900000000000006,28.67,16.73,20.6,151.5,1.03,3.2,96.200005,55.3
-30.86013889,29.07125,02-10-2013,61.5,29.099998,17.27,19.0,155.0,1.0799999,3.1,91.1,63.9
-30.77586667,29.03221667,02-10-2013,62.400000000000006,29.0,16.89,18.0,155.1,1.0799999,3.1,90.1,65.0
-34.039722,22.133333,02-10-2013,73.3,27.23,18.16,2.2,150.2,0.77,3.7,69.8,80.4
-34.02861,22.22222,02-10-2013,75.60000000000001,26.63,17.94,2.3,147.90001,0.7,3.8000000000000003,71.9,76.0
-27.495556,26.074722,02-10-2013,58.1,32.16,17.35,0.8,192.40001,1.68,2.9000000000000004,55.2,137.2
-28.44555556,32.325,16-01-2014,223.9,28.46,20.539999,74.8,140.7,0.76,16.400000000000002,140.7,0.0
-29.744167,29.905833,03-10-2013,57.0,28.789999,16.39,29.1,155.1,0.98999995,2.8000000000000003,104.200005,50.9
-26.648056,27.089444,03-10-2013,75.2,29.99,16.84,1.0,171.1,1.27,3.8000000000000003,71.5,99.6
-26.970278,27.211111,03-10-2013,67.9,30.289999,17.039999,1.0,172.7,1.35,3.4000000000000004,64.5,108.200005
-26.880278,26.965,03-10-2013,71.2,30.63,17.25,1.0,173.7,1.37,3.6,67.700005,106.0
-27.3,28.586944,03-10-2013,67.0,28.789999,15.33,4.7000003,159.8,1.11,3.3000000000000003,64.3,95.5
-30.160091,27.40124,03-10-2013,40.5,31.08,15.889999,0.90000004,172.7,1.5999999,2.0,38.5,134.2
-30.336111,27.359444,03-10-2013,41.300000000000004,31.07,15.46,0.90000004,175.0,1.5799999,2.1,39.3,135.7
-29.615556,27.065278,03-10-2013,36.1,31.439999,15.95,0.7,179.6,1.68,1.8,34.3,145.3
-30.830556,26.921389,04-10-2013,35.5,31.81,15.19,0.8,186.7,1.6899999,1.8,33.7,153.0
-30.679722,26.7125,04-10-2013,32.9,32.94,15.83,0.6,192.1,1.88,1.6,31.2,160.90001
-29.803611,30.516111,04-10-2013,41.7,28.65,18.39,30.800001,150.2,0.84999996,2.1,92.5,57.7
-26.73806,27.59194,07-10-2013,73.8,29.46,16.699999,1.1,166.2,1.24,3.7,70.1,96.1
-26.45,28.085833,07-10-2013,75.2,28.869999,16.3,1.3000001,163.6,1.14,3.8000000000000003,71.5,92.1
-31.436944,20.474722,07-10-2013,31.8,33.25,16.0,0.0,217.3,2.31,1.6,30.2,187.1
-29.1825,23.575556,07-10-2013,32.4,36.079998,19.22,0.1,224.90001,2.6399999,1.6,30.800001,194.1
-33.38056,19.30167,07-10-2013,36.7,29.48,14.929999,8.0,190.6,1.42,1.8,36.4,154.2
-32.502778,19.535833,07-10-2013,15.700000000000001,33.89,17.039999,0.5,214.8,2.1699998,0.8,14.900001,199.90001
-31.860278,18.6875,08-10-2013,14.9,32.52,17.06,0.5,217.5,1.8499999,0.7000000000000001,14.2,203.3
-25.127778,27.628889,08-10-2013,76.60000000000001,32.37,19.73,1.9,180.2,1.5,3.8000000000000003,72.8,107.4
-24.69514,27.40906,08-10-2013,81.9,32.34,20.67,2.3,180.3,1.54,4.1000000000000005,77.9,102.4
-22.769722,30.886944,08-10-2013,120.80000000000001,31.689999,21.039999,6.2000003,148.0,1.3,6.0,115.200005,32.8
-28.735556,29.820556,08-10-2013,54.900000000000006,30.91,17.109999,14.3,162.5,1.23,2.7,64.200005,98.3
-27.169444,29.233889,08-10-2013,70.0,27.779999,14.599999,2.5,155.5,0.94,3.5,66.6,88.9
-26.861111,28.884722,08-10-2013,72.7,28.109999,15.0,1.5,158.2,1.0,3.6,69.1,89.1
-27.00222,28.76528,08-10-2013,69.60000000000001,28.49,15.179999,1.4,158.8,1.05,3.5,66.1,92.700005
-34.092222,21.295278,08-10-2013,55.7,29.89,17.47,1.7,163.8,1.15,2.8000000000000003,53.0,110.8
-33.13083,18.86278,08-10-2013,26.1,32.3,18.38,9.7,193.6,1.74,1.3,26.800001,166.8
-32.94583,18.33667,08-10-2013,17.6,29.46,17.49,6.1,191.7,1.27,0.9,17.800001,173.90001
-29.161667,23.696389,09-10-2013,33.300000000000004,36.17,19.07,0.1,225.5,2.6399999,1.7000000000000002,31.6,193.90001
-29.641944,30.6875,09-10-2013,30.5,29.64,19.92,30.9,153.8,0.91999996,1.5,78.3,75.5
-25.20639,27.558,09-10-2013,77.60000000000001,32.12,19.55,1.9,178.40001,1.4599999,3.9000000000000004,73.8,104.6
-26.905,32.324722,09-10-2013,57.300000000000004,33.27,21.949999,7.8,156.40001,1.37,2.9000000000000004,54.9,101.5
-27.602222,29.942778,09-10-2013,73.8,29.14,16.08,11.900001,161.7,1.03,3.7,74.0,87.700005
-33.7075,18.97444444,09-10-2013,36.2,31.01,18.22,11.8,195.7,1.4699999,1.8,36.9,158.8
-23.658056,31.05,10-10-2013,69.2,32.26,21.81,0.90000004,152.2,1.37,3.5,65.8,86.4
-27.363611,31.783333,10-10-2013,54.6,31.66,20.56,7.3,154.3,1.16,2.7,52.4,101.9
-26.970278,27.211111,10-10-2013,67.9,30.289999,17.039999,1.0,172.7,1.35,3.4000000000000004,64.5,108.200005
-33.31388889,19.07472222,10-10-2013,30.1,31.769999,17.49,10.8,200.1,1.64,1.5,30.9,169.2
-27.01011111,26.69808333,11-10-2013,69.60000000000001,31.22,17.539999,0.7,181.0,1.49,3.5,66.1,114.9
-26.648056,27.089444,11-10-2013,75.2,29.99,16.84,1.0,171.1,1.27,3.8000000000000003,71.5,99.6
-26.880278,26.965,11-10-2013,71.2,30.63,17.25,1.0,173.7,1.37,3.6,67.700005,106.0
-26.98472222,26.63227778,11-10-2013,72.60000000000001,31.38,17.8,0.8,180.40001,1.52,3.6,69.0,111.4
-27.902778,24.615556,11-10-2013,59.0,35.48,19.119999,0.2,211.90001,2.37,2.9000000000000004,56.0,155.90001
-26.861111,28.884722,13-10-2013,72.7,28.109999,15.0,1.5,158.2,1.0,3.6,69.1,89.1
-25.99136,27.84208,14-10-2013,90.0,29.199999,17.43,6.0,165.8,1.17,4.5,86.4,79.4
-26.45,28.085833,14-10-2013,75.2,28.869999,16.3,1.3000001,163.6,1.14,3.8000000000000003,71.5,92.1
-27.01011111,26.69808333,15-10-2013,69.60000000000001,31.22,17.539999,0.7,181.0,1.49,3.5,66.1,114.9
-25.73411,27.21422,15-10-2013,95.80000000000001,30.16,17.1,9.5,168.6,1.25,4.800000000000001,93.8,74.8
-24.99328,30.81444,15-10-2013,112.0,24.51,14.86,118.200005,131.2,0.51,5.6000000000000005,120.4,10.8
-27.5275,30.858056,15-10-2013,82.2,28.14,16.8,20.300001,151.7,0.84999996,4.1000000000000005,89.0,62.7
-26.861111,28.884722,15-10-2013,72.7,28.109999,15.0,1.5,158.2,1.0,3.6,69.1,89.1
-27.00222,28.76528,15-10-2013,69.60000000000001,28.49,15.179999,1.4,158.8,1.05,3.5,66.1,92.700005
-26.648056,27.089444,15-10-2013,75.2,29.99,16.84,1.0,171.1,1.27,3.8000000000000003,71.5,99.6
-26.970278,27.211111,15-10-2013,67.9,30.289999,17.039999,1.0,172.7,1.35,3.4000000000000004,64.5,108.200005
-26.880278,26.965,15-10-2013,71.2,30.63,17.25,1.0,173.7,1.37,3.6,67.700005,106.0
-26.98472222,26.63227778,15-10-2013,72.60000000000001,31.38,17.8,0.8,180.40001,1.52,3.6,69.0,111.4
-25.45963889,28.26430556,15-10-2013,79.0,30.84,18.44,1.5,170.7,1.3,3.9000000000000004,75.1,95.6
-29.161667,23.696389,16-10-2013,33.300000000000004,36.17,19.07,0.1,225.5,2.6399999,1.7000000000000002,31.6,193.90001
-25.81048333,27.90955222,16-10-2013,87.4,30.08,18.35,1.4,168.90001,1.26,4.4,83.1,85.8
-24.670833,28.560833,16-10-2013,75.8,30.4,18.25,13.5,166.8,1.2099999,3.8000000000000003,75.700005,91.1
-28.75,30.442778,16-10-2013,50.2,31.82,18.88,8.6,167.2,1.29,2.5,50.100002,117.1
-29.161667,30.629722,16-10-2013,50.900000000000006,27.48,16.58,25.7,146.8,0.75,2.5,83.1,63.7
-29.160278,26.573333,16-10-2013,31.6,32.71,16.529999,0.7,192.6,1.86,1.6,30.1,162.5
-29.033333,23.983333,16-10-2013,38.300000000000004,35.67,18.5,0.2,219.8,2.5,1.9000000000000001,36.4,183.40001
-28.768056,20.720556,16-10-2013,28.8,37.17,20.77,0.0,253.7,3.09,1.4000000000000001,27.4,226.3
-29.161667,23.696389,17-10-2013,33.300000000000004,36.17,19.07,0.1,225.5,2.6399999,1.7000000000000002,31.6,193.90001
-29.744167,29.905833,17-10-2013,57.0,28.789999,16.39,29.1,155.1,0.98999995,2.8000000000000003,104.200005,50.9
-27.671111,27.236944,17-10-2013,51.400000000000006,31.09,16.76,0.8,178.40001,1.49,2.6,48.8,129.6
-34.250556,20.9925,17-10-2013,51.7,29.67,18.33,3.1000001,168.1,1.09,2.6,49.3,118.8
-29.380556,30.2775,21-10-2013,54.1,27.47,15.5199995,28.5,147.8,0.77,2.7,100.3,47.5
-33.818056,19.694722,21-10-2013,38.1,31.07,17.3,5.4,193.40001,1.48,1.9000000000000001,37.100002,156.3
-27.01011111,26.69808333,22-10-2013,69.60000000000001,31.22,17.539999,0.7,181.0,1.49,3.5,66.1,114.9
-34.065833,20.404167,22-10-2013,40.900000000000006,31.539999,18.93,3.2,175.5,1.48,2.0,39.100002,136.40001
-25.127778,27.628889,22-10-2013,76.60000000000001,32.37,19.73,1.9,180.2,1.5,3.8000000000000003,72.8,107.4
-25.20639,27.558,22-10-2013,77.60000000000001,32.12,19.55,1.9,178.40001,1.4599999,3.9000000000000004,73.8,104.6
-24.69514,27.40906,22-10-2013,81.9,32.34,20.67,2.3,180.3,1.54,4.1000000000000005,77.9,102.4
-26.648056,27.089444,22-10-2013,75.2,29.99,16.84,1.0,171.1,1.27,3.8000000000000003,71.5,99.6
-26.970278,27.211111,22-10-2013,67.9,30.289999,17.039999,1.0,172.7,1.35,3.4000000000000004,64.5,108.200005
-26.880278,26.965,22-10-2013,71.2,30.63,17.25,1.0,173.7,1.37,3.6,67.700005,106.0
-26.73806,27.59194,22-10-2013,73.8,29.46,16.699999,1.1,166.2,1.24,3.7,70.1,96.1
-26.45,28.085833,22-10-2013,75.2,28.869999,16.3,1.3000001,163.6,1.14,3.8000000000000003,71.5,92.1
-26.98472222,26.63227778,22-10-2013,72.60000000000001,31.38,17.8,0.8,180.40001,1.52,3.6,69.0,111.4
-28.141944,26.417778,22-10-2013,43.6,32.079998,17.44,0.7,189.0,1.73,2.2,41.4,147.6
-29.042222,24.6,22-10-2013,42.6,35.17,18.48,0.1,216.6,2.4299998,2.1,40.4,176.2
-29.028629,24.638389,22-10-2013,44.1,35.07,18.369999,0.1,215.2,2.4099998,2.2,41.9,173.3
-33.501667,21.624167,22-10-2013,52.5,30.09,14.92,0.1,179.1,1.37,2.6,49.9,129.2
-34.075556,20.145556,22-10-2013,43.1,30.789999,18.199999,5.6,178.0,1.42,2.2,41.8,136.2
-28.760833,17.730278,23-10-2013,15.9,36.94,22.02,0.0,240.3,3.04,0.8,15.1,225.2
-29.161667,23.696389,23-10-2013,33.300000000000004,36.17,19.07,0.1,225.5,2.6399999,1.7000000000000002,31.6,193.90001
-29.140556,31.391944,23-10-2013,65.10000000000001,30.38,21.16,8.6,157.1,0.88,3.3000000000000003,63.100002,94.0
-28.801278,31.955389,23-10-2013,63.800000000000004,30.859999,21.49,6.4,159.1,0.91999996,3.2,61.4,97.700005
-27.169444,29.233889,23-10-2013,70.0,27.779999,14.599999,2.5,155.5,0.94,3.5,66.6,88.9
-26.861111,28.884722,23-10-2013,72.7,28.109999,15.0,1.5,158.2,1.0,3.6,69.1,89.1
-27.00222,28.76528,23-10-2013,69.60000000000001,28.49,15.179999,1.4,158.8,1.05,3.5,66.1,92.700005
-26.970278,27.211111,23-10-2013,67.9,30.289999,17.039999,1.0,172.7,1.35,3.4000000000000004,64.5,108.200005
-27.38972222,26.46388889,23-10-2013,58.800000000000004,32.0,17.869999,0.8,189.40001,1.65,2.9000000000000004,55.9,133.5
-26.98472222,26.63227778,23-10-2013,72.60000000000001,31.38,17.8,0.8,180.40001,1.52,3.6,69.0,111.4
-27.398611,26.614722,23-10-2013,58.5,31.869999,17.77,0.8,187.40001,1.62,2.9000000000000004,55.600002,131.8
-27.671111,27.236944,23-10-2013,51.400000000000006,31.09,16.76,0.8,178.40001,1.49,2.6,48.8,129.6
-34.405833,19.600556,23-10-2013,53.800000000000004,26.449999,17.199999,8.900001,156.6,0.82,2.7,53.0,103.6
-28.058889,30.373611,23-10-2013,67.4,28.68,15.75,14.6,157.90001,0.94,3.4000000000000004,71.8,86.1
-33.897778,20.012778,23-10-2013,38.400000000000006,31.369999,17.66,4.7000003,180.6,1.5,1.9000000000000001,37.3,143.3
-28.747778,31.745833,24-10-2013,62.400000000000006,31.199999,21.369999,4.9,160.1,1.02,3.1,59.7,100.4
-27.5275,30.858056,24-10-2013,82.2,28.14,16.8,20.300001,151.7,0.84999996,4.1000000000000005,89.0,62.7
-28.116667,26.725278,24-10-2013,43.6,31.88,17.65,0.7,184.7,1.6999999,2.2,41.4,143.3
-34.329722,18.990278,24-10-2013,55.0,25.34,16.859999,17.5,154.90001,0.71,2.7,56.9,98.0
-27.573056,24.746389,25-10-2013,66.3,34.82,18.71,0.3,203.0,2.2,3.3000000000000003,63.0,140.0
-25.99136,27.84208,28-10-2013,90.0,29.199999,17.43,6.0,165.8,1.17,4.5,86.4,79.4
-29.7775,29.470833,28-10-2013,76.80000000000001,26.46,13.82,15.8,146.0,0.81,3.8000000000000003,100.1,45.9
-29.987778,29.851667,28-10-2013,61.6,27.939999,15.78,30.9,150.6,0.88,3.1,111.700005,38.9
-29.744167,29.905833,28-10-2013,57.0,28.789999,16.39,29.1,155.1,0.98999995,2.8000000000000003,104.200005,50.9
-26.45,28.085833,28-10-2013,75.2,28.869999,16.3,1.3000001,163.6,1.14,3.8000000000000003,71.5,92.1
-27.01011111,26.69808333,29-10-2013,69.60000000000001,31.22,17.539999,0.7,181.0,1.49,3.5,66.1,114.9
-25.73411,27.21422,29-10-2013,95.80000000000001,30.16,17.1,9.5,168.6,1.25,4.800000000000001,93.8,74.8
-30.733889,29.828333,29-10-2013,66.3,28.359999,18.01,25.5,150.2,0.90999997,3.3000000000000003,106.9,43.3
-27.00222,28.76528,29-10-2013,69.60000000000001,28.49,15.179999,1.4,158.8,1.05,3.5,66.1,92.700005
-26.648056,27.089444,29-10-2013,75.2,29.99,16.84,1.0,171.1,1.27,3.8000000000000003,71.5,99.6
-26.970278,27.211111,29-10-2013,67.9,30.289999,17.039999,1.0,172.7,1.35,3.4000000000000004,64.5,108.200005
-26.880278,26.965,29-10-2013,71.2,30.63,17.25,1.0,173.7,1.37,3.6,67.700005,106.0
-27.802778,28.768333,29-10-2013,62.5,28.26,14.349999,11.0,154.3,1.03,3.1,71.0,83.3
-26.98472222,26.63227778,29-10-2013,72.60000000000001,31.38,17.8,0.8,180.40001,1.52,3.6,69.0,111.4
-25.45963889,28.26430556,29-10-2013,79.0,30.84,18.44,1.5,170.7,1.3,3.9000000000000004,75.1,95.6
-28.338333,31.373611,29-10-2013,67.60000000000001,30.22,19.35,4.2000003,156.6,1.03,3.4000000000000004,64.6,92.0
-28.068333,31.55,29-10-2013,63.7,31.96,21.24,4.4,162.5,1.28,3.2,60.8,101.700005
-25.81048333,27.90955222,30-10-2013,87.4,30.08,18.35,1.4,168.90001,1.26,4.4,83.1,85.8
-30.830556,26.921389,30-10-2013,35.5,31.81,15.19,0.8,186.7,1.6899999,1.8,33.7,153.0
-30.398056,30.601944,30-10-2013,71.2,29.3,21.66,29.800001,156.6,0.88,3.6,118.9,37.7
-30.160091,27.40124,30-10-2013,40.5,31.08,15.889999,0.90000004,172.7,1.5999999,2.0,38.5,134.2
-30.336111,27.359444,30-10-2013,41.300000000000004,31.07,15.46,0.90000004,175.0,1.5799999,2.1,39.3,135.7
-28.883333,27.89,30-10-2013,48.6,29.41,15.32,9.1,160.1,1.29,2.4000000000000004,52.4,107.700005
-28.768056,20.720556,30-10-2013,28.8,37.17,20.77,0.0,253.7,3.09,1.4000000000000001,27.4,226.3
-31.104278,29.399722,30-10-2013,65.9,28.849998,18.76,21.1,154.0,0.96,3.3000000000000003,98.8,55.2
-31.396,29.2651,30-10-2013,67.8,29.32,20.14,18.300001,155.6,0.97999996,3.4000000000000004,95.8,59.8
-31.554722,29.245556,30-10-2013,71.2,28.0,19.02,18.6,147.0,0.78999996,3.6,99.6,47.4
-28.44555556,32.325,13-02-2014,223.9,28.46,20.539999,74.8,140.7,0.76,16.400000000000002,140.7,0.0
-30.13573889,30.67422222,31-10-2013,58.0,29.46,21.52,29.5,156.5,0.9,2.9000000000000004,105.700005,50.8
-28.69485,28.23487,31-10-2013,51.2,28.25,14.62,9.2,155.3,1.12,2.6,56.600002,98.700005
-28.883333,27.89,31-10-2013,48.6,29.41,15.32,9.1,160.1,1.29,2.4000000000000004,52.4,107.700005
-31.436944,20.474722,31-10-2013,31.8,33.25,16.0,0.0,217.3,2.31,1.6,30.2,187.1
-30.570833,29.150556,31-10-2013,66.0,27.41,14.219999,18.4,150.2,0.94,3.3000000000000003,94.200005,56.0
-29.744167,29.905833,01-11-2013,57.0,28.789999,16.39,29.1,155.1,0.98999995,2.8000000000000003,104.200005,50.9
-30.568333,29.422778,01-11-2013,64.4,27.63,14.32,23.0,150.8,0.90999997,3.2,100.700005,50.100002
-31.031389,28.883333,01-11-2013,63.900000000000006,28.67,16.73,20.6,151.5,1.03,3.2,96.200005,55.3
-30.77586667,29.03221667,01-11-2013,62.400000000000006,29.0,16.89,18.0,155.1,1.0799999,3.1,90.1,65.0
-29.803611,30.516111,01-11-2013,41.7,28.65,18.39,30.800001,150.2,0.84999996,2.1,92.5,57.7
-26.73806,27.59194,04-11-2013,73.8,29.46,16.699999,1.1,166.2,1.24,3.7,70.1,96.1
-26.45,28.085833,04-11-2013,75.2,28.869999,16.3,1.3000001,163.6,1.14,3.8000000000000003,71.5,92.1
-27.3,28.586944,04-11-2013,67.0,28.789999,15.33,4.7000003,159.8,1.11,3.3000000000000003,64.3,95.5
-26.98472222,26.63227778,04-11-2013,72.60000000000001,31.38,17.8,0.8,180.40001,1.52,3.6,69.0,111.4
-33.38056,19.30167,04-11-2013,36.7,29.48,14.929999,8.0,190.6,1.42,1.8,36.4,154.2
-32.502778,19.535833,04-11-2013,15.700000000000001,33.89,17.039999,0.5,214.8,2.1699998,0.8,14.900001,199.90001
-27.01011111,26.69808333,05-11-2013,69.60000000000001,31.22,17.539999,0.7,181.0,1.49,3.5,66.1,114.9
-31.860278,18.6875,05-11-2013,14.9,32.52,17.06,0.5,217.5,1.8499999,0.7000000000000001,14.2,203.3
-24.679167,30.8025,05-11-2013,121.2,26.26,16.88,94.6,140.1,0.74,6.1000000000000005,129.6,10.5
-33.980556,21.653333,05-11-2013,55.6,29.119999,17.07,1.5,162.6,1.04,2.8000000000000003,52.9,109.700005
-25.127778,27.628889,05-11-2013,76.60000000000001,32.37,19.73,1.9,180.2,1.5,3.8000000000000003,72.8,107.4
-24.39619444,27.08983333,05-11-2013,77.10000000000001,32.73,20.789999,2.5,180.5,1.61,3.9000000000000004,73.3,107.200005
-24.69514,27.40906,05-11-2013,81.9,32.34,20.67,2.3,180.3,1.54,4.1000000000000005,77.9,102.4
-27.169444,29.233889,05-11-2013,70.0,27.779999,14.599999,2.5,155.5,0.94,3.5,66.6,88.9
-26.861111,28.884722,05-11-2013,72.7,28.109999,15.0,1.5,158.2,1.0,3.6,69.1,89.1
-26.98472222,26.63227778,05-11-2013,72.60000000000001,31.38,17.8,0.8,180.40001,1.52,3.6,69.0,111.4
-27.398611,26.614722,05-11-2013,58.5,31.869999,17.77,0.8,187.40001,1.62,2.9000000000000004,55.600002,131.8
-27.671111,27.236944,05-11-2013,51.400000000000006,31.09,16.76,0.8,178.40001,1.49,2.6,48.8,129.6
-32.595833,19.009444,05-11-2013,18.400000000000002,33.63,17.34,6.2000003,215.3,1.9699999,0.9,18.2,197.1
-29.641944,30.6875,06-11-2013,30.5,29.64,19.92,30.9,153.8,0.91999996,1.5,78.3,75.5
-25.20639,27.558,06-11-2013,77.60000000000001,32.12,19.55,1.9,178.40001,1.4599999,3.9000000000000004,73.8,104.6
-27.00222,28.76528,06-11-2013,69.60000000000001,28.49,15.179999,1.4,158.8,1.05,3.5,66.1,92.700005
-27.02314,28.59389,06-11-2013,69.2,28.859999,15.5199995,1.4,160.8,1.11,3.5,65.8,95.0
-26.970278,27.211111,06-11-2013,67.9,30.289999,17.039999,1.0,172.7,1.35,3.4000000000000004,64.5,108.200005
-26.880278,26.965,06-11-2013,71.2,30.63,17.25,1.0,173.7,1.37,3.6,67.700005,106.0
-27.273889,28.49,06-11-2013,67.2,28.869999,15.5,3.8,160.1,1.13,3.4000000000000004,64.3,95.8
-27.4275,28.525833,06-11-2013,65.10000000000001,28.81,15.19,8.400001,159.0,1.12,3.3000000000000003,65.0,94.0
-33.13083,18.86278,06-11-2013,26.1,32.3,18.38,9.7,193.6,1.74,1.3,26.800001,166.8
-33.7075,18.97444444,06-11-2013,36.2,31.01,18.22,11.8,195.7,1.4699999,1.8,36.9,158.8
-32.94583,18.33667,06-11-2013,17.6,29.46,17.49,6.1,191.7,1.27,0.9,17.800001,173.90001
-24.058889,31.237222,07-11-2013,73.4,31.99,21.63,1.0,152.3,1.3199999,3.7,69.700005,82.6
-27.602222,29.942778,07-11-2013,73.8,29.14,16.08,11.900001,161.7,1.03,3.7,74.0,87.700005
-27.3,28.586944,07-11-2013,67.0,28.789999,15.33,4.7000003,159.8,1.11,3.3000000000000003,64.3,95.5
-27.902778,24.615556,07-11-2013,59.0,35.48,19.119999,0.2,211.90001,2.37,2.9000000000000004,56.0,155.90001
-28.69485,28.23487,07-11-2013,51.2,28.25,14.62,9.2,155.3,1.12,2.6,56.600002,98.700005
-33.31388889,19.07472222,07-11-2013,30.1,31.769999,17.49,10.8,200.1,1.64,1.5,30.9,169.2
-27.573056,24.746389,08-11-2013,66.3,34.82,18.71,0.3,203.0,2.2,3.3000000000000003,63.0,140.0
-27.573056,24.746389,10-11-2013,66.3,34.82,18.71,0.3,203.0,2.2,3.3000000000000003,63.0,140.0
-28.760833,17.730278,11-11-2013,15.9,36.94,22.02,0.0,240.3,3.04,0.8,15.1,225.2
-29.161667,23.696389,11-11-2013,33.300000000000004,36.17,19.07,0.1,225.5,2.6399999,1.7000000000000002,31.6,193.90001
-25.99136,27.84208,11-11-2013,90.0,29.199999,17.43,6.0,165.8,1.17,4.5,86.4,79.4
-26.861111,28.884722,11-11-2013,72.7,28.109999,15.0,1.5,158.2,1.0,3.6,69.1,89.1
-30.86013889,29.07125,11-11-2013,61.5,29.099998,17.27,19.0,155.0,1.0799999,3.1,91.1,63.9
-27.01011111,26.69808333,12-11-2013,69.60000000000001,31.22,17.539999,0.7,181.0,1.49,3.5,66.1,114.9
-25.73411,27.21422,12-11-2013,95.80000000000001,30.16,17.1,9.5,168.6,1.25,4.800000000000001,93.8,74.8
-22.769722,30.886944,12-11-2013,120.80000000000001,31.689999,21.039999,6.2000003,148.0,1.3,6.0,115.200005,32.8
-27.00222,28.76528,12-11-2013,69.60000000000001,28.49,15.179999,1.4,158.8,1.05,3.5,66.1,92.700005
-26.648056,27.089444,12-11-2013,75.2,29.99,16.84,1.0,171.1,1.27,3.8000000000000003,71.5,99.6
-26.970278,27.211111,12-11-2013,67.9,30.289999,17.039999,1.0,172.7,1.35,3.4000000000000004,64.5,108.200005
-26.880278,26.965,12-11-2013,71.2,30.63,17.25,1.0,173.7,1.37,3.6,67.700005,106.0
-26.98472222,26.63227778,12-11-2013,72.60000000000001,31.38,17.8,0.8,180.40001,1.52,3.6,69.0,111.4
-33.08883333,19.21878333,12-11-2013,31.5,29.019999,14.07,7.0,189.8,1.43,1.6,31.1,158.7
-25.45963889,28.26430556,12-11-2013,79.0,30.84,18.44,1.5,170.7,1.3,3.9000000000000004,75.1,95.6
-29.161667,23.696389,13-11-2013,33.300000000000004,36.17,19.07,0.1,225.5,2.6399999,1.7000000000000002,31.6,193.90001
-25.81048333,27.90955222,13-11-2013,87.4,30.08,18.35,1.4,168.90001,1.26,4.4,83.1,85.8
-22.43772222,31.07805556,13-11-2013,104.5,33.93,22.119999,0.4,156.1,1.62,5.2,99.3,56.8
-28.75,30.442778,13-11-2013,50.2,31.82,18.88,8.6,167.2,1.29,2.5,50.100002,117.1
-29.161667,30.629722,13-11-2013,50.900000000000006,27.48,16.58,25.7,146.8,0.75,2.5,83.1,63.7
-28.141944,26.417778,13-11-2013,43.6,32.079998,17.44,0.7,189.0,1.73,2.2,41.4,147.6
-28.1175,26.719444,13-11-2013,43.6,31.88,17.65,0.7,184.7,1.6999999,2.2,41.4,143.3
-29.160278,26.573333,13-11-2013,31.6,32.71,16.529999,0.7,192.6,1.86,1.6,30.1,162.5
-29.033333,23.983333,13-11-2013,38.300000000000004,35.67,18.5,0.2,219.8,2.5,1.9000000000000001,36.4,183.40001
-34.02861,22.22222,13-11-2013,75.60000000000001,26.63,17.94,2.3,147.90001,0.7,3.8000000000000003,71.9,76.0
-34.005833,22.351111,13-11-2013,85.5,26.099998,17.97,2.6000001,144.8,0.65999997,4.3,81.4,63.4
-23.658056,31.05,14-11-2013,69.2,32.26,21.81,0.90000004,152.2,1.37,3.5,65.8,86.4
-29.744167,29.905833,14-11-2013,57.0,28.789999,16.39,29.1,155.1,0.98999995,2.8000000000000003,104.200005,50.9
-27.273889,28.49,14-11-2013,67.2,28.869999,15.5,3.8,160.1,1.13,3.4000000000000004,64.3,95.8
-27.4275,28.525833,14-11-2013,65.10000000000001,28.81,15.19,8.400001,159.0,1.12,3.3000000000000003,65.0,94.0
-27.3,28.586944,14-11-2013,67.0,28.789999,15.33,4.7000003,159.8,1.11,3.3000000000000003,64.3,95.5
-27.398611,26.614722,14-11-2013,58.5,31.869999,17.77,0.8,187.40001,1.62,2.9000000000000004,55.600002,131.8
-27.671111,27.236944,14-11-2013,51.400000000000006,31.09,16.76,0.8,178.40001,1.49,2.6,48.8,129.6
-34.031944,22.053333,15-11-2013,71.10000000000001,27.42,17.76,2.0,151.6,0.81,3.6,67.6,84.0
-34.039722,22.133333,15-11-2013,73.3,27.23,18.16,2.2,150.2,0.77,3.7,69.8,80.4
-24.925278,29.324444,18-11-2013,65.7,31.599998,19.449999,1.2,172.3,1.3299999,3.3000000000000003,62.4,109.9
-29.380556,30.2775,18-11-2013,54.1,27.47,15.5199995,28.5,147.8,0.77,2.7,100.3,47.5
-26.73806,27.59194,18-11-2013,73.8,29.46,16.699999,1.1,166.2,1.24,3.7,70.1,96.1
-26.45,28.085833,18-11-2013,75.2,28.869999,16.3,1.3000001,163.6,1.14,3.8000000000000003,71.5,92.1
-33.870833,20.003333,18-11-2013,36.2,31.73,17.81,4.7000003,180.40001,1.54,1.8,35.3,145.1
-33.818056,19.694722,18-11-2013,38.1,31.07,17.3,5.4,193.40001,1.48,1.9000000000000001,37.100002,156.3
-27.01011111,26.69808333,19-11-2013,69.60000000000001,31.22,17.539999,0.7,181.0,1.49,3.5,66.1,114.9
-34.065833,20.404167,19-11-2013,40.900000000000006,31.539999,18.93,3.2,175.5,1.48,2.0,39.100002,136.40001
-25.20639,27.558,19-11-2013,77.60000000000001,32.12,19.55,1.9,178.40001,1.4599999,3.9000000000000004,73.8,104.6
-24.69514,27.40906,19-11-2013,81.9,32.34,20.67,2.3,180.3,1.54,4.1000000000000005,77.9,102.4
-28.747778,31.745833,19-11-2013,62.400000000000006,31.199999,21.369999,4.9,160.1,1.02,3.1,59.7,100.4
-27.169444,29.233889,19-11-2013,70.0,27.779999,14.599999,2.5,155.5,0.94,3.5,66.6,88.9
-26.861111,28.884722,19-11-2013,72.7,28.109999,15.0,1.5,158.2,1.0,3.6,69.1,89.1
-27.00222,28.76528,19-11-2013,69.60000000000001,28.49,15.179999,1.4,158.8,1.05,3.5,66.1,92.700005
-26.648056,27.089444,19-11-2013,75.2,29.99,16.84,1.0,171.1,1.27,3.8000000000000003,71.5,99.6
-26.970278,27.211111,19-11-2013,67.9,30.289999,17.039999,1.0,172.7,1.35,3.4000000000000004,64.5,108.200005
-26.880278,26.965,19-11-2013,71.2,30.63,17.25,1.0,173.7,1.37,3.6,67.700005,106.0
-27.3,28.586944,19-11-2013,67.0,28.789999,15.33,4.7000003,159.8,1.11,3.3000000000000003,64.3,95.5
-26.98472222,26.63227778,19-11-2013,72.60000000000001,31.38,17.8,0.8,180.40001,1.52,3.6,69.0,111.4
-27.671111,27.236944,19-11-2013,51.400000000000006,31.09,16.76,0.8,178.40001,1.49,2.6,48.8,129.6
-31.396,29.2651,19-11-2013,67.8,29.32,20.14,18.300001,155.6,0.97999996,3.4000000000000004,95.8,59.8
-31.554722,29.245556,19-11-2013,71.2,28.0,19.02,18.6,147.0,0.78999996,3.6,99.6,47.4
-34.075556,20.145556,19-11-2013,43.1,30.789999,18.199999,5.6,178.0,1.42,2.2,41.8,136.2
-29.161667,23.696389,20-11-2013,33.300000000000004,36.17,19.07,0.1,225.5,2.6399999,1.7000000000000002,31.6,193.90001
-25.127778,27.628889,20-11-2013,76.60000000000001,32.37,19.73,1.9,180.2,1.5,3.8000000000000003,72.8,107.4
-28.801278,31.955389,20-11-2013,63.800000000000004,30.859999,21.49,6.4,159.1,0.91999996,3.2,61.4,97.700005
-27.937778,31.209444,20-11-2013,65.5,29.81,18.69,5.2000003,158.3,1.02,3.3000000000000003,62.600002,95.700005
-28.404444,30.013056,20-11-2013,60.5,30.359999,16.99,11.3,163.7,1.1899999,3.0,62.2,101.5
-27.273889,28.49,20-11-2013,67.2,28.869999,15.5,3.8,160.1,1.13,3.4000000000000004,64.3,95.8
-28.883333,27.89,20-11-2013,48.6,29.41,15.32,9.1,160.1,1.29,2.4000000000000004,52.4,107.700005
-30.568333,29.422778,20-11-2013,64.4,27.63,14.32,23.0,150.8,0.90999997,3.2,100.700005,50.100002
-31.104278,29.399722,20-11-2013,65.9,28.849998,18.76,21.1,154.0,0.96,3.3000000000000003,98.8,55.2
-34.250556,20.9925,20-11-2013,51.7,29.67,18.33,3.1000001,168.1,1.09,2.6,49.3,118.8
-34.329722,18.990278,20-11-2013,55.0,25.34,16.859999,17.5,154.90001,0.71,2.7,56.9,98.0
-25.57877778,29.12747222,20-11-2013,83.9,30.01,17.24,1.4,167.40001,1.1899999,4.2,79.700005,87.700005
-27.5275,30.858056,21-11-2013,82.2,28.14,16.8,20.300001,151.7,0.84999996,4.1000000000000005,89.0,62.7
-28.116667,26.725278,21-11-2013,43.6,31.88,17.65,0.7,184.7,1.6999999,2.2,41.4,143.3
-28.69485,28.23487,21-11-2013,51.2,28.25,14.62,9.2,155.3,1.12,2.6,56.600002,98.700005
-30.86013889,29.07125,21-11-2013,61.5,29.099998,17.27,19.0,155.0,1.0799999,3.1,91.1,63.9
-30.570833,29.150556,21-11-2013,66.0,27.41,14.219999,18.4,150.2,0.94,3.3000000000000003,94.200005,56.0
-30.77586667,29.03221667,21-11-2013,62.400000000000006,29.0,16.89,18.0,155.1,1.0799999,3.1,90.1,65.0
-34.405833,19.600556,21-11-2013,53.800000000000004,26.449999,17.199999,8.900001,156.6,0.82,2.7,53.0,103.6
-33.897778,20.012778,21-11-2013,38.400000000000006,31.369999,17.66,4.7000003,180.6,1.5,1.9000000000000001,37.3,143.3
-27.902778,24.615556,22-11-2013,59.0,35.48,19.119999,0.2,211.90001,2.37,2.9000000000000004,56.0,155.90001
-31.031389,28.883333,22-11-2013,63.900000000000006,28.67,16.73,20.6,151.5,1.03,3.2,96.200005,55.3
-28.058889,30.373611,22-11-2013,67.4,28.68,15.75,14.6,157.90001,0.94,3.4000000000000004,71.8,86.1
-25.99136,27.84208,25-11-2013,90.0,29.199999,17.43,6.0,165.8,1.17,4.5,86.4,79.4
-29.7775,29.470833,25-11-2013,76.80000000000001,26.46,13.82,15.8,146.0,0.81,3.8000000000000003,100.1,45.9
-29.744167,29.905833,25-11-2013,57.0,28.789999,16.39,29.1,155.1,0.98999995,2.8000000000000003,104.200005,50.9
-26.45,28.085833,25-11-2013,75.2,28.869999,16.3,1.3000001,163.6,1.14,3.8000000000000003,71.5,92.1
-29.042222,24.6,25-11-2013,42.6,35.17,18.48,0.1,216.6,2.4299998,2.1,40.4,176.2
-33.38056,19.30167,25-11-2013,36.7,29.48,14.929999,8.0,190.6,1.42,1.8,36.4,154.2
-32.502778,19.535833,25-11-2013,15.700000000000001,33.89,17.039999,0.5,214.8,2.1699998,0.8,14.900001,199.90001
-28.338333,31.373611,25-11-2013,67.60000000000001,30.22,19.35,4.2000003,156.6,1.03,3.4000000000000004,64.6,92.0
-28.068333,31.55,25-11-2013,63.7,31.96,21.24,4.4,162.5,1.28,3.2,60.8,101.700005
-28.1175,26.719444,26-07-2011,52.400000000000006,32.5,16.35,2.3,193.3,1.79,2.6,50.0,143.3
-28.1175,26.719444,23-08-2011,52.400000000000006,32.5,16.35,2.3,193.3,1.79,2.6,50.0,143.3
-28.1175,26.719444,30-08-2011,52.400000000000006,32.5,16.35,2.3,193.3,1.79,2.6,50.0,143.3
-28.1175,26.719444,21-09-2011,52.400000000000006,32.5,16.35,2.3,193.3,1.79,2.6,50.0,143.3
-28.1175,26.719444,29-09-2011,52.400000000000006,32.5,16.35,2.3,193.3,1.79,2.6,50.0,143.3
-28.1175,26.719444,17-11-2011,52.400000000000006,32.5,16.35,2.3,193.3,1.79,2.6,50.0,143.3
-27.01011111,26.69808333,26-11-2013,69.60000000000001,31.22,17.539999,0.7,181.0,1.49,3.5,66.1,114.9
-31.860278,18.6875,26-11-2013,14.9,32.52,17.06,0.5,217.5,1.8499999,0.7000000000000001,14.2,203.3
-25.73411,27.21422,26-11-2013,95.80000000000001,30.16,17.1,9.5,168.6,1.25,4.800000000000001,93.8,74.8
-30.733889,29.828333,26-11-2013,66.3,28.359999,18.01,25.5,150.2,0.90999997,3.3000000000000003,106.9,43.3
-29.987778,29.851667,26-11-2013,61.6,27.939999,15.78,30.9,150.6,0.88,3.1,111.700005,38.9
-27.00222,28.76528,26-11-2013,69.60000000000001,28.49,15.179999,1.4,158.8,1.05,3.5,66.1,92.700005
-28.1175,26.719444,07-06-2012,136.20000000000002,29.26,15.5,1.1,179.40001,1.5,6.800000000000001,129.40001,50.0
-26.970278,27.211111,26-11-2013,67.9,30.289999,17.039999,1.0,172.7,1.35,3.4000000000000004,64.5,108.200005
-26.880278,26.965,26-11-2013,71.2,30.63,17.25,1.0,173.7,1.37,3.6,67.700005,106.0
-26.98472222,26.63227778,26-11-2013,72.60000000000001,31.38,17.8,0.8,180.40001,1.52,3.6,69.0,111.4
-29.160278,26.573333,26-11-2013,31.6,32.71,16.529999,0.7,192.6,1.86,1.6,30.1,162.5
-29.028629,24.638389,26-11-2013,44.1,35.07,18.369999,0.1,215.2,2.4099998,2.2,41.9,173.3
-28.69485,28.23487,26-11-2013,51.2,28.25,14.62,9.2,155.3,1.12,2.6,56.600002,98.700005
-28.1175,26.719444,17-07-2012,48.300000000000004,31.91,16.619999,1.0,191.7,1.73,2.4000000000000004,45.9,145.8
-33.501667,21.624167,26-11-2013,52.5,30.09,14.92,0.1,179.1,1.37,2.6,49.9,129.2
-32.595833,19.009444,26-11-2013,18.400000000000002,33.63,17.34,6.2000003,215.3,1.9699999,0.9,18.2,197.1
-28.1175,26.719444,17-09-2012,48.300000000000004,31.91,16.619999,1.0,191.7,1.73,2.4000000000000004,45.9,145.8
-25.45963889,28.26430556,26-11-2013,79.0,30.84,18.44,1.5,170.7,1.3,3.9000000000000004,75.1,95.6
-29.161667,23.696389,27-11-2013,33.300000000000004,36.17,19.07,0.1,225.5,2.6399999,1.7000000000000002,31.6,193.90001
-25.81048333,27.90955222,27-11-2013,87.4,30.08,18.35,1.4,168.90001,1.26,4.4,83.1,85.8
-24.670833,28.560833,27-11-2013,75.8,30.4,18.25,13.5,166.8,1.2099999,3.8000000000000003,75.700005,91.1
-30.398056,30.601944,27-11-2013,71.2,29.3,21.66,29.800001,156.6,0.88,3.6,118.9,37.7
-26.861111,28.884722,27-11-2013,72.7,28.109999,15.0,1.5,158.2,1.0,3.6,69.1,89.1
-29.033333,23.983333,27-11-2013,38.300000000000004,35.67,18.5,0.2,219.8,2.5,1.9000000000000001,36.4,183.40001
-28.69485,28.23487,27-11-2013,51.2,28.25,14.62,9.2,155.3,1.12,2.6,56.600002,98.700005
-29.615556,27.065278,27-11-2013,36.1,31.439999,15.95,0.7,179.6,1.68,1.8,34.3,145.3
-28.883333,27.89,27-11-2013,48.6,29.41,15.32,9.1,160.1,1.29,2.4000000000000004,52.4,107.700005
-33.7075,18.97444444,27-11-2013,36.2,31.01,18.22,11.8,195.7,1.4699999,1.8,36.9,158.8
-32.94583,18.33667,27-11-2013,17.6,29.46,17.49,6.1,191.7,1.27,0.9,17.800001,173.90001
-24.282222,28.090278,28-11-2013,95.80000000000001,30.25,18.6,2.0,162.40001,1.23,4.800000000000001,91.1,71.3
-30.13573889,30.67422222,28-11-2013,58.0,29.46,21.52,29.5,156.5,0.9,2.9000000000000004,105.700005,50.8
-28.1175,26.719444,18-07-2013,43.6,31.88,17.65,0.7,184.7,1.6999999,2.2,41.4,143.3
-33.31388889,19.07472222,28-11-2013,30.1,31.769999,17.49,10.8,200.1,1.64,1.5,30.9,169.2
-33.13083,18.86278,28-11-2013,26.1,32.3,18.38,9.7,193.6,1.74,1.3,26.800001,166.8
-29.744167,29.905833,29-11-2013,57.0,28.789999,16.39,29.1,155.1,0.98999995,2.8000000000000003,104.200005,50.9
-29.803611,30.516111,29-11-2013,41.7,28.65,18.39,30.800001,150.2,0.84999996,2.1,92.5,57.7
-26.73806,27.59194,01-12-2013,73.8,29.46,16.699999,1.1,166.2,1.24,3.7,70.1,96.1
-28.735556,29.820556,02-12-2013,54.900000000000006,30.91,17.109999,14.3,162.5,1.23,2.7,64.200005,98.3
-26.45,28.085833,02-12-2013,75.2,28.869999,16.3,1.3000001,163.6,1.14,3.8000000000000003,71.5,92.1
-25.127778,27.628889,03-12-2013,76.60000000000001,32.37,19.73,1.9,180.2,1.5,3.8000000000000003,72.8,107.4
-24.69514,27.40906,03-12-2013,81.9,32.34,20.67,2.3,180.3,1.54,4.1000000000000005,77.9,102.4
-27.273889,28.49,03-12-2013,67.2,28.869999,15.5,3.8,160.1,1.13,3.4000000000000004,64.3,95.8
-27.4275,28.525833,03-12-2013,65.10000000000001,28.81,15.19,8.400001,159.0,1.12,3.3000000000000003,65.0,94.0
-27.3,28.586944,03-12-2013,67.0,28.789999,15.33,4.7000003,159.8,1.11,3.3000000000000003,64.3,95.5
-27.398611,26.614722,03-12-2013,58.5,31.869999,17.77,0.8,187.40001,1.62,2.9000000000000004,55.600002,131.8
-30.160091,27.40124,03-12-2013,40.5,31.08,15.889999,0.90000004,172.7,1.5999999,2.0,38.5,134.2
-30.336111,27.359444,03-12-2013,41.300000000000004,31.07,15.46,0.90000004,175.0,1.5799999,2.1,39.3,135.7
-33.08883333,19.21878333,03-12-2013,31.5,29.019999,14.07,7.0,189.8,1.43,1.6,31.1,158.7
-27.4,26.624722,03-12-2013,58.5,31.869999,17.77,0.8,187.40001,1.62,2.9000000000000004,55.600002,131.8
-29.161667,23.696389,04-12-2013,33.300000000000004,36.17,19.07,0.1,225.5,2.6399999,1.7000000000000002,31.6,193.90001
-27.01011111,26.69808333,04-12-2013,69.60000000000001,31.22,17.539999,0.7,181.0,1.49,3.5,66.1,114.9
-29.641944,30.6875,04-12-2013,30.5,29.64,19.92,30.9,153.8,0.91999996,1.5,78.3,75.5
-28.1175,26.719444,19-05-2014,64.5,30.31,15.799999,0.5,186.2,1.61,3.2,61.3,124.9
-28.1175,26.719444,03-06-2014,64.5,30.31,15.799999,0.5,186.2,1.61,3.2,61.3,124.9
-25.20639,27.558,04-12-2013,77.60000000000001,32.12,19.55,1.9,178.40001,1.4599999,3.9000000000000004,73.8,104.6
-27.363611,31.783333,04-12-2013,54.6,31.66,20.56,7.3,154.3,1.16,2.7,52.4,101.9
-26.648056,27.089444,04-12-2013,75.2,29.99,16.84,1.0,171.1,1.27,3.8000000000000003,71.5,99.6
-26.970278,27.211111,04-12-2013,67.9,30.289999,17.039999,1.0,172.7,1.35,3.4000000000000004,64.5,108.200005
-26.880278,26.965,04-12-2013,71.2,30.63,17.25,1.0,173.7,1.37,3.6,67.700005,106.0
-26.98472222,26.63227778,04-12-2013,72.60000000000001,31.38,17.8,0.8,180.40001,1.52,3.6,69.0,111.4
-31.000833,26.353056,04-12-2013,31.700000000000003,31.32,14.589999,0.5,194.7,1.68,1.6,30.1,164.6
-30.679722,26.7125,04-12-2013,32.9,32.94,15.83,0.6,192.1,1.88,1.6,31.2,160.90001
-28.1175,26.719444,06-08-2014,38.0,31.88,16.449999,0.5,191.5,1.75,1.9000000000000001,36.100002,155.40001
-34.039722,22.133333,04-12-2013,73.3,27.23,18.16,2.2,150.2,0.77,3.7,69.8,80.4
-28.760833,17.730278,05-12-2013,15.9,36.94,22.02,0.0,240.3,3.04,0.8,15.1,225.2
-26.905,32.324722,05-12-2013,57.300000000000004,33.27,21.949999,7.8,156.40001,1.37,2.9000000000000004,54.9,101.5
-28.116667,26.725278,05-12-2013,43.6,31.88,17.65,0.7,184.7,1.6999999,2.2,41.4,143.3
-34.250556,20.9925,05-12-2013,51.7,29.67,18.33,3.1000001,168.1,1.09,2.6,49.3,118.8
-34.092222,21.295278,05-12-2013,55.7,29.89,17.47,1.7,163.8,1.15,2.8000000000000003,53.0,110.8
-23.658056,31.05,06-12-2013,69.2,32.26,21.81,0.90000004,152.2,1.37,3.5,65.8,86.4
-23.281,30.54305556,06-12-2013,121.5,31.24,21.529999,6.1,147.40001,1.31,6.1000000000000005,115.9,31.5
-27.02314,28.59389,07-12-2013,69.2,28.859999,15.5199995,1.4,160.8,1.11,3.5,65.8,95.0
-25.99136,27.84208,09-12-2013,90.0,29.199999,17.43,6.0,165.8,1.17,4.5,86.4,79.4
-27.935,26.126667,09-12-2013,48.1,32.09,17.02,0.7,189.6,1.6999999,2.4000000000000004,45.7,143.90001
-28.141944,26.417778,09-12-2013,43.6,32.079998,17.44,0.7,189.0,1.73,2.2,41.4,147.6
-28.1175,26.719444,09-12-2013,43.6,31.88,17.65,0.7,184.7,1.6999999,2.2,41.4,143.3
-28.116667,26.725278,09-12-2013,43.6,31.88,17.65,0.7,184.7,1.6999999,2.2,41.4,143.3
-25.73411,27.21422,10-12-2013,95.80000000000001,30.16,17.1,9.5,168.6,1.25,4.800000000000001,93.8,74.8
-25.45963889,28.26430556,10-12-2013,79.0,30.84,18.44,1.5,170.7,1.3,3.9000000000000004,75.1,95.6
-27.01011111,26.69808333,11-12-2013,69.60000000000001,31.22,17.539999,0.7,181.0,1.49,3.5,66.1,114.9
-25.81048333,27.90955222,11-12-2013,87.4,30.08,18.35,1.4,168.90001,1.26,4.4,83.1,85.8
-28.116667,26.725278,22-02-2011,84.0,29.539999,15.009999,2.5,188.7,1.5699999,4.2,80.1,108.6
-24.183889,30.823889,11-12-2013,75.9,31.88,21.58,2.3,154.90001,1.3399999,3.8000000000000003,72.1,82.8
-24.058889,31.237222,11-12-2013,73.4,31.99,21.63,1.0,152.3,1.3199999,3.7,69.700005,82.6
-28.116667,26.725278,26-07-2011,52.400000000000006,32.5,16.35,2.3,193.3,1.79,2.6,50.0,143.3
-28.116667,26.725278,23-08-2011,52.400000000000006,32.5,16.35,2.3,193.3,1.79,2.6,50.0,143.3
-28.116667,26.725278,21-09-2011,52.400000000000006,32.5,16.35,2.3,193.3,1.79,2.6,50.0,143.3
-28.116667,26.725278,18-10-2011,52.400000000000006,32.5,16.35,2.3,193.3,1.79,2.6,50.0,143.3
-28.116667,26.725278,14-12-2011,52.400000000000006,32.5,16.35,2.3,193.3,1.79,2.6,50.0,143.3
-28.116667,26.725278,18-01-2012,136.20000000000002,29.26,15.5,1.1,179.40001,1.5,6.800000000000001,129.40001,50.0
-28.116667,26.725278,15-02-2012,136.20000000000002,29.26,15.5,1.1,179.40001,1.5,6.800000000000001,129.40001,50.0
-28.116667,26.725278,14-03-2012,136.20000000000002,29.26,15.5,1.1,179.40001,1.5,6.800000000000001,129.40001,50.0
-26.03611,30.99778,11-12-2013,104.4,28.73,19.09,48.600002,155.5,1.02,5.2,121.700005,33.8
-27.5275,30.858056,11-12-2013,82.2,28.14,16.8,20.300001,151.7,0.84999996,4.1000000000000005,89.0,62.7
-28.75,30.442778,11-12-2013,50.2,31.82,18.88,8.6,167.2,1.29,2.5,50.100002,117.1
-28.116667,26.725278,09-05-2012,136.20000000000002,29.26,15.5,1.1,179.40001,1.5,6.800000000000001,129.40001,50.0
-28.116667,26.725278,29-05-2012,136.20000000000002,29.26,15.5,1.1,179.40001,1.5,6.800000000000001,129.40001,50.0
-28.116667,26.725278,06-06-2012,136.20000000000002,29.26,15.5,1.1,179.40001,1.5,6.800000000000001,129.40001,50.0
-28.116667,26.725278,14-06-2012,136.20000000000002,29.26,15.5,1.1,179.40001,1.5,6.800000000000001,129.40001,50.0
-28.116667,26.725278,21-06-2012,136.20000000000002,29.26,15.5,1.1,179.40001,1.5,6.800000000000001,129.40001,50.0
-28.116667,26.725278,04-07-2012,136.20000000000002,29.26,15.5,1.1,179.40001,1.5,6.800000000000001,129.40001,50.0
-28.116667,26.725278,01-08-2012,48.300000000000004,31.91,16.619999,1.0,191.7,1.73,2.4000000000000004,45.9,145.8
-28.116667,26.725278,29-08-2012,48.300000000000004,31.91,16.619999,1.0,191.7,1.73,2.4000000000000004,45.9,145.8
-28.116667,26.725278,17-09-2012,48.300000000000004,31.91,16.619999,1.0,191.7,1.73,2.4000000000000004,45.9,145.8
-28.116667,26.725278,24-10-2012,48.300000000000004,31.91,16.619999,1.0,191.7,1.73,2.4000000000000004,45.9,145.8
-28.116667,26.725278,15-11-2012,48.300000000000004,31.91,16.619999,1.0,191.7,1.73,2.4000000000000004,45.9,145.8
-28.404444,30.013056,11-12-2013,60.5,30.359999,16.99,11.3,163.7,1.1899999,3.0,62.2,101.5
-28.116667,26.725278,21-11-2012,48.300000000000004,31.91,16.619999,1.0,191.7,1.73,2.4000000000000004,45.9,145.8
-28.116667,26.725278,31-01-2013,120.10000000000001,29.039999,15.63,0.7,175.0,1.48,6.0,114.1,60.9
-28.116667,26.725278,08-02-2013,120.10000000000001,29.039999,15.63,0.7,175.0,1.48,6.0,114.1,60.9
-28.116667,26.725278,20-02-2013,120.10000000000001,29.039999,15.63,0.7,175.0,1.48,6.0,114.1,60.9
-28.116667,26.725278,14-03-2013,120.10000000000001,29.039999,15.63,0.7,175.0,1.48,6.0,114.1,60.9
-28.116667,26.725278,21-03-2013,120.10000000000001,29.039999,15.63,0.7,175.0,1.48,6.0,114.1,60.9
-29.161667,30.629722,11-12-2013,50.900000000000006,27.48,16.58,25.7,146.8,0.75,2.5,83.1,63.7
-26.648056,27.089444,11-12-2013,75.2,29.99,16.84,1.0,171.1,1.27,3.8000000000000003,71.5,99.6
-28.116667,26.725278,24-04-2013,120.10000000000001,29.039999,15.63,0.7,175.0,1.48,6.0,114.1,60.9
-26.970278,27.211111,11-12-2013,67.9,30.289999,17.039999,1.0,172.7,1.35,3.4000000000000004,64.5,108.200005
-26.880278,26.965,11-12-2013,71.2,30.63,17.25,1.0,173.7,1.37,3.6,67.700005,106.0
-27.38972222,26.46388889,11-12-2013,58.800000000000004,32.0,17.869999,0.8,189.40001,1.65,2.9000000000000004,55.9,133.5
-26.98472222,26.63227778,11-12-2013,72.60000000000001,31.38,17.8,0.8,180.40001,1.52,3.6,69.0,111.4
-28.116667,26.725278,16-07-2013,43.6,31.88,17.65,0.7,184.7,1.6999999,2.2,41.4,143.3
-28.116667,26.725278,14-08-2013,43.6,31.88,17.65,0.7,184.7,1.6999999,2.2,41.4,143.3
-28.141944,26.417778,11-12-2013,43.6,32.079998,17.44,0.7,189.0,1.73,2.2,41.4,147.6
-28.116667,26.725278,26-09-2013,43.6,31.88,17.65,0.7,184.7,1.6999999,2.2,41.4,143.3
-28.116667,26.725278,22-10-2013,43.6,31.88,17.65,0.7,184.7,1.6999999,2.2,41.4,143.3
-28.1175,26.719444,11-12-2013,43.6,31.88,17.65,0.7,184.7,1.6999999,2.2,41.4,143.3
-27.671111,27.236944,11-12-2013,51.400000000000006,31.09,16.76,0.8,178.40001,1.49,2.6,48.8,129.6
-28.768056,20.720556,11-12-2013,28.8,37.17,20.77,0.0,253.7,3.09,1.4000000000000001,27.4,226.3
-27.356667,27.286389,11-12-2013,58.5,30.619999,16.949999,0.90000004,176.6,1.41,2.9000000000000004,55.600002,121.0
-24.679167,30.8025,12-12-2013,121.2,26.26,16.88,94.6,140.1,0.74,6.1000000000000005,129.6,10.5
-27.937778,31.209444,12-12-2013,65.5,29.81,18.69,5.2000003,158.3,1.02,3.3000000000000003,62.600002,95.700005
-29.744167,29.905833,12-12-2013,57.0,28.789999,16.39,29.1,155.1,0.98999995,2.8000000000000003,104.200005,50.9
-26.98472222,26.63227778,12-12-2013,72.60000000000001,31.38,17.8,0.8,180.40001,1.52,3.6,69.0,111.4
-27.398611,26.614722,12-12-2013,58.5,31.869999,17.77,0.8,187.40001,1.62,2.9000000000000004,55.600002,131.8
-34.031944,22.053333,13-12-2013,71.10000000000001,27.42,17.76,2.0,151.6,0.81,3.6,67.6,84.0
-28.735556,29.820556,17-12-2013,54.900000000000006,30.91,17.109999,14.3,162.5,1.23,2.7,64.200005,98.3
-27.935,26.126667,17-12-2013,48.1,32.09,17.02,0.7,189.6,1.6999999,2.4000000000000004,45.7,143.90001
-28.141944,26.417778,17-12-2013,43.6,32.079998,17.44,0.7,189.0,1.73,2.2,41.4,147.6
-28.1175,26.719444,17-12-2013,43.6,31.88,17.65,0.7,184.7,1.6999999,2.2,41.4,143.3
-28.116667,26.725278,17-12-2013,43.6,31.88,17.65,0.7,184.7,1.6999999,2.2,41.4,143.3
-28.116667,26.725278,02-04-2014,64.5,30.31,15.799999,0.5,186.2,1.61,3.2,61.3,124.9
-29.160278,26.573333,17-12-2013,31.6,32.71,16.529999,0.7,192.6,1.86,1.6,30.1,162.5
-29.042222,24.6,17-12-2013,42.6,35.17,18.48,0.1,216.6,2.4299998,2.1,40.4,176.2
-29.028629,24.638389,17-12-2013,44.1,35.07,18.369999,0.1,215.2,2.4099998,2.2,41.9,173.3
-29.033333,23.983333,17-12-2013,38.300000000000004,35.67,18.5,0.2,219.8,2.5,1.9000000000000001,36.4,183.40001
-33.501667,21.624167,17-12-2013,52.5,30.09,14.92,0.1,179.1,1.37,2.6,49.9,129.2
-27.01011111,26.69808333,18-12-2013,69.60000000000001,31.22,17.539999,0.7,181.0,1.49,3.5,66.1,114.9
-22.225556,29.990556,18-12-2013,96.0,33.42,22.949999,0.2,154.7,1.75,4.800000000000001,91.200005,63.5
-25.127778,27.628889,18-12-2013,76.60000000000001,32.37,19.73,1.9,180.2,1.5,3.8000000000000003,72.8,107.4
-28.116667,26.725278,20-05-2014,64.5,30.31,15.799999,0.5,186.2,1.61,3.2,61.3,124.9
-25.20639,27.558,18-12-2013,77.60000000000001,32.12,19.55,1.9,178.40001,1.4599999,3.9000000000000004,73.8,104.6
-24.39619444,27.08983333,18-12-2013,77.10000000000001,32.73,20.789999,2.5,180.5,1.61,3.9000000000000004,73.3,107.200005
-28.116667,26.725278,02-07-2014,64.5,30.31,15.799999,0.5,186.2,1.61,3.2,61.3,124.9
-24.69514,27.40906,18-12-2013,81.9,32.34,20.67,2.3,180.3,1.54,4.1000000000000005,77.9,102.4
-28.116667,26.725278,15-07-2014,38.0,31.88,16.449999,0.5,191.5,1.75,1.9000000000000001,36.100002,155.40001
-27.602222,29.942778,18-12-2013,73.8,29.14,16.08,11.900001,161.7,1.03,3.7,74.0,87.700005
-29.380556,30.2775,18-12-2013,54.1,27.47,15.5199995,28.5,147.8,0.77,2.7,100.3,47.5
-28.116667,26.725278,29-07-2014,38.0,31.88,16.449999,0.5,191.5,1.75,1.9000000000000001,36.100002,155.40001
-28.116667,26.725278,18-08-2014,38.0,31.88,16.449999,0.5,191.5,1.75,1.9000000000000001,36.100002,155.40001
-28.116667,26.725278,20-08-2014,38.0,31.88,16.449999,0.5,191.5,1.75,1.9000000000000001,36.100002,155.40001
-26.648056,27.089444,18-12-2013,75.2,29.99,16.84,1.0,171.1,1.27,3.8000000000000003,71.5,99.6
-28.116667,26.725278,26-08-2014,38.0,31.88,16.449999,0.5,191.5,1.75,1.9000000000000001,36.100002,155.40001
-26.970278,27.211111,18-12-2013,67.9,30.289999,17.039999,1.0,172.7,1.35,3.4000000000000004,64.5,108.200005
-28.116667,26.725278,09-09-2014,38.0,31.88,16.449999,0.5,191.5,1.75,1.9000000000000001,36.100002,155.40001
-26.880278,26.965,18-12-2013,71.2,30.63,17.25,1.0,173.7,1.37,3.6,67.700005,106.0
-27.671111,27.236944,18-12-2013,51.400000000000006,31.09,16.76,0.8,178.40001,1.49,2.6,48.8,129.6
-28.116667,26.725278,15-10-2014,38.0,31.88,16.449999,0.5,191.5,1.75,1.9000000000000001,36.100002,155.40001
-24.058889,31.237222,19-12-2013,73.4,31.99,21.63,1.0,152.3,1.3199999,3.7,69.700005,82.6
-28.116667,26.725278,10-11-2014,38.0,31.88,16.449999,0.5,191.5,1.75,1.9000000000000001,36.100002,155.40001
-28.116667,26.725278,24-11-2014,38.0,31.88,16.449999,0.5,191.5,1.75,1.9000000000000001,36.100002,155.40001
-28.116667,26.725278,25-11-2014,38.0,31.88,16.449999,0.5,191.5,1.75,1.9000000000000001,36.100002,155.40001
-22.43772222,31.07805556,22-12-2013,104.5,33.93,22.119999,0.4,156.1,1.62,5.2,99.3,56.8
-28.116667,26.725278,05-01-2015,4.3,25.42,5.24,0.5,89.5,1.18,0.2,4.1,85.4
-25.99136,27.84208,23-12-2013,90.0,29.199999,17.43,6.0,165.8,1.17,4.5,86.4,79.4
-26.970278,27.211111,23-12-2013,67.9,30.289999,17.039999,1.0,172.7,1.35,3.4000000000000004,64.5,108.200005
-26.880278,26.965,23-12-2013,71.2,30.63,17.25,1.0,173.7,1.37,3.6,67.700005,106.0
-25.45963889,28.26430556,23-12-2013,79.0,30.84,18.44,1.5,170.7,1.3,3.9000000000000004,75.1,95.6
-27.01011111,26.69808333,24-12-2013,69.60000000000001,31.22,17.539999,0.7,181.0,1.49,3.5,66.1,114.9
-25.81048333,27.90955222,24-12-2013,87.4,30.08,18.35,1.4,168.90001,1.26,4.4,83.1,85.8
-28.116667,26.725278,10-03-2015,13.9,33.579998,16.869999,0.4,216.3,1.9799999,0.7000000000000001,13.2,203.1
-25.73411,27.21422,24-12-2013,95.80000000000001,30.16,17.1,9.5,168.6,1.25,4.800000000000001,93.8,74.8
-26.648056,27.089444,24-12-2013,75.2,29.99,16.84,1.0,171.1,1.27,3.8000000000000003,71.5,99.6
-26.98472222,26.63227778,24-12-2013,72.60000000000001,31.38,17.8,0.8,180.40001,1.52,3.6,69.0,111.4
-28.116667,26.725278,14-04-2015,13.9,33.579998,16.869999,0.4,216.3,1.9799999,0.7000000000000001,13.2,203.1
-28.116667,26.725278,15-04-2015,13.9,33.579998,16.869999,0.4,216.3,1.9799999,0.7000000000000001,13.2,203.1
-28.116667,26.725278,09-06-2015,13.9,33.579998,16.869999,0.4,216.3,1.9799999,0.7000000000000001,13.2,203.1
-28.116667,26.725278,24-06-2015,13.9,33.579998,16.869999,0.4,216.3,1.9799999,0.7000000000000001,13.2,203.1
-28.116667,26.725278,22-07-2015,13.9,33.579998,16.869999,0.4,216.3,1.9799999,0.7000000000000001,13.2,203.1
-28.116667,26.725278,12-08-2015,13.9,33.579998,16.869999,0.4,216.3,1.9799999,0.7000000000000001,13.2,203.1
-28.116667,26.725278,20-08-2015,13.9,33.579998,16.869999,0.4,216.3,1.9799999,0.7000000000000001,13.2,203.1
-28.116667,26.725278,08-09-2015,13.9,33.579998,16.869999,0.4,216.3,1.9799999,0.7000000000000001,13.2,203.1
-28.116667,26.725278,15-10-2015,13.9,33.579998,16.869999,0.4,216.3,1.9799999,0.7000000000000001,13.2,203.1
-28.116667,26.725278,03-11-2015,13.9,33.579998,16.869999,0.4,216.3,1.9799999,0.7000000000000001,13.2,203.1
-28.116667,26.725278,10-11-2015,13.9,33.579998,16.869999,0.4,216.3,1.9799999,0.7000000000000001,13.2,203.1
-29.161667,23.696389,25-12-2013,33.300000000000004,36.17,19.07,0.1,225.5,2.6399999,1.7000000000000002,31.6,193.90001
-28.96362,19.15486,28-12-2013,24.900000000000002,38.09,20.6,0.0,251.5,3.1599998,1.2000000000000002,23.6,227.90001
-28.1175,26.719444,30-12-2013,43.6,31.88,17.65,0.7,184.7,1.6999999,2.2,41.4,143.3
-29.161667,23.696389,01-01-2014,33.300000000000004,36.17,19.07,0.1,225.5,2.6399999,1.7000000000000002,31.6,193.90001
-29.140556,31.391944,01-01-2014,65.10000000000001,30.38,21.16,8.6,157.1,0.88,3.3000000000000003,63.100002,94.0
-28.747778,31.745833,01-01-2014,62.400000000000006,31.199999,21.369999,4.9,160.1,1.02,3.1,59.7,100.4
-25.99136,27.84208,06-01-2014,0.0,20.1,1.16,7.7000003,76.5,0.85999995,0.0,1.7,74.8
-26.45,28.085833,06-01-2014,0.0,19.55,-0.45,7.7000003,76.8,0.83,0.0,1.7,75.1
-27.935,26.126667,06-01-2014,0.0,19.439999,-2.01,0.6,72.8,0.79999995,0.0,0.0,72.8
-28.141944,26.417778,06-01-2014,0.0,18.89,-1.39,0.6,71.5,0.78999996,0.0,0.0,71.5
-28.1175,26.719444,06-01-2014,0.0,19.15,-0.64,0.6,73.0,0.82,0.0,0.0,73.0
-28.116667,26.725278,06-01-2014,0.0,19.15,-0.64,0.6,73.0,0.82,0.0,0.0,73.0
-27.169444,29.233889,07-01-2014,0.0,17.73,-2.4099998,6.3,68.700005,0.71999997,0.0,1.2,67.5
-26.861111,28.884722,07-01-2014,0.0,18.3,-2.48,7.9,74.200005,0.76,0.0,1.6,72.6
-27.273889,28.49,07-01-2014,0.0,18.38,-3.3,5.6,72.4,0.77,0.0,1.0,71.4
-25.45963889,28.26430556,07-01-2014,0.0,22.89,2.3899999,5.8,84.5,1.09,0.0,0.7,83.8
-29.161667,23.696389,08-01-2014,5.9,22.98,4.79,0.1,111.700005,1.16,0.30000000000000004,5.6,106.1
-27.01011111,26.69808333,08-01-2014,12.8,22.42,4.33,0.6,110.3,1.12,0.6000000000000001,12.2,98.1
-25.81048333,27.90955222,08-01-2014,3.5,24.07,5.66,5.5,110.9,1.23,0.2,4.1,106.8
-29.140556,31.391944,08-01-2014,52.400000000000006,25.18,13.679999,8.1,92.700005,0.82,2.6,50.9,41.8
-28.801278,31.955389,08-01-2014,48.900000000000006,25.539999,14.349999,12.7,93.3,0.78999996,2.4000000000000004,49.9,43.4
-28.75,30.442778,08-01-2014,2.3000000000000003,25.25,8.96,4.7000003,99.0,1.12,0.1,2.8,96.200005
-28.404444,30.013056,08-01-2014,2.6,23.99,6.21,5.6,100.200005,1.11,0.1,3.3,96.9
-29.744167,29.905833,08-01-2014,15.5,22.5,5.89,10.3,94.700005,0.94,0.8,16.4,78.3
-29.161667,30.629722,08-01-2014,5.2,21.58,8.2699995,9.400001,89.700005,0.85999995,0.30000000000000004,6.5,83.200005
-27.00222,28.76528,08-01-2014,5.7,21.279999,1.43,6.0,95.0,0.93,0.30000000000000004,6.3,88.700005
-27.02314,28.59389,08-01-2014,6.0,21.88,1.8499999,5.9,98.3,1.0,0.30000000000000004,6.5,91.8
-26.648056,27.089444,08-01-2014,13.0,22.46,3.9399998,4.3,108.5,1.12,0.7000000000000001,13.0,95.5
-26.970278,27.211111,08-01-2014,10.100000000000001,22.63,4.04,3.3,109.9,1.14,0.5,9.900001,100.0
-26.880278,26.965,08-01-2014,12.700000000000001,22.439999,3.98,3.0,109.4,1.11,0.6000000000000001,12.3,97.1
-27.273889,28.49,08-01-2014,8.1,21.31,1.16,4.9,94.1,0.95,0.4,8.400001,85.700005
-27.4275,28.525833,08-01-2014,8.0,20.99,1.0799999,4.3,92.700005,0.91999996,0.4,8.3,84.4
-27.3,28.586944,08-01-2014,7.9,21.25,1.2099999,4.7000003,94.200005,0.94,0.4,8.2,86.0
-26.98472222,26.63227778,08-01-2014,13.4,22.619999,4.72,0.7,111.1,1.14,0.7000000000000001,12.8,98.3
-27.044444,27.005,08-01-2014,12.4,22.43,3.8899999,1.4,108.6,1.11,0.6000000000000001,11.8,96.8
-28.69485,28.23487,08-01-2014,10.3,19.109999,2.48,3.3,87.3,0.79999995,0.5,10.3,77.0
-29.615556,27.065278,08-01-2014,8.8,19.82,2.6299999,0.6,94.700005,0.9,0.4,8.400001,86.3
-28.768056,20.720556,08-01-2014,2.7,24.26,7.1,0.0,123.8,1.37,0.1,2.5,121.3
-28.058889,30.373611,08-01-2014,2.3000000000000003,23.24,6.2799997,7.1,97.8,1.04,0.1,3.4,94.4
-27.937778,31.209444,09-01-2014,22.900000000000002,28.16,12.48,9.400001,127.3,1.3299999,1.1,23.1,104.200005
-27.5275,30.858056,09-01-2014,16.900000000000002,26.97,9.849999,9.8,122.0,1.23,0.8,17.800001,104.200005
-30.679722,26.7125,09-01-2014,12.600000000000001,25.279999,5.96,0.5,124.8,1.3,0.6000000000000001,11.900001,112.9
-30.160091,27.40124,09-01-2014,8.8,24.93,6.56,0.7,124.9,1.3299999,0.4,8.400001,116.5
-30.336111,27.359444,09-01-2014,11.3,24.71,6.31,0.8,124.6,1.3,0.6000000000000001,10.8,113.8
-27.671111,27.236944,10-01-2014,13.4,29.46,11.179999,0.6,188.40001,1.66,0.7000000000000001,12.7,175.7
-30.534167,24.961944,10-01-2014,6.0,28.64,10.19,0.0,189.7,1.66,0.30000000000000004,5.7000003,184.0
-29.380556,30.2775,13-01-2014,130.0,25.72,14.2699995,69.9,135.40001,0.74,6.5,131.0,4.4
-26.73806,27.59194,13-01-2014,130.0,27.939999,14.929999,3.1000001,164.40001,1.1899999,6.5,123.8,40.600002
-26.45,28.085833,13-01-2014,154.3,27.4,14.45,3.8,159.7,1.1,7.7,146.90001,12.8
-26.98472222,26.63227778,13-01-2014,93.4,29.789999,16.07,0.6,178.2,1.4399999,4.7,88.8,89.4
-27.01011111,26.69808333,14-01-2014,91.9,29.699999,15.98,0.6,180.0,1.43,4.6000000000000005,87.3,92.700005
-29.641944,30.6875,14-01-2014,113.9,27.65,18.609999,63.8,140.5,0.84,5.7,128.6,11.900001
-25.127778,27.628889,14-01-2014,185.3,31.48,18.26,6.9,173.40001,1.52,9.3,173.40001,0.0
-25.20639,27.558,14-01-2014,182.3,31.42,18.19,4.7000003,174.0,1.51,9.1,173.3,0.7
-24.69514,27.40906,14-01-2014,182.4,32.2,19.41,2.6000001,178.1,1.66,9.1,173.3,4.8
-25.73411,27.21422,14-01-2014,168.5,29.05,15.4,3.8,165.7,1.25,8.4,160.40001,5.3
-24.058889,31.237222,14-01-2014,203.5,31.949999,20.43,56.8,137.5,1.35,10.200000000000001,137.5,0.0
-26.861111,28.884722,14-01-2014,156.20000000000002,26.789999,13.45,4.4,156.1,0.98999995,7.800000000000001,148.8,7.3
-26.648056,27.089444,14-01-2014,118.9,28.789999,15.339999,2.9,168.6,1.28,5.9,113.200005,55.4
-26.970278,27.211111,14-01-2014,108.4,28.98,15.509999,2.4,170.40001,1.3299999,5.4,103.1,67.3
-26.880278,26.965,14-01-2014,104.80000000000001,29.41,15.83,2.2,172.40001,1.37,5.2,99.700005,72.700005
-26.98472222,26.63227778,14-01-2014,93.4,29.789999,16.07,0.6,178.2,1.4399999,4.7,88.8,89.4
-28.1175,26.719444,14-01-2014,64.5,30.31,15.799999,0.5,186.2,1.61,3.2,61.3,124.9
-27.044444,27.005,14-01-2014,98.2,29.48,15.78,1.2,174.8,1.39,4.9,93.3,81.5
-31.396,29.2651,14-01-2014,140.3,26.73,18.289999,5.3,133.3,0.81,7.0,133.3,0.0
-31.554722,29.245556,14-01-2014,150.1,25.49,17.25,24.4,123.6,0.64,7.5,123.6,0.0
-34.075556,20.145556,14-01-2014,2.3000000000000003,29.529999,15.73,2.2,181.7,1.36,0.1,2.3,179.40001
-28.338333,31.373611,14-01-2014,242.5,28.67,17.83,61.7,146.90001,0.95,40.1,146.90001,0.0
-28.068333,31.55,14-01-2014,230.4,30.8,20.27,65.3,154.90001,1.26,16.3,154.90001,0.0
-29.161667,23.696389,15-01-2014,23.6,34.53,17.02,0.1,221.2,2.45,1.2000000000000002,22.5,198.7
-24.39619444,27.08983333,15-01-2014,163.4,32.489998,19.67,1.9,175.2,1.7199999,8.200000000000001,155.3,19.9
-30.568333,29.422778,15-01-2014,135.5,25.369999,12.7699995,12.8,136.5,0.79999995,6.800000000000001,130.3,6.2000003
-30.570833,29.150556,15-01-2014,135.4,25.23,12.62,7.1,138.0,0.84,6.800000000000001,129.90001,8.1
-31.104278,29.399722,15-01-2014,142.20000000000002,26.49,16.96,8.6,132.6,0.82,7.1000000000000005,132.6,0.0
-22.769722,30.886944,16-01-2014,208.5,32.18,20.38,58.8,143.1,1.4399999,10.4,143.1,0.0
-28.44555556,32.325,12-03-2014,223.9,28.46,20.539999,74.8,140.7,0.76,16.400000000000002,140.7,0.0
-27.935,26.126667,16-01-2014,54.6,31.07,15.25,0.5,194.8,1.68,2.7,51.9,142.90001
-28.141944,26.417778,16-01-2014,61.0,30.81,15.549999,0.5,191.90001,1.68,3.0,57.9,134.0
-30.86013889,29.07125,16-01-2014,132.9,26.82,15.49,4.3,139.3,0.95,6.6000000000000005,126.700005,12.6
-30.77586667,29.03221667,16-01-2014,133.20000000000002,26.75,15.21,3.9,140.3,0.96,6.7,126.9,13.400001
-23.838611,31.640833,17-01-2014,185.4,33.14,21.01,35.4,141.5,1.51,9.3,141.5,0.0
-27.902778,24.615556,17-01-2014,43.0,33.66,17.24,0.2,210.3,2.22,2.1,40.8,169.5
-31.031389,28.883333,17-01-2014,136.8,26.42,14.98,4.8,137.90001,0.90999997,6.800000000000001,130.5,7.4
-29.042222,24.6,20-01-2014,31.0,33.489998,16.48,0.1,219.1,2.25,1.6,29.5,189.6
-29.033333,23.983333,20-01-2014,27.5,34.09,16.64,0.2,217.3,2.34,1.4000000000000001,26.2,191.1
-28.760833,17.730278,21-01-2014,0.5,35.54,19.539999,0.0,252.2,2.8999999,0.0,0.5,251.7
-24.670833,28.560833,21-01-2014,255.4,29.83,16.71,70.4,159.5,1.26,29.900000000000002,159.5,0.0
-28.141944,26.417778,21-01-2014,61.0,30.81,15.549999,0.5,191.90001,1.68,3.0,57.9,134.0
-28.1175,26.719444,21-01-2014,64.5,30.31,15.799999,0.5,186.2,1.61,3.2,61.3,124.9
-29.028629,24.638389,21-01-2014,31.8,33.41,16.41,0.1,218.2,2.24,1.6,30.2,188.0
-29.1825,23.575556,21-01-2014,21.5,34.5,17.06,0.1,226.40001,2.46,1.1,20.4,206.0
-34.031944,22.053333,21-01-2014,20.200000000000003,26.06,15.16,1.3000001,153.90001,0.78999996,1.0,19.300001,134.6
-34.039722,22.133333,21-01-2014,21.8,25.89,15.5,1.4,152.40001,0.75,1.1,20.800001,131.6
-25.57877778,29.12747222,21-01-2014,226.4,29.269999,15.839999,50.4,160.6,1.22,16.5,160.6,0.0
-29.161667,23.696389,22-01-2014,23.6,34.53,17.02,0.1,221.2,2.45,1.2000000000000002,22.5,198.7
-24.282222,28.090278,22-01-2014,219.70000000000002,29.84,17.3,52.9,157.3,1.31,11.0,157.3,0.0
-25.99136,27.84208,22-01-2014,177.9,27.859999,15.42,13.0,160.1,1.13,8.9,160.1,0.0
-24.925278,29.324444,22-01-2014,232.9,31.17,18.05,41.7,161.90001,1.39,30.3,161.90001,0.0
-27.363611,31.783333,22-01-2014,189.60000000000002,30.57,19.65,40.0,147.1,1.13,9.5,147.1,0.0
-27.602222,29.942778,22-01-2014,185.10000000000002,28.81,14.96,19.7,162.40001,1.14,9.3,162.40001,0.0
-29.744167,29.905833,22-01-2014,154.60000000000002,26.84,14.99,73.8,141.6,0.91999996,7.7,141.6,0.0
-26.45,28.085833,22-01-2014,154.3,27.4,14.45,3.8,159.7,1.1,7.7,146.90001,12.8
-27.671111,27.236944,22-01-2014,80.4,29.74,15.309999,0.6,177.90001,1.4599999,4.0,76.4,101.5
-34.02861,22.22222,22-01-2014,24.8,25.449999,15.25,1.5,149.2,0.7,1.2000000000000002,23.6,125.6
-34.405833,19.600556,22-01-2014,3.2,25.16,14.839999,9.0,158.3,0.81,0.2,5.0,153.3
-27.01011111,26.69808333,23-01-2014,91.9,29.699999,15.98,0.6,180.0,1.43,4.6000000000000005,87.3,92.700005
-26.905,32.324722,23-01-2014,151.6,32.219997,20.41,4.6,147.40001,1.26,7.6000000000000005,144.2,3.2
-27.169444,29.233889,23-01-2014,156.3,26.42,13.179999,3.6000001,152.1,0.93,7.800000000000001,148.8,3.3
-27.00222,28.76528,23-01-2014,149.20000000000002,27.08,13.599999,3.9,156.7,1.04,7.5,142.1,14.6
-26.648056,27.089444,23-01-2014,118.9,28.789999,15.339999,2.9,168.6,1.28,5.9,113.200005,55.4
-26.970278,27.211111,23-01-2014,108.4,28.98,15.509999,2.4,170.40001,1.3299999,5.4,103.1,67.3
-26.880278,26.965,23-01-2014,104.80000000000001,29.41,15.83,2.2,172.40001,1.37,5.2,99.700005,72.700005
-27.38972222,26.46388889,23-01-2014,74.10000000000001,30.619999,16.06,0.6,189.40001,1.5799999,3.7,70.4,119.0
-26.98472222,26.63227778,23-01-2014,93.4,29.789999,16.07,0.6,178.2,1.4399999,4.7,88.8,89.4
-27.398611,26.614722,23-01-2014,75.8,30.41,16.07,0.6,187.7,1.55,3.8000000000000003,72.0,115.700005
-25.45963889,28.26430556,23-01-2014,201.20000000000002,29.789999,16.67,30.5,164.7,1.28,10.100000000000001,164.7,0.0
-33.897778,20.012778,23-01-2014,2.0,30.31,15.37,1.9,193.5,1.4699999,0.1,2.0,191.5
-25.81048333,27.90955222,24-01-2014,182.20000000000002,28.859999,16.44,13.5,163.7,1.23,9.1,163.7,0.0
-29.803611,30.516111,26-01-2014,135.9,26.66,16.92,80.1,134.8,0.76,6.800000000000001,132.7,2.1000001
-30.733889,29.828333,27-01-2014,154.10000000000002,26.07,16.25,43.100002,130.7,0.77,7.7,130.7,0.0
-26.45,28.085833,27-01-2014,154.3,27.4,14.45,3.8,159.7,1.1,7.7,146.90001,12.8
-29.160278,26.573333,27-01-2014,58.2,30.519999,14.58,0.5,192.5,1.6899999,2.9000000000000004,55.3,137.2
-33.38056,19.30167,27-01-2014,2.2,27.97,13.0,8.6,195.7,1.3299999,0.1,4.0,191.7
-32.502778,19.535833,27-01-2014,0.6000000000000001,32.55,14.71,0.4,233.8,2.01,0.0,0.6,233.2
-27.01011111,26.69808333,28-01-2014,91.9,29.699999,15.98,0.6,180.0,1.43,4.6000000000000005,87.3,92.700005
-25.127778,27.628889,28-01-2014,185.3,31.48,18.26,6.9,173.40001,1.52,9.3,173.40001,0.0
-24.69514,27.40906,28-01-2014,182.4,32.2,19.41,2.6000001,178.1,1.66,9.1,173.3,4.8
-25.73411,27.21422,28-01-2014,168.5,29.05,15.4,3.8,165.7,1.25,8.4,160.40001,5.3
-28.735556,29.820556,28-01-2014,110.5,29.41,16.039999,15.900001,159.40001,1.22,5.5,132.3,27.1
-27.00222,28.76528,28-01-2014,149.20000000000002,27.08,13.599999,3.9,156.7,1.04,7.5,142.1,14.6
-26.648056,27.089444,28-01-2014,118.9,28.789999,15.339999,2.9,168.6,1.28,5.9,113.200005,55.4
-26.970278,27.211111,28-01-2014,108.4,28.98,15.509999,2.4,170.40001,1.3299999,5.4,103.1,67.3
-26.880278,26.965,28-01-2014,104.80000000000001,29.41,15.83,2.2,172.40001,1.37,5.2,99.700005,72.700005
-26.98472222,26.63227778,28-01-2014,93.4,29.789999,16.07,0.6,178.2,1.4399999,4.7,88.8,89.4
-27.398611,26.614722,28-01-2014,75.8,30.41,16.07,0.6,187.7,1.55,3.8000000000000003,72.0,115.700005
-33.501667,21.624167,28-01-2014,9.3,28.39,12.3,0.1,184.0,1.26,0.5,8.900001,175.1
-32.595833,19.009444,28-01-2014,0.9,32.48,15.0199995,3.1000001,223.1,1.86,0.0,1.0,222.1
-25.20639,27.558,29-01-2014,182.3,31.42,18.19,4.7000003,174.0,1.51,9.1,173.3,0.7
-28.768056,20.720556,29-01-2014,3.4000000000000004,36.43,17.619999,0.0,260.2,2.98,0.2,3.3,256.9
-33.13083,18.86278,29-01-2014,1.8,31.14,16.23,10.0,212.90001,1.67,0.1,3.9,209.0
-33.7075,18.97444444,29-01-2014,3.0,29.779999,16.039999,12.900001,203.90001,1.43,0.2,6.1,197.8
-32.94583,18.33667,29-01-2014,1.2000000000000002,28.09,15.12,5.8,197.8,1.1899999,0.1,2.1000001,195.7
-30.13573889,30.67422222,30-01-2014,141.6,27.349998,20.029999,62.100002,137.8,0.78,7.1000000000000005,136.3,1.5
-27.38972222,26.46388889,30-01-2014,74.10000000000001,30.619999,16.06,0.6,189.40001,1.5799999,3.7,70.4,119.0
-33.31388889,19.07472222,30-01-2014,2.2,30.599998,15.5199995,11.2,209.40001,1.5899999,0.1,4.6,204.8
-29.380556,30.2775,31-01-2014,130.0,25.72,14.2699995,69.9,135.40001,0.74,6.5,131.0,4.4
-22.769722,30.886944,03-02-2014,208.5,32.18,20.38,58.8,143.1,1.4399999,10.4,143.1,0.0
-26.73806,27.59194,03-02-2014,130.0,27.939999,14.929999,3.1000001,164.40001,1.1899999,6.5,123.8,40.600002
-26.45,28.085833,03-02-2014,154.3,27.4,14.45,3.8,159.7,1.1,7.7,146.90001,12.8
-33.08883333,19.21878333,03-02-2014,1.7000000000000002,27.48,12.15,5.6,198.90001,1.31,0.1,2.4,196.5
-28.747778,31.745833,04-02-2014,114.9,29.96,20.33,5.1,150.8,1.0,5.7,109.6,41.2
-27.398611,26.614722,04-02-2014,75.8,30.41,16.07,0.6,187.7,1.55,3.8000000000000003,72.0,115.700005
-25.45963889,28.26430556,04-02-2014,201.20000000000002,29.789999,16.67,30.5,164.7,1.28,10.100000000000001,164.7,0.0
-27.495556,26.074722,04-02-2014,65.60000000000001,30.849998,15.71,0.6,192.0,1.63,3.3000000000000003,62.4,129.6
-27.4,26.624722,04-02-2014,75.8,30.41,16.07,0.6,187.7,1.55,3.8000000000000003,72.0,115.700005
-28.760833,17.730278,05-02-2014,0.5,35.54,19.539999,0.0,252.2,2.8999999,0.0,0.5,251.7
-29.161667,23.696389,05-02-2014,23.6,34.53,17.02,0.1,221.2,2.45,1.2000000000000002,22.5,198.7
-27.01011111,26.69808333,05-02-2014,91.9,29.699999,15.98,0.6,180.0,1.43,4.6000000000000005,87.3,92.700005
-25.81048333,27.90955222,05-02-2014,182.20000000000002,28.859999,16.44,13.5,163.7,1.23,9.1,163.7,0.0
-29.140556,31.391944,05-02-2014,112.30000000000001,28.529999,19.8,5.5,143.3,0.77,5.6000000000000005,107.200005,36.100002
-28.801278,31.955389,05-02-2014,142.1,29.3,20.17,7.0,147.6,0.83,7.1000000000000005,135.8,11.8
-28.404444,30.013056,05-02-2014,110.60000000000001,29.119999,15.559999,17.1,160.8,1.18,5.5,134.40001,26.4
-29.744167,29.905833,05-02-2014,154.60000000000002,26.84,14.99,73.8,141.6,0.91999996,7.7,141.6,0.0
-26.970278,27.211111,05-02-2014,108.4,28.98,15.509999,2.4,170.40001,1.3299999,5.4,103.1,67.3
-26.880278,26.965,05-02-2014,104.80000000000001,29.41,15.83,2.2,172.40001,1.37,5.2,99.700005,72.700005
-26.98472222,26.63227778,05-02-2014,93.4,29.789999,16.07,0.6,178.2,1.4399999,4.7,88.8,89.4
-28.116667,26.725278,05-02-2014,64.5,30.31,15.799999,0.5,186.2,1.61,3.2,61.3,124.9
-27.044444,27.005,05-02-2014,98.2,29.48,15.78,1.2,174.8,1.39,4.9,93.3,81.5
-29.033333,23.983333,05-02-2014,27.5,34.09,16.64,0.2,217.3,2.34,1.4000000000000001,26.2,191.1
-28.69485,28.23487,05-02-2014,91.80000000000001,26.359999,13.08,10.1,157.3,1.0799999,4.6000000000000005,104.5,52.8
-27.937778,31.209444,06-02-2014,252.0,28.66,17.72,78.3,151.1,1.01,30.1,151.1,0.0
-30.160091,27.40124,06-02-2014,79.30000000000001,28.609999,13.88,0.7,173.5,1.42,4.0,75.4,98.1
-30.336111,27.359444,06-02-2014,79.7,28.64,13.41,0.7,173.6,1.41,4.0,75.8,97.8
-30.830556,26.921389,07-02-2014,66.4,29.33,13.03,0.6,177.6,1.4699999,3.3000000000000003,63.100002,114.5
-27.671111,27.236944,07-02-2014,80.4,29.74,15.309999,0.6,177.90001,1.4599999,4.0,76.4,101.5
-29.658056,25.973333,07-02-2014,42.1,30.32,14.53,0.4,194.1,1.73,2.1,40.0,154.1
-30.679722,26.7125,07-02-2014,61.2,30.199999,13.58,0.5,183.40001,1.5999999,3.1,58.2,125.200005
-29.641944,30.6875,08-02-2014,113.9,27.65,18.609999,63.8,140.5,0.84,5.7,128.6,11.900001
-26.648056,27.089444,10-02-2014,118.9,28.789999,15.339999,2.9,168.6,1.28,5.9,113.200005,55.4
-26.98472222,26.63227778,10-02-2014,93.4,29.789999,16.07,0.6,178.2,1.4399999,4.7,88.8,89.4
-31.396,29.2651,10-02-2014,140.3,26.73,18.289999,5.3,133.3,0.81,7.0,133.3,0.0
-31.554722,29.245556,10-02-2014,150.1,25.49,17.25,24.4,123.6,0.64,7.5,123.6,0.0
-27.01011111,26.69808333,11-02-2014,91.9,29.699999,15.98,0.6,180.0,1.43,4.6000000000000005,87.3,92.700005
-25.127778,27.628889,11-02-2014,185.3,31.48,18.26,6.9,173.40001,1.52,9.3,173.40001,0.0
-25.20639,27.558,11-02-2014,182.3,31.42,18.19,4.7000003,174.0,1.51,9.1,173.3,0.7
-24.69514,27.40906,11-02-2014,182.4,32.2,19.41,2.6000001,178.1,1.66,9.1,173.3,4.8
-26.970278,27.211111,11-02-2014,108.4,28.98,15.509999,2.4,170.40001,1.3299999,5.4,103.1,67.3
-26.880278,26.965,11-02-2014,104.80000000000001,29.41,15.83,2.2,172.40001,1.37,5.2,99.700005,72.700005
-27.802778,28.768333,11-02-2014,128.3,26.689999,12.82,11.5,153.90001,1.01,6.4,141.7,12.2
-26.98472222,26.63227778,11-02-2014,93.4,29.789999,16.07,0.6,178.2,1.4399999,4.7,88.8,89.4
-27.935,26.126667,11-02-2014,54.6,31.07,15.25,0.5,194.8,1.68,2.7,51.9,142.90001
-28.116667,26.725278,11-02-2014,64.5,30.31,15.799999,0.5,186.2,1.61,3.2,61.3,124.9
-27.044444,27.005,11-02-2014,98.2,29.48,15.78,1.2,174.8,1.39,4.9,93.3,81.5
-29.160278,26.573333,11-02-2014,58.2,30.519999,14.58,0.5,192.5,1.6899999,2.9000000000000004,55.3,137.2
-28.883333,27.89,11-02-2014,90.80000000000001,27.09,13.559999,10.900001,161.3,1.18,4.5,104.9,56.4
-30.568333,29.422778,11-02-2014,135.5,25.369999,12.7699995,12.8,136.5,0.79999995,6.800000000000001,130.3,6.2000003
-30.570833,29.150556,11-02-2014,135.4,25.23,12.62,7.1,138.0,0.84,6.800000000000001,129.90001,8.1
-31.104278,29.399722,11-02-2014,142.20000000000002,26.49,16.96,8.6,132.6,0.82,7.1000000000000005,132.6,0.0
-28.338333,31.373611,11-02-2014,242.5,28.67,17.83,61.7,146.90001,0.95,40.1,146.90001,0.0
-28.068333,31.55,11-02-2014,230.4,30.8,20.27,65.3,154.90001,1.26,16.3,154.90001,0.0
-29.161667,23.696389,12-02-2014,23.6,34.53,17.02,0.1,221.2,2.45,1.2000000000000002,22.5,198.7
-24.39619444,27.08983333,12-02-2014,163.4,32.489998,19.67,1.9,175.2,1.7199999,8.200000000000001,155.3,19.9
-23.658056,31.05,12-02-2014,172.70000000000002,32.16,20.539999,25.800001,139.0,1.4,8.6,139.0,0.0
-23.281,30.54305556,12-02-2014,174.5,31.13,20.22,32.4,140.40001,1.3299999,8.700000000000001,140.40001,0.0
-24.058889,31.237222,12-02-2014,203.5,31.949999,20.43,56.8,137.5,1.35,10.200000000000001,137.5,0.0
-28.75,30.442778,12-02-2014,108.80000000000001,30.32,17.76,16.300001,162.0,1.25,5.4,131.40001,30.6
-29.161667,30.629722,12-02-2014,123.10000000000001,26.07,15.12,57.2,138.1,0.74,6.2,130.3,7.8
-26.45,28.085833,12-02-2014,154.3,27.4,14.45,3.8,159.7,1.1,7.7,146.90001,12.8
-27.044444,27.005,12-02-2014,98.2,29.48,15.78,1.2,174.8,1.39,4.9,93.3,81.5
-29.615556,27.065278,12-02-2014,71.2,29.189999,13.889999,0.5,180.8,1.52,3.6,67.700005,113.1
-31.031389,28.883333,12-02-2014,136.8,26.42,14.98,4.8,137.90001,0.90999997,6.800000000000001,130.5,7.4
-30.86013889,29.07125,12-02-2014,132.9,26.82,15.49,4.3,139.3,0.95,6.6000000000000005,126.700005,12.6
-30.570833,29.150556,12-02-2014,135.4,25.23,12.62,7.1,138.0,0.84,6.800000000000001,129.90001,8.1
-30.77586667,29.03221667,12-02-2014,133.20000000000002,26.75,15.21,3.9,140.3,0.96,6.7,126.9,13.400001
-32.94583,18.33667,12-02-2014,1.2000000000000002,28.09,15.12,5.8,197.8,1.1899999,0.1,2.1000001,195.7
-28.44555556,32.325,09-04-2014,223.9,28.46,20.539999,74.8,140.7,0.76,16.400000000000002,140.7,0.0
-27.4275,28.525833,13-02-2014,130.9,27.119999,13.38,11.7,157.90001,1.0699999,6.5,133.6,24.300001
-34.031944,22.053333,13-02-2014,20.200000000000003,26.06,15.16,1.3000001,153.90001,0.78999996,1.0,19.300001,134.6
-34.329722,18.990278,13-02-2014,3.4000000000000004,24.109999,14.63,18.0,157.6,0.68,0.2,8.3,149.3
-33.13083,18.86278,13-02-2014,1.8,31.14,16.23,10.0,212.90001,1.67,0.1,3.9,209.0
-33.897778,20.012778,13-02-2014,2.0,30.31,15.37,1.9,193.5,1.4699999,0.1,2.0,191.5
-24.679167,30.8025,14-02-2014,374.20000000000005,26.49,15.67,125.9,133.7,0.84,129.0,133.7,0.0
-27.935,26.126667,14-02-2014,54.6,31.07,15.25,0.5,194.8,1.68,2.7,51.9,142.90001
-34.039722,22.133333,14-02-2014,21.8,25.89,15.5,1.4,152.40001,0.75,1.1,20.800001,131.6
-34.02861,22.22222,14-02-2014,24.8,25.449999,15.25,1.5,149.2,0.7,1.2000000000000002,23.6,125.6
-25.99136,27.84208,17-02-2014,177.9,27.859999,15.42,13.0,160.1,1.13,8.9,160.1,0.0
-28.735556,29.820556,17-02-2014,110.5,29.41,16.039999,15.900001,159.40001,1.22,5.5,132.3,27.1
-26.648056,27.089444,17-02-2014,118.9,28.789999,15.339999,2.9,168.6,1.28,5.9,113.200005,55.4
-27.935,26.126667,17-02-2014,54.6,31.07,15.25,0.5,194.8,1.68,2.7,51.9,142.90001
-28.1175,26.719444,17-02-2014,64.5,30.31,15.799999,0.5,186.2,1.61,3.2,61.3,124.9
-28.116667,26.725278,17-02-2014,64.5,30.31,15.799999,0.5,186.2,1.61,3.2,61.3,124.9
-29.042222,24.6,17-02-2014,31.0,33.489998,16.48,0.1,219.1,2.25,1.6,29.5,189.6
-29.033333,23.983333,17-02-2014,27.5,34.09,16.64,0.2,217.3,2.34,1.4000000000000001,26.2,191.1
-33.818056,19.694722,17-02-2014,2.2,29.89,15.04,6.0,200.1,1.43,0.1,3.3,196.8
-33.08883333,19.21878333,17-02-2014,1.7000000000000002,27.48,12.15,5.6,198.90001,1.31,0.1,2.4,196.5
-27.01011111,26.69808333,18-02-2014,91.9,29.699999,15.98,0.6,180.0,1.43,4.6000000000000005,87.3,92.700005
-27.602222,29.942778,18-02-2014,185.10000000000002,28.81,14.96,19.7,162.40001,1.14,9.3,162.40001,0.0
-26.970278,27.211111,18-02-2014,108.4,28.98,15.509999,2.4,170.40001,1.3299999,5.4,103.1,67.3
-26.880278,26.965,18-02-2014,104.80000000000001,29.41,15.83,2.2,172.40001,1.37,5.2,99.700005,72.700005
-26.98472222,26.63227778,18-02-2014,93.4,29.789999,16.07,0.6,178.2,1.4399999,4.7,88.8,89.4
-29.160278,26.573333,18-02-2014,58.2,30.519999,14.58,0.5,192.5,1.6899999,2.9000000000000004,55.3,137.2
-29.028629,24.638389,18-02-2014,31.8,33.41,16.41,0.1,218.2,2.24,1.6,30.2,188.0
-34.075556,20.145556,18-02-2014,2.3000000000000003,29.529999,15.73,2.2,181.7,1.36,0.1,2.3,179.40001
-32.595833,19.009444,18-02-2014,0.9,32.48,15.0199995,3.1000001,223.1,1.86,0.0,1.0,222.1
-25.45963889,28.26430556,18-02-2014,201.20000000000002,29.789999,16.67,30.5,164.7,1.28,10.100000000000001,164.7,0.0
-27.495556,26.074722,18-02-2014,65.60000000000001,30.849998,15.71,0.6,192.0,1.63,3.3000000000000003,62.4,129.6
-29.161667,23.696389,19-02-2014,23.6,34.53,17.02,0.1,221.2,2.45,1.2000000000000002,22.5,198.7
-25.81048333,27.90955222,19-02-2014,182.20000000000002,28.859999,16.44,13.5,163.7,1.23,9.1,163.7,0.0
-26.905,32.324722,19-02-2014,151.6,32.219997,20.41,4.6,147.40001,1.26,7.6000000000000005,144.2,3.2
-29.744167,29.905833,19-02-2014,154.60000000000002,26.84,14.99,73.8,141.6,0.91999996,7.7,141.6,0.0
-27.169444,29.233889,19-02-2014,156.3,26.42,13.179999,3.6000001,152.1,0.93,7.800000000000001,148.8,3.3
-27.00222,28.76528,19-02-2014,149.20000000000002,27.08,13.599999,3.9,156.7,1.04,7.5,142.1,14.6
-26.73806,27.59194,19-02-2014,130.0,27.939999,14.929999,3.1000001,164.40001,1.1899999,6.5,123.8,40.600002
-26.45,28.085833,19-02-2014,154.3,27.4,14.45,3.8,159.7,1.1,7.7,146.90001,12.8
-29.033333,23.983333,19-02-2014,27.5,34.09,16.64,0.2,217.3,2.34,1.4000000000000001,26.2,191.1
-28.69485,28.23487,19-02-2014,91.80000000000001,26.359999,13.08,10.1,157.3,1.0799999,4.6000000000000005,104.5,52.8
-28.883333,27.89,19-02-2014,90.80000000000001,27.09,13.559999,10.900001,161.3,1.18,4.5,104.9,56.4
-33.7075,18.97444444,19-02-2014,3.0,29.779999,16.039999,12.900001,203.90001,1.43,0.2,6.1,197.8
-25.57877778,29.12747222,19-02-2014,226.4,29.269999,15.839999,50.4,160.6,1.22,16.5,160.6,0.0
-30.830556,26.921389,20-02-2014,66.4,29.33,13.03,0.6,177.6,1.4699999,3.3000000000000003,63.100002,114.5
-28.1175,26.719444,20-02-2014,64.5,30.31,15.799999,0.5,186.2,1.61,3.2,61.3,124.9
-29.658056,25.973333,20-02-2014,42.1,30.32,14.53,0.4,194.1,1.73,2.1,40.0,154.1
-30.679722,26.7125,20-02-2014,61.2,30.199999,13.58,0.5,183.40001,1.5999999,3.1,58.2,125.200005
-30.160091,27.40124,20-02-2014,79.30000000000001,28.609999,13.88,0.7,173.5,1.42,4.0,75.4,98.1
-30.336111,27.359444,20-02-2014,79.7,28.64,13.41,0.7,173.6,1.41,4.0,75.8,97.8
-33.31388889,19.07472222,20-02-2014,2.2,30.599998,15.5199995,11.2,209.40001,1.5899999,0.1,4.6,204.8
-24.925278,29.324444,21-02-2014,232.9,31.17,18.05,41.7,161.90001,1.39,30.3,161.90001,0.0
-30.534167,24.961944,21-02-2014,26.5,31.84,14.7699995,0.0,210.7,1.9599999,1.3,25.2,185.5
-29.7775,29.470833,24-02-2014,169.5,24.81,12.46,42.9,137.8,0.78999996,31.700000000000003,137.8,0.0
-29.744167,29.905833,24-02-2014,154.60000000000002,26.84,14.99,73.8,141.6,0.91999996,7.7,141.6,0.0
-26.45,28.085833,24-02-2014,154.3,27.4,14.45,3.8,159.7,1.1,7.7,146.90001,12.8
-27.935,26.126667,24-02-2014,54.6,31.07,15.25,0.5,194.8,1.68,2.7,51.9,142.90001
-28.1175,26.719444,24-02-2014,64.5,30.31,15.799999,0.5,186.2,1.61,3.2,61.3,124.9
-28.116667,26.725278,24-02-2014,64.5,30.31,15.799999,0.5,186.2,1.61,3.2,61.3,124.9
-29.160278,26.573333,24-02-2014,58.2,30.519999,14.58,0.5,192.5,1.6899999,2.9000000000000004,55.3,137.2
-27.01011111,26.69808333,25-02-2014,91.9,29.699999,15.98,0.6,180.0,1.43,4.6000000000000005,87.3,92.700005
-25.127778,27.628889,25-02-2014,185.3,31.48,18.26,6.9,173.40001,1.52,9.3,173.40001,0.0
-24.39619444,27.08983333,25-02-2014,163.4,32.489998,19.67,1.9,175.2,1.7199999,8.200000000000001,155.3,19.9
-24.69514,27.40906,25-02-2014,182.4,32.2,19.41,2.6000001,178.1,1.66,9.1,173.3,4.8
-27.5275,30.858056,25-02-2014,325.70000000000005,27.18,15.849999,72.8,145.8,0.87,114.7,145.8,0.0
-30.733889,29.828333,25-02-2014,154.10000000000002,26.07,16.25,43.100002,130.7,0.77,7.7,130.7,0.0
-29.987778,29.851667,25-02-2014,158.10000000000002,25.97,14.33,76.6,135.40001,0.81,7.9,135.40001,0.0
-29.380556,30.2775,25-02-2014,130.0,25.72,14.2699995,69.9,135.40001,0.74,6.5,131.0,4.4
-26.861111,28.884722,25-02-2014,156.20000000000002,26.789999,13.45,4.4,156.1,0.98999995,7.800000000000001,148.8,7.3
-26.970278,27.211111,25-02-2014,108.4,28.98,15.509999,2.4,170.40001,1.3299999,5.4,103.1,67.3
-26.880278,26.965,25-02-2014,104.80000000000001,29.41,15.83,2.2,172.40001,1.37,5.2,99.700005,72.700005
-26.98472222,26.63227778,25-02-2014,93.4,29.789999,16.07,0.6,178.2,1.4399999,4.7,88.8,89.4
-27.044444,27.005,25-02-2014,98.2,29.48,15.78,1.2,174.8,1.39,4.9,93.3,81.5
-33.501667,21.624167,25-02-2014,9.3,28.39,12.3,0.1,184.0,1.26,0.5,8.900001,175.1
-28.058889,30.373611,25-02-2014,151.8,27.98,14.679999,45.4,155.7,1.01,7.6000000000000005,151.5,4.2000003
-29.161667,23.696389,26-02-2014,23.6,34.53,17.02,0.1,221.2,2.45,1.2000000000000002,22.5,198.7
-25.20639,27.558,26-02-2014,182.3,31.42,18.19,4.7000003,174.0,1.51,9.1,173.3,0.7
-25.73411,27.21422,26-02-2014,168.5,29.05,15.4,3.8,165.7,1.25,8.4,160.40001,5.3
-26.648056,27.089444,26-02-2014,118.9,28.789999,15.339999,2.9,168.6,1.28,5.9,113.200005,55.4
-28.116667,26.725278,26-02-2014,64.5,30.31,15.799999,0.5,186.2,1.61,3.2,61.3,124.9
-27.671111,27.236944,26-02-2014,80.4,29.74,15.309999,0.6,177.90001,1.4599999,4.0,76.4,101.5
-28.768056,20.720556,26-02-2014,3.4000000000000004,36.43,17.619999,0.0,260.2,2.98,0.2,3.3,256.9
-27.356667,27.286389,26-02-2014,91.9,29.38,15.46,0.7,177.3,1.39,4.6000000000000005,87.3,90.0
-30.13573889,30.67422222,27-02-2014,141.6,27.349998,20.029999,62.100002,137.8,0.78,7.1000000000000005,136.3,1.5
-30.398056,30.601944,27-02-2014,159.4,27.039999,20.08,47.100002,135.7,0.72999996,8.0,135.7,0.0
-27.902778,24.615556,28-02-2014,43.0,33.66,17.24,0.2,210.3,2.22,2.1,40.8,169.5
-29.803611,30.516111,28-02-2014,135.9,26.66,16.92,80.1,134.8,0.76,6.800000000000001,132.7,2.1000001
-26.73806,27.59194,03-03-2014,130.0,27.939999,14.929999,3.1000001,164.40001,1.1899999,6.5,123.8,40.600002
-26.45,28.085833,03-03-2014,154.3,27.4,14.45,3.8,159.7,1.1,7.7,146.90001,12.8
-27.935,26.126667,03-03-2014,54.6,31.07,15.25,0.5,194.8,1.68,2.7,51.9,142.90001
-28.116667,26.725278,03-03-2014,64.5,30.31,15.799999,0.5,186.2,1.61,3.2,61.3,124.9
-32.502778,19.535833,03-03-2014,0.6000000000000001,32.55,14.71,0.4,233.8,2.01,0.0,0.6,233.2
-27.356667,27.286389,03-03-2014,91.9,29.38,15.46,0.7,177.3,1.39,4.6000000000000005,87.3,90.0
-25.81048333,27.90955222,04-03-2014,182.20000000000002,28.859999,16.44,13.5,163.7,1.23,9.1,163.7,0.0
-26.861111,28.884722,04-03-2014,156.20000000000002,26.789999,13.45,4.4,156.1,0.98999995,7.800000000000001,148.8,7.3
-27.02314,28.59389,04-03-2014,145.3,27.3,13.71,3.9,158.2,1.0699999,7.300000000000001,138.40001,19.800001
-27.398611,26.614722,04-03-2014,75.8,30.41,16.07,0.6,187.7,1.55,3.8000000000000003,72.0,115.700005
-27.671111,27.236944,04-03-2014,80.4,29.74,15.309999,0.6,177.90001,1.4599999,4.0,76.4,101.5
-34.039722,22.133333,04-03-2014,21.8,25.89,15.5,1.4,152.40001,0.75,1.1,20.800001,131.6
-27.495556,26.074722,04-03-2014,65.60000000000001,30.849998,15.71,0.6,192.0,1.63,3.3000000000000003,62.4,129.6
-27.4,26.624722,04-03-2014,75.8,30.41,16.07,0.6,187.7,1.55,3.8000000000000003,72.0,115.700005
-29.161667,23.696389,05-03-2014,23.6,34.53,17.02,0.1,221.2,2.45,1.2000000000000002,22.5,198.7
-27.01011111,26.69808333,05-03-2014,91.9,29.699999,15.98,0.6,180.0,1.43,4.6000000000000005,87.3,92.700005
-29.140556,31.391944,05-03-2014,112.30000000000001,28.529999,19.8,5.5,143.3,0.77,5.6000000000000005,107.200005,36.100002
-29.744167,29.905833,05-03-2014,154.60000000000002,26.84,14.99,73.8,141.6,0.91999996,7.7,141.6,0.0
-26.880278,26.965,05-03-2014,104.80000000000001,29.41,15.83,2.2,172.40001,1.37,5.2,99.700005,72.700005
-26.98472222,26.63227778,05-03-2014,93.4,29.789999,16.07,0.6,178.2,1.4399999,4.7,88.8,89.4
-27.671111,27.236944,05-03-2014,80.4,29.74,15.309999,0.6,177.90001,1.4599999,4.0,76.4,101.5
-29.033333,23.983333,05-03-2014,27.5,34.09,16.64,0.2,217.3,2.34,1.4000000000000001,26.2,191.1
-34.02861,22.22222,05-03-2014,24.8,25.449999,15.25,1.5,149.2,0.7,1.2000000000000002,23.6,125.6
-33.13083,18.86278,05-03-2014,1.8,31.14,16.23,10.0,212.90001,1.67,0.1,3.9,209.0
-25.45963889,28.26430556,05-03-2014,201.20000000000002,29.789999,16.67,30.5,164.7,1.28,10.100000000000001,164.7,0.0
-22.769722,30.886944,06-03-2014,208.5,32.18,20.38,58.8,143.1,1.4399999,10.4,143.1,0.0
-27.937778,31.209444,06-03-2014,252.0,28.66,17.72,78.3,151.1,1.01,30.1,151.1,0.0
-26.648056,27.089444,06-03-2014,118.9,28.789999,15.339999,2.9,168.6,1.28,5.9,113.200005,55.4
-26.970278,27.211111,06-03-2014,108.4,28.98,15.509999,2.4,170.40001,1.3299999,5.4,103.1,67.3
-27.398611,26.614722,06-03-2014,75.8,30.41,16.07,0.6,187.7,1.55,3.8000000000000003,72.0,115.700005
-27.044444,27.005,06-03-2014,98.2,29.48,15.78,1.2,174.8,1.39,4.9,93.3,81.5
-29.651389,22.746389,06-03-2014,11.3,34.86,17.9,0.0,248.2,2.6499999,0.6000000000000001,10.8,237.40001
-29.1825,23.575556,06-03-2014,21.5,34.5,17.06,0.1,226.40001,2.46,1.1,20.4,206.0
-34.031944,22.053333,06-03-2014,20.200000000000003,26.06,15.16,1.3000001,153.90001,0.78999996,1.0,19.300001,134.6
-33.7075,18.97444444,06-03-2014,3.0,29.779999,16.039999,12.900001,203.90001,1.43,0.2,6.1,197.8
-32.94583,18.33667,06-03-2014,1.2000000000000002,28.09,15.12,5.8,197.8,1.1899999,0.1,2.1000001,195.7
-28.058889,30.373611,06-03-2014,151.8,27.98,14.679999,45.4,155.7,1.01,7.6000000000000005,151.5,4.2000003
-28.404444,30.013056,07-03-2014,110.60000000000001,29.119999,15.559999,17.1,160.8,1.18,5.5,134.40001,26.4
-28.116667,26.725278,07-03-2014,64.5,30.31,15.799999,0.5,186.2,1.61,3.2,61.3,124.9
-29.651389,22.746389,07-03-2014,11.3,34.86,17.9,0.0,248.2,2.6499999,0.6000000000000001,10.8,237.40001
-34.005833,22.351111,07-03-2014,29.3,24.9,15.299999,1.7,146.0,0.65,1.5,27.9,118.1
-29.380556,30.2775,08-03-2014,130.0,25.72,14.2699995,69.9,135.40001,0.74,6.5,131.0,4.4
-26.45,28.085833,10-03-2014,154.3,27.4,14.45,3.8,159.7,1.1,7.7,146.90001,12.8
-26.98472222,26.63227778,10-03-2014,93.4,29.789999,16.07,0.6,178.2,1.4399999,4.7,88.8,89.4
-28.1175,26.719444,10-03-2014,64.5,30.31,15.799999,0.5,186.2,1.61,3.2,61.3,124.9
-31.396,29.2651,10-03-2014,140.3,26.73,18.289999,5.3,133.3,0.81,7.0,133.3,0.0
-31.554722,29.245556,10-03-2014,150.1,25.49,17.25,24.4,123.6,0.64,7.5,123.6,0.0
-27.01011111,26.69808333,11-03-2014,91.9,29.699999,15.98,0.6,180.0,1.43,4.6000000000000005,87.3,92.700005
-24.183889,30.823889,11-03-2014,236.5,31.4,19.81,86.8,139.7,1.29,11.8,139.7,0.0
-26.861111,28.884722,11-03-2014,156.20000000000002,26.789999,13.45,4.4,156.1,0.98999995,7.800000000000001,148.8,7.3
-26.648056,27.089444,11-03-2014,118.9,28.789999,15.339999,2.9,168.6,1.28,5.9,113.200005,55.4
-26.970278,27.211111,11-03-2014,108.4,28.98,15.509999,2.4,170.40001,1.3299999,5.4,103.1,67.3
-26.880278,26.965,11-03-2014,104.80000000000001,29.41,15.83,2.2,172.40001,1.37,5.2,99.700005,72.700005
-26.98472222,26.63227778,11-03-2014,93.4,29.789999,16.07,0.6,178.2,1.4399999,4.7,88.8,89.4
-27.902778,24.615556,02-08-2012,48.5,35.71,18.05,0.3,229.7,2.4299998,2.4000000000000004,46.0,183.7
-27.044444,27.005,11-03-2014,98.2,29.48,15.78,1.2,174.8,1.39,4.9,93.3,81.5
-30.568333,29.422778,11-03-2014,135.5,25.369999,12.7699995,12.8,136.5,0.79999995,6.800000000000001,130.3,6.2000003
-30.570833,29.150556,11-03-2014,135.4,25.23,12.62,7.1,138.0,0.84,6.800000000000001,129.90001,8.1
-31.104278,29.399722,11-03-2014,142.20000000000002,26.49,16.96,8.6,132.6,0.82,7.1000000000000005,132.6,0.0
-34.092222,21.295278,11-03-2014,11.5,28.039999,15.23,1.1,168.8,1.0799999,0.6000000000000001,10.900001,157.90001
-29.161667,23.696389,12-03-2014,23.6,34.53,17.02,0.1,221.2,2.45,1.2000000000000002,22.5,198.7
-28.7115,24.07288889,12-03-2014,29.200000000000003,34.07,16.94,0.2,216.3,2.34,1.5,27.800001,188.5
-29.641944,30.6875,12-03-2014,113.9,27.65,18.609999,63.8,140.5,0.84,5.7,128.6,11.900001
-27.902778,24.615556,20-06-2013,93.9,32.34,17.029999,0.2,198.40001,2.04,4.7,89.200005,109.200005
-24.034167,31.123611,12-03-2014,218.10000000000002,31.41,19.98,72.5,137.8,1.28,10.9,137.8,0.0
-28.44555556,32.325,07-05-2014,223.9,28.46,20.539999,74.8,140.7,0.76,16.400000000000002,140.7,0.0
-28.75,30.442778,12-03-2014,108.80000000000001,30.32,17.76,16.300001,162.0,1.25,5.4,131.40001,30.6
-29.161667,30.629722,12-03-2014,123.10000000000001,26.07,15.12,57.2,138.1,0.74,6.2,130.3,7.8
-27.02314,28.59389,12-03-2014,145.3,27.3,13.71,3.9,158.2,1.0699999,7.300000000000001,138.40001,19.800001
-27.273889,28.49,12-03-2014,133.9,27.21,13.58,7.6,158.8,1.0799999,6.7,129.2,29.6
-27.4275,28.525833,12-03-2014,130.9,27.119999,13.38,11.7,157.90001,1.0699999,6.5,133.6,24.300001
-27.3,28.586944,12-03-2014,135.4,27.24,13.509999,9.1,158.0,1.0699999,6.800000000000001,131.90001,26.1
-27.902778,24.615556,02-01-2014,83.30000000000001,32.61,18.5,0.2,152.40001,1.79,4.2,79.1,73.3
-27.935,26.126667,12-03-2014,54.6,31.07,15.25,0.5,194.8,1.68,2.7,51.9,142.90001
-28.141944,26.417778,12-03-2014,61.0,30.81,15.549999,0.5,191.90001,1.68,3.0,57.9,134.0
-29.651389,22.746389,12-03-2014,11.3,34.86,17.9,0.0,248.2,2.6499999,0.6000000000000001,10.8,237.40001
-31.031389,28.883333,12-03-2014,136.8,26.42,14.98,4.8,137.90001,0.90999997,6.800000000000001,130.5,7.4
-30.86013889,29.07125,12-03-2014,132.9,26.82,15.49,4.3,139.3,0.95,6.6000000000000005,126.700005,12.6
-30.77586667,29.03221667,12-03-2014,133.20000000000002,26.75,15.21,3.9,140.3,0.96,6.7,126.9,13.400001
-27.902778,24.615556,23-05-2014,43.0,33.66,17.24,0.2,210.3,2.22,2.1,40.8,169.5
-28.338333,31.373611,12-03-2014,242.5,28.67,17.83,61.7,146.90001,0.95,40.1,146.90001,0.0
-28.068333,31.55,12-03-2014,230.4,30.8,20.27,65.3,154.90001,1.26,16.3,154.90001,0.0
-24.679167,30.8025,13-03-2014,374.20000000000005,26.49,15.67,125.9,133.7,0.84,129.0,133.7,0.0
-25.20639,27.558,13-03-2014,182.3,31.42,18.19,4.7000003,174.0,1.51,9.1,173.3,0.7
-27.573056,24.746389,13-03-2014,49.900000000000006,33.27,16.98,0.3,211.90001,2.11,2.5,47.4,164.5
-31.394444,20.947222,13-03-2014,2.0,32.16,14.059999,0.0,240.3,2.18,0.1,1.9,238.40001
-33.08883333,19.21878333,13-03-2014,1.7000000000000002,27.48,12.15,5.6,198.90001,1.31,0.1,2.4,196.5
-33.897778,20.012778,13-03-2014,2.0,30.31,15.37,1.9,193.5,1.4699999,0.1,2.0,191.5
-27.902778,24.615556,14-03-2014,43.0,33.66,17.24,0.2,210.3,2.22,2.1,40.8,169.5
-27.573056,24.746389,15-03-2014,49.900000000000006,33.27,16.98,0.3,211.90001,2.11,2.5,47.4,164.5
-28.96362,19.15486,15-03-2014,0.9,36.719997,17.63,0.0,262.0,3.0,0.0,0.90000004,261.1
-27.902778,24.615556,21-11-2014,39.0,35.41,18.3,0.2,223.7,2.3999999,2.0,37.100002,186.6
-25.99136,27.84208,17-03-2014,177.9,27.859999,15.42,13.0,160.1,1.13,8.9,160.1,0.0
-28.735556,29.820556,17-03-2014,110.5,29.41,16.039999,15.900001,159.40001,1.22,5.5,132.3,27.1
-26.73806,27.59194,17-03-2014,130.0,27.939999,14.929999,3.1000001,164.40001,1.1899999,6.5,123.8,40.600002
-27.935,26.126667,17-03-2014,54.6,31.07,15.25,0.5,194.8,1.68,2.7,51.9,142.90001
-28.1175,26.719444,17-03-2014,64.5,30.31,15.799999,0.5,186.2,1.61,3.2,61.3,124.9
-28.116667,26.725278,17-03-2014,64.5,30.31,15.799999,0.5,186.2,1.61,3.2,61.3,124.9
-29.042222,24.6,17-03-2014,31.0,33.489998,16.48,0.1,219.1,2.25,1.6,29.5,189.6
-29.033333,23.983333,17-03-2014,27.5,34.09,16.64,0.2,217.3,2.34,1.4000000000000001,26.2,191.1
-23.658056,31.05,18-03-2014,172.70000000000002,32.16,20.539999,25.800001,139.0,1.4,8.6,139.0,0.0
-23.281,30.54305556,18-03-2014,174.5,31.13,20.22,32.4,140.40001,1.3299999,8.700000000000001,140.40001,0.0
-27.169444,29.233889,18-03-2014,156.3,26.42,13.179999,3.6000001,152.1,0.93,7.800000000000001,148.8,3.3
-26.861111,28.884722,18-03-2014,156.20000000000002,26.789999,13.45,4.4,156.1,0.98999995,7.800000000000001,148.8,7.3
-26.98472222,26.63227778,18-03-2014,93.4,29.789999,16.07,0.6,178.2,1.4399999,4.7,88.8,89.4
-29.028629,24.638389,18-03-2014,31.8,33.41,16.41,0.1,218.2,2.24,1.6,30.2,188.0
-33.38056,19.30167,18-03-2014,2.2,27.97,13.0,8.6,195.7,1.3299999,0.1,4.0,191.7
-33.31388889,19.07472222,18-03-2014,2.2,30.599998,15.5199995,11.2,209.40001,1.5899999,0.1,4.6,204.8
-25.45963889,28.26430556,18-03-2014,201.20000000000002,29.789999,16.67,30.5,164.7,1.28,10.100000000000001,164.7,0.0
-27.495556,26.074722,18-03-2014,65.60000000000001,30.849998,15.71,0.6,192.0,1.63,3.3000000000000003,62.4,129.6
-25.447222,30.711667,18-03-2014,293.0,27.88,17.06,152.90001,140.3,0.91999996,14.700000000000001,140.3,0.0
-29.161667,23.696389,19-03-2014,23.6,34.53,17.02,0.1,221.2,2.45,1.2000000000000002,22.5,198.7
-27.01011111,26.69808333,19-03-2014,91.9,29.699999,15.98,0.6,180.0,1.43,4.6000000000000005,87.3,92.700005
-25.81048333,27.90955222,19-03-2014,182.20000000000002,28.859999,16.44,13.5,163.7,1.23,9.1,163.7,0.0
-27.363611,31.783333,19-03-2014,189.60000000000002,30.57,19.65,40.0,147.1,1.13,9.5,147.1,0.0
-26.648056,27.089444,19-03-2014,118.9,28.789999,15.339999,2.9,168.6,1.28,5.9,113.200005,55.4
-26.970278,27.211111,19-03-2014,108.4,28.98,15.509999,2.4,170.40001,1.3299999,5.4,103.1,67.3
-26.880278,26.965,19-03-2014,104.80000000000001,29.41,15.83,2.2,172.40001,1.37,5.2,99.700005,72.700005
-27.044444,27.005,19-03-2014,98.2,29.48,15.78,1.2,174.8,1.39,4.9,93.3,81.5
-27.573056,24.746389,19-03-2014,49.900000000000006,33.27,16.98,0.3,211.90001,2.11,2.5,47.4,164.5
-29.033333,23.983333,19-03-2014,27.5,34.09,16.64,0.2,217.3,2.34,1.4000000000000001,26.2,191.1
-28.376944,24.303056,29-09-2011,46.6,36.329998,17.51,0.3,220.8,2.57,2.3000000000000003,44.3,176.5
-28.376944,24.303056,20-11-2011,46.6,36.329998,17.51,0.3,220.8,2.57,2.3000000000000003,44.3,176.5
-28.376944,24.303056,08-12-2011,46.6,36.329998,17.51,0.3,220.8,2.57,2.3000000000000003,44.3,176.5
-32.595833,19.009444,19-03-2014,0.9,32.48,15.0199995,3.1000001,223.1,1.86,0.0,1.0,222.1
-28.376944,24.303056,19-01-2012,102.0,32.37,16.77,0.3,204.3,2.1,5.1000000000000005,96.9,107.4
-26.03611,30.99778,20-03-2014,363.6,28.5,18.08,139.7,148.1,1.0699999,91.30000000000001,148.1,0.0
-27.602222,29.942778,20-03-2014,185.10000000000002,28.81,14.96,19.7,162.40001,1.14,9.3,162.40001,0.0
-29.744167,29.905833,20-03-2014,154.60000000000002,26.84,14.99,73.8,141.6,0.91999996,7.7,141.6,0.0
-28.376944,24.303056,05-07-2012,102.0,32.37,16.77,0.3,204.3,2.1,5.1000000000000005,96.9,107.4
-28.376944,24.303056,11-07-2012,46.7,36.0,17.789999,0.3,231.8,2.52,2.3000000000000003,44.4,187.40001
-29.7775,29.470833,24-03-2014,169.5,24.81,12.46,42.9,137.8,0.78999996,31.700000000000003,137.8,0.0
-28.376944,24.303056,16-08-2012,46.7,36.0,17.789999,0.3,231.8,2.52,2.3000000000000003,44.4,187.40001
-28.376944,24.303056,30-08-2012,46.7,36.0,17.789999,0.3,231.8,2.52,2.3000000000000003,44.4,187.40001
-28.376944,24.303056,27-09-2012,46.7,36.0,17.789999,0.3,231.8,2.52,2.3000000000000003,44.4,187.40001
-28.376944,24.303056,17-01-2013,86.9,32.399998,17.0,0.2,200.90001,2.1,4.3,82.6,118.3
-28.376944,24.303056,28-02-2013,86.9,32.399998,17.0,0.2,200.90001,2.1,4.3,82.6,118.3
-29.987778,29.851667,24-03-2014,158.10000000000002,25.97,14.33,76.6,135.40001,0.81,7.9,135.40001,0.0
-28.376944,24.303056,14-03-2013,86.9,32.399998,17.0,0.2,200.90001,2.1,4.3,82.6,118.3
-28.376944,24.303056,11-04-2013,86.9,32.399998,17.0,0.2,200.90001,2.1,4.3,82.6,118.3
-28.376944,24.303056,25-04-2013,86.9,32.399998,17.0,0.2,200.90001,2.1,4.3,82.6,118.3
-28.376944,24.303056,09-05-2013,86.9,32.399998,17.0,0.2,200.90001,2.1,4.3,82.6,118.3
-28.376944,24.303056,20-06-2013,86.9,32.399998,17.0,0.2,200.90001,2.1,4.3,82.6,118.3
-28.376944,24.303056,04-07-2013,86.9,32.399998,17.0,0.2,200.90001,2.1,4.3,82.6,118.3
-28.376944,24.303056,18-07-2013,53.300000000000004,35.77,18.88,0.2,214.8,2.48,2.7,50.600002,164.2
-28.376944,24.303056,01-08-2013,53.300000000000004,35.77,18.88,0.2,214.8,2.48,2.7,50.600002,164.2
-28.376944,24.303056,15-08-2013,53.300000000000004,35.77,18.88,0.2,214.8,2.48,2.7,50.600002,164.2
-28.376944,24.303056,29-08-2013,53.300000000000004,35.77,18.88,0.2,214.8,2.48,2.7,50.600002,164.2
-28.376944,24.303056,12-09-2013,53.300000000000004,35.77,18.88,0.2,214.8,2.48,2.7,50.600002,164.2
-28.376944,24.303056,26-09-2013,53.300000000000004,35.77,18.88,0.2,214.8,2.48,2.7,50.600002,164.2
-28.376944,24.303056,10-10-2013,53.300000000000004,35.77,18.88,0.2,214.8,2.48,2.7,50.600002,164.2
-28.376944,24.303056,24-10-2013,53.300000000000004,35.77,18.88,0.2,214.8,2.48,2.7,50.600002,164.2
-28.376944,24.303056,07-11-2013,53.300000000000004,35.77,18.88,0.2,214.8,2.48,2.7,50.600002,164.2
-28.376944,24.303056,21-11-2013,53.300000000000004,35.77,18.88,0.2,214.8,2.48,2.7,50.600002,164.2
-28.376944,24.303056,02-01-2014,78.5,32.82,18.23,0.2,154.6,1.86,3.9000000000000004,74.5,80.1
-28.376944,24.303056,16-01-2014,35.2,33.579998,17.109999,0.2,212.7,2.25,1.8,33.4,179.3
-28.376944,24.303056,30-01-2014,35.2,33.579998,17.109999,0.2,212.7,2.25,1.8,33.4,179.3
-28.376944,24.303056,27-02-2014,35.2,33.579998,17.109999,0.2,212.7,2.25,1.8,33.4,179.3
-29.744167,29.905833,24-03-2014,154.60000000000002,26.84,14.99,73.8,141.6,0.91999996,7.7,141.6,0.0
-26.45,28.085833,24-03-2014,154.3,27.4,14.45,3.8,159.7,1.1,7.7,146.90001,12.8
-27.935,26.126667,24-03-2014,54.6,31.07,15.25,0.5,194.8,1.68,2.7,51.9,142.90001
-28.141944,26.417778,24-03-2014,61.0,30.81,15.549999,0.5,191.90001,1.68,3.0,57.9,134.0
-28.376944,24.303056,05-06-2014,35.2,33.579998,17.109999,0.2,212.7,2.25,1.8,33.4,179.3
-28.1175,26.719444,24-03-2014,64.5,30.31,15.799999,0.5,186.2,1.61,3.2,61.3,124.9
-22.225556,29.990556,25-03-2014,115.0,33.01,21.64,0.2,151.40001,1.7099999,5.800000000000001,109.3,42.100002
-25.127778,27.628889,25-03-2014,185.3,31.48,18.26,6.9,173.40001,1.52,9.3,173.40001,0.0
-24.39619444,27.08983333,25-03-2014,163.4,32.489998,19.67,1.9,175.2,1.7199999,8.200000000000001,155.3,19.9
-24.69514,27.40906,25-03-2014,182.4,32.2,19.41,2.6000001,178.1,1.66,9.1,173.3,4.8
-28.376944,24.303056,23-10-2014,35.7,35.7,18.1,0.2,225.6,2.48,1.8,34.0,191.6
-30.733889,29.828333,25-03-2014,154.10000000000002,26.07,16.25,43.100002,130.7,0.77,7.7,130.7,0.0
-26.861111,28.884722,25-03-2014,156.20000000000002,26.789999,13.45,4.4,156.1,0.98999995,7.800000000000001,148.8,7.3
-28.116667,26.725278,25-03-2014,64.5,30.31,15.799999,0.5,186.2,1.61,3.2,61.3,124.9
-29.160278,26.573333,25-03-2014,58.2,30.519999,14.58,0.5,192.5,1.6899999,2.9000000000000004,55.3,137.2
-28.69485,28.23487,25-03-2014,91.80000000000001,26.359999,13.08,10.1,157.3,1.0799999,4.6000000000000005,104.5,52.8
-29.615556,27.065278,25-03-2014,71.2,29.189999,13.889999,0.5,180.8,1.52,3.6,67.700005,113.1
-28.883333,27.89,25-03-2014,90.80000000000001,27.09,13.559999,10.900001,161.3,1.18,4.5,104.9,56.4
-33.501667,21.624167,25-03-2014,9.3,28.39,12.3,0.1,184.0,1.26,0.5,8.900001,175.1
-29.161667,23.696389,26-03-2014,23.6,34.53,17.02,0.1,221.2,2.45,1.2000000000000002,22.5,198.7
-27.01011111,26.69808333,26-03-2014,91.9,29.699999,15.98,0.6,180.0,1.43,4.6000000000000005,87.3,92.700005
-22.935,28.004167,26-03-2014,123.2,32.68,19.869999,0.2,161.5,1.7099999,6.2,117.0,44.5
-25.20639,27.558,26-03-2014,182.3,31.42,18.19,4.7000003,174.0,1.51,9.1,173.3,0.7
-28.376944,24.303056,16-07-2015,8.9,36.45,18.26,0.2,230.7,2.6599998,0.4,8.5,222.2
-28.376944,24.303056,30-07-2015,8.9,36.45,18.26,0.2,230.7,2.6599998,0.4,8.5,222.2
-28.376944,24.303056,13-08-2015,8.9,36.45,18.26,0.2,230.7,2.6599998,0.4,8.5,222.2
-28.376944,24.303056,24-09-2015,8.9,36.45,18.26,0.2,230.7,2.6599998,0.4,8.5,222.2
-28.376944,24.303056,08-10-2015,8.9,36.45,18.26,0.2,230.7,2.6599998,0.4,8.5,222.2
-28.376944,24.303056,22-10-2015,8.9,36.45,18.26,0.2,230.7,2.6599998,0.4,8.5,222.2
-28.376944,24.303056,05-11-2015,8.9,36.45,18.26,0.2,230.7,2.6599998,0.4,8.5,222.2
-28.376944,24.303056,19-11-2015,8.9,36.45,18.26,0.2,230.7,2.6599998,0.4,8.5,222.2
-28.376944,24.303056,03-12-2015,8.9,36.45,18.26,0.2,230.7,2.6599998,0.4,8.5,222.2
-28.376944,24.303056,31-12-2015,8.9,36.45,18.26,0.2,230.7,2.6599998,0.4,8.5,222.2
-30.398056,30.601944,26-03-2014,159.4,27.039999,20.08,47.100002,135.7,0.72999996,8.0,135.7,0.0
-26.648056,27.089444,26-03-2014,118.9,28.789999,15.339999,2.9,168.6,1.28,5.9,113.200005,55.4
-26.970278,27.211111,26-03-2014,108.4,28.98,15.509999,2.4,170.40001,1.3299999,5.4,103.1,67.3
-26.880278,26.965,26-03-2014,104.80000000000001,29.41,15.83,2.2,172.40001,1.37,5.2,99.700005,72.700005
-26.98472222,26.63227778,26-03-2014,93.4,29.789999,16.07,0.6,178.2,1.4399999,4.7,88.8,89.4
-27.671111,27.236944,26-03-2014,80.4,29.74,15.309999,0.6,177.90001,1.4599999,4.0,76.4,101.5
-27.044444,27.005,26-03-2014,98.2,29.48,15.78,1.2,174.8,1.39,4.9,93.3,81.5
-30.160091,27.40124,26-03-2014,79.30000000000001,28.609999,13.88,0.7,173.5,1.42,4.0,75.4,98.1
-30.336111,27.359444,26-03-2014,79.7,28.64,13.41,0.7,173.6,1.41,4.0,75.8,97.8
-22.935,28.004167,27-03-2014,123.2,32.68,19.869999,0.2,161.5,1.7099999,6.2,117.0,44.5
-30.830556,26.921389,27-03-2014,66.4,29.33,13.03,0.6,177.6,1.4699999,3.3000000000000003,63.100002,114.5
-22.548889,28.898056,27-03-2014,127.5,32.25,19.199999,0.1,154.7,1.55,6.4,121.1,33.600002
-22.91028,29.61111,27-03-2014,187.8,30.55,18.939999,37.3,142.5,1.3299999,9.4,142.5,0.0
-30.13573889,30.67422222,27-03-2014,141.6,27.349998,20.029999,62.100002,137.8,0.78,7.1000000000000005,136.3,1.5
-27.38972222,26.46388889,27-03-2014,74.10000000000001,30.619999,16.06,0.6,189.40001,1.5799999,3.7,70.4,119.0
-27.398611,26.614722,27-03-2014,75.8,30.41,16.07,0.6,187.7,1.55,3.8000000000000003,72.0,115.700005
-27.902778,24.615556,27-03-2014,43.0,33.66,17.24,0.2,210.3,2.22,2.1,40.8,169.5
-29.658056,25.973333,27-03-2014,42.1,30.32,14.53,0.4,194.1,1.73,2.1,40.0,154.1
-31.000833,26.353056,27-03-2014,50.2,29.099998,12.38,0.4,180.0,1.49,2.5,47.7,132.3
-30.679722,26.7125,27-03-2014,61.2,30.199999,13.58,0.5,183.40001,1.5999999,3.1,58.2,125.200005
-30.534167,24.961944,27-03-2014,26.5,31.84,14.7699995,0.0,210.7,1.9599999,1.3,25.2,185.5
-27.356667,27.286389,27-03-2014,91.9,29.38,15.46,0.7,177.3,1.39,4.6000000000000005,87.3,90.0
-22.548889,28.898056,28-03-2014,127.5,32.25,19.199999,0.1,154.7,1.55,6.4,121.1,33.600002
-29.160278,26.573333,28-03-2014,58.2,30.519999,14.58,0.5,192.5,1.6899999,2.9000000000000004,55.3,137.2
-29.803611,30.516111,28-03-2014,135.9,26.66,16.92,80.1,134.8,0.76,6.800000000000001,132.7,2.1000001
-25.99136,27.84208,31-03-2014,177.9,27.859999,15.42,13.0,160.1,1.13,8.9,160.1,0.0
-25.513889,31.224444,31-03-2014,288.90000000000003,28.539999,18.32,125.1,139.0,1.01,36.1,139.0,0.0
-33.818056,19.694722,31-03-2014,2.2,29.89,15.04,6.0,200.1,1.43,0.1,3.3,196.8
-32.502778,19.535833,31-03-2014,0.6000000000000001,32.55,14.71,0.4,233.8,2.01,0.0,0.6,233.2
-25.681111,31.783333,01-04-2014,212.4,30.21,19.01,72.8,135.7,1.01,10.600000000000001,135.7,0.0
-27.935,26.126667,01-04-2014,54.6,31.07,15.25,0.5,194.8,1.68,2.7,51.9,142.90001
-28.1175,26.719444,01-04-2014,64.5,30.31,15.799999,0.5,186.2,1.61,3.2,61.3,124.9
-28.116667,26.725278,01-04-2014,64.5,30.31,15.799999,0.5,186.2,1.61,3.2,61.3,124.9
-27.671111,27.236944,01-04-2014,80.4,29.74,15.309999,0.6,177.90001,1.4599999,4.0,76.4,101.5
-34.075556,20.145556,01-04-2014,2.3000000000000003,29.529999,15.73,2.2,181.7,1.36,0.1,2.3,179.40001
-29.161667,23.696389,02-04-2014,23.6,34.53,17.02,0.1,221.2,2.45,1.2000000000000002,22.5,198.7
-25.81048333,27.90955222,02-04-2014,182.20000000000002,28.859999,16.44,13.5,163.7,1.23,9.1,163.7,0.0
-22.935,28.004167,02-04-2014,123.2,32.68,19.869999,0.2,161.5,1.7099999,6.2,117.0,44.5
-24.768889,31.39,02-04-2014,244.20000000000002,30.42,19.49,105.5,134.1,1.14,12.200000000000001,134.1,0.0
-24.9675,31.516667,02-04-2014,227.0,30.789999,20.17,83.700005,136.40001,1.1999999,11.4,136.40001,0.0
-28.801278,31.955389,02-04-2014,142.1,29.3,20.17,7.0,147.6,0.83,7.1000000000000005,135.8,11.8
-29.744167,29.905833,02-04-2014,154.60000000000002,26.84,14.99,73.8,141.6,0.91999996,7.7,141.6,0.0
-27.4275,28.525833,02-04-2014,130.9,27.119999,13.38,11.7,157.90001,1.0699999,6.5,133.6,24.300001
-27.398611,26.614722,02-04-2014,75.8,30.41,16.07,0.6,187.7,1.55,3.8000000000000003,72.0,115.700005
-27.671111,27.236944,02-04-2014,80.4,29.74,15.309999,0.6,177.90001,1.4599999,4.0,76.4,101.5
-29.033333,23.983333,02-04-2014,27.5,34.09,16.64,0.2,217.3,2.34,1.4000000000000001,26.2,191.1
-28.768056,20.720556,02-04-2014,3.4000000000000004,36.43,17.619999,0.0,260.2,2.98,0.2,3.3,256.9
-34.031944,22.053333,02-04-2014,20.200000000000003,26.06,15.16,1.3000001,153.90001,0.78999996,1.0,19.300001,134.6
-34.039722,22.133333,02-04-2014,21.8,25.89,15.5,1.4,152.40001,0.75,1.1,20.800001,131.6
-33.7075,18.97444444,02-04-2014,3.0,29.779999,16.039999,12.900001,203.90001,1.43,0.2,6.1,197.8
-28.058889,30.373611,02-04-2014,151.8,27.98,14.679999,45.4,155.7,1.01,7.6000000000000005,151.5,4.2000003
-27.495556,26.074722,02-04-2014,65.60000000000001,30.849998,15.71,0.6,192.0,1.63,3.3000000000000003,62.4,129.6
-27.4,26.624722,02-04-2014,75.8,30.41,16.07,0.6,187.7,1.55,3.8000000000000003,72.0,115.700005
-27.01011111,26.69808333,03-04-2014,91.9,29.699999,15.98,0.6,180.0,1.43,4.6000000000000005,87.3,92.700005
-22.91028,29.61111,03-04-2014,187.8,30.55,18.939999,37.3,142.5,1.3299999,9.4,142.5,0.0
-23.658056,31.05,03-04-2014,172.70000000000002,32.16,20.539999,25.800001,139.0,1.4,8.6,139.0,0.0
-23.281,30.54305556,03-04-2014,174.5,31.13,20.22,32.4,140.40001,1.3299999,8.700000000000001,140.40001,0.0
-24.99328,30.81444,03-04-2014,365.5,24.49,13.7699995,159.5,123.5,0.59999996,102.30000000000001,123.5,0.0
-27.937778,31.209444,03-04-2014,252.0,28.66,17.72,78.3,151.1,1.01,30.1,151.1,0.0
-27.5275,30.858056,03-04-2014,325.70000000000005,27.18,15.849999,72.8,145.8,0.87,114.7,145.8,0.0
-26.648056,27.089444,03-04-2014,118.9,28.789999,15.339999,2.9,168.6,1.28,5.9,113.200005,55.4
-26.970278,27.211111,03-04-2014,108.4,28.98,15.509999,2.4,170.40001,1.3299999,5.4,103.1,67.3
-26.880278,26.965,03-04-2014,104.80000000000001,29.41,15.83,2.2,172.40001,1.37,5.2,99.700005,72.700005
-26.98472222,26.63227778,03-04-2014,93.4,29.789999,16.07,0.6,178.2,1.4399999,4.7,88.8,89.4
-27.044444,27.005,03-04-2014,98.2,29.48,15.78,1.2,174.8,1.39,4.9,93.3,81.5
-33.13083,18.86278,03-04-2014,1.8,31.14,16.23,10.0,212.90001,1.67,0.1,3.9,209.0
-28.404444,30.013056,04-04-2014,110.60000000000001,29.119999,15.559999,17.1,160.8,1.18,5.5,134.40001,26.4
-28.116667,26.725278,04-04-2014,64.5,30.31,15.799999,0.5,186.2,1.61,3.2,61.3,124.9
-28.735556,29.820556,07-04-2014,110.5,29.41,16.039999,15.900001,159.40001,1.22,5.5,132.3,27.1
-26.73806,27.59194,07-04-2014,130.0,27.939999,14.929999,3.1000001,164.40001,1.1899999,6.5,123.8,40.600002
-26.45,28.085833,07-04-2014,154.3,27.4,14.45,3.8,159.7,1.1,7.7,146.90001,12.8
-26.98472222,26.63227778,07-04-2014,93.4,29.789999,16.07,0.6,178.2,1.4399999,4.7,88.8,89.4
-27.935,26.126667,07-04-2014,54.6,31.07,15.25,0.5,194.8,1.68,2.7,51.9,142.90001
-28.141944,26.417778,07-04-2014,61.0,30.81,15.549999,0.5,191.90001,1.68,3.0,57.9,134.0
-28.1175,26.719444,07-04-2014,64.5,30.31,15.799999,0.5,186.2,1.61,3.2,61.3,124.9
-28.116667,26.725278,07-04-2014,64.5,30.31,15.799999,0.5,186.2,1.61,3.2,61.3,124.9
-29.042222,24.6,07-04-2014,31.0,33.489998,16.48,0.1,219.1,2.25,1.6,29.5,189.6
-29.028629,24.638389,07-04-2014,31.8,33.41,16.41,0.1,218.2,2.24,1.6,30.2,188.0
-29.033333,23.983333,07-04-2014,27.5,34.09,16.64,0.2,217.3,2.34,1.4000000000000001,26.2,191.1
-31.554722,29.245556,07-04-2014,150.1,25.49,17.25,24.4,123.6,0.64,7.5,123.6,0.0
-27.01011111,26.69808333,08-04-2014,91.9,29.699999,15.98,0.6,180.0,1.43,4.6000000000000005,87.3,92.700005
-34.065833,20.404167,08-04-2014,3.1,30.099998,16.57,1.8000001,178.0,1.41,0.2,3.0,175.0
-25.127778,27.628889,08-04-2014,185.3,31.48,18.26,6.9,173.40001,1.52,9.3,173.40001,0.0
-25.20639,27.558,08-04-2014,182.3,31.42,18.19,4.7000003,174.0,1.51,9.1,173.3,0.7
-24.69514,27.40906,08-04-2014,182.4,32.2,19.41,2.6000001,178.1,1.66,9.1,173.3,4.8
-22.769722,30.886944,08-04-2014,208.5,32.18,20.38,58.8,143.1,1.4399999,10.4,143.1,0.0
-27.169444,29.233889,08-04-2014,156.3,26.42,13.179999,3.6000001,152.1,0.93,7.800000000000001,148.8,3.3
-26.861111,28.884722,08-04-2014,156.20000000000002,26.789999,13.45,4.4,156.1,0.98999995,7.800000000000001,148.8,7.3
-26.648056,27.089444,08-04-2014,118.9,28.789999,15.339999,2.9,168.6,1.28,5.9,113.200005,55.4
-26.970278,27.211111,08-04-2014,108.4,28.98,15.509999,2.4,170.40001,1.3299999,5.4,103.1,67.3
-26.880278,26.965,08-04-2014,104.80000000000001,29.41,15.83,2.2,172.40001,1.37,5.2,99.700005,72.700005
-26.98472222,26.63227778,08-04-2014,93.4,29.789999,16.07,0.6,178.2,1.4399999,4.7,88.8,89.4
-30.570833,29.150556,08-04-2014,135.4,25.23,12.62,7.1,138.0,0.84,6.800000000000001,129.90001,8.1
-33.31388889,19.07472222,08-04-2014,2.2,30.599998,15.5199995,11.2,209.40001,1.5899999,0.1,4.6,204.8
-28.338333,31.373611,08-04-2014,242.5,28.67,17.83,61.7,146.90001,0.95,40.1,146.90001,0.0
-29.658056,25.973333,27-09-2011,45.6,33.12,15.2,1.9,201.6,2.01,2.3000000000000003,43.5,158.1
-28.068333,31.55,08-04-2014,230.4,30.8,20.27,65.3,154.90001,1.26,16.3,154.90001,0.0
-28.308889,31.9025,08-04-2014,223.20000000000002,30.529999,20.9,63.7,150.3,1.16,15.9,150.3,0.0
-25.57877778,29.12747222,08-04-2014,226.4,29.269999,15.839999,50.4,160.6,1.22,16.5,160.6,0.0
-29.641944,30.6875,09-04-2014,113.9,27.65,18.609999,63.8,140.5,0.84,5.7,128.6,11.900001
-25.73411,27.21422,09-04-2014,168.5,29.05,15.4,3.8,165.7,1.25,8.4,160.40001,5.3
-28.44555556,32.325,04-06-2014,223.9,28.46,20.539999,74.8,140.7,0.76,16.400000000000002,140.7,0.0
-28.75,30.442778,09-04-2014,108.80000000000001,30.32,17.76,16.300001,162.0,1.25,5.4,131.40001,30.6
-29.161667,30.629722,09-04-2014,123.10000000000001,26.07,15.12,57.2,138.1,0.74,6.2,130.3,7.8
-27.00222,28.76528,09-04-2014,149.20000000000002,27.08,13.599999,3.9,156.7,1.04,7.5,142.1,14.6
-27.02314,28.59389,09-04-2014,145.3,27.3,13.71,3.9,158.2,1.0699999,7.300000000000001,138.40001,19.800001
-27.273889,28.49,09-04-2014,133.9,27.21,13.58,7.6,158.8,1.0799999,6.7,129.2,29.6
-27.4275,28.525833,09-04-2014,130.9,27.119999,13.38,11.7,157.90001,1.0699999,6.5,133.6,24.300001
-27.3,28.586944,09-04-2014,135.4,27.24,13.509999,9.1,158.0,1.0699999,6.800000000000001,131.90001,26.1
-30.568333,29.422778,09-04-2014,135.5,25.369999,12.7699995,12.8,136.5,0.79999995,6.800000000000001,130.3,6.2000003
-31.031389,28.883333,09-04-2014,136.8,26.42,14.98,4.8,137.90001,0.90999997,6.800000000000001,130.5,7.4
-30.86013889,29.07125,09-04-2014,132.9,26.82,15.49,4.3,139.3,0.95,6.6000000000000005,126.700005,12.6
-30.77586667,29.03221667,09-04-2014,133.20000000000002,26.75,15.21,3.9,140.3,0.96,6.7,126.9,13.400001
-32.595833,19.009444,09-04-2014,0.9,32.48,15.0199995,3.1000001,223.1,1.86,0.0,1.0,222.1
-28.376944,24.303056,10-04-2014,35.2,33.579998,17.109999,0.2,212.7,2.25,1.8,33.4,179.3
-34.092222,21.295278,10-04-2014,11.5,28.039999,15.23,1.1,168.8,1.0799999,0.6000000000000001,10.900001,157.90001
-34.329722,18.990278,10-04-2014,3.4000000000000004,24.109999,14.63,18.0,157.6,0.68,0.2,8.3,149.3
-33.897778,20.012778,10-04-2014,2.0,30.31,15.37,1.9,193.5,1.4699999,0.1,2.0,191.5
-27.902778,24.615556,11-04-2014,43.0,33.66,17.24,0.2,210.3,2.22,2.1,40.8,169.5
-24.679167,30.8025,14-04-2014,374.20000000000005,26.49,15.67,125.9,133.7,0.84,129.0,133.7,0.0
-25.99136,27.84208,14-04-2014,177.9,27.859999,15.42,13.0,160.1,1.13,8.9,160.1,0.0
-26.73806,27.59194,14-04-2014,130.0,27.939999,14.929999,3.1000001,164.40001,1.1899999,6.5,123.8,40.600002
-28.1175,26.719444,14-04-2014,64.5,30.31,15.799999,0.5,186.2,1.61,3.2,61.3,124.9
-28.116667,26.725278,14-04-2014,64.5,30.31,15.799999,0.5,186.2,1.61,3.2,61.3,124.9
-33.08883333,19.21878333,14-04-2014,1.7000000000000002,27.48,12.15,5.6,198.90001,1.31,0.1,2.4,196.5
-24.183889,30.823889,15-04-2014,236.5,31.4,19.81,86.8,139.7,1.29,11.8,139.7,0.0
-27.169444,29.233889,15-04-2014,156.3,26.42,13.179999,3.6000001,152.1,0.93,7.800000000000001,148.8,3.3
-26.861111,28.884722,15-04-2014,156.20000000000002,26.789999,13.45,4.4,156.1,0.98999995,7.800000000000001,148.8,7.3
-27.00222,28.76528,15-04-2014,149.20000000000002,27.08,13.599999,3.9,156.7,1.04,7.5,142.1,14.6
-27.4275,28.525833,15-04-2014,130.9,27.119999,13.38,11.7,157.90001,1.0699999,6.5,133.6,24.300001
-26.98472222,26.63227778,15-04-2014,93.4,29.789999,16.07,0.6,178.2,1.4399999,4.7,88.8,89.4
-27.935,26.126667,15-04-2014,54.6,31.07,15.25,0.5,194.8,1.68,2.7,51.9,142.90001
-29.160278,26.573333,15-04-2014,58.2,30.519999,14.58,0.5,192.5,1.6899999,2.9000000000000004,55.3,137.2
-29.033333,23.983333,15-04-2014,27.5,34.09,16.64,0.2,217.3,2.34,1.4000000000000001,26.2,191.1
-25.45963889,28.26430556,15-04-2014,201.20000000000002,29.789999,16.67,30.5,164.7,1.28,10.100000000000001,164.7,0.0
-29.161667,23.696389,16-04-2014,23.6,34.53,17.02,0.1,221.2,2.45,1.2000000000000002,22.5,198.7
-28.7115,24.07288889,16-04-2014,29.200000000000003,34.07,16.94,0.2,216.3,2.34,1.5,27.800001,188.5
-27.01011111,26.69808333,16-04-2014,91.9,29.699999,15.98,0.6,180.0,1.43,4.6000000000000005,87.3,92.700005
-25.81048333,27.90955222,16-04-2014,182.20000000000002,28.859999,16.44,13.5,163.7,1.23,9.1,163.7,0.0
-26.905,32.324722,16-04-2014,151.6,32.219997,20.41,4.6,147.40001,1.26,7.6000000000000005,144.2,3.2
-27.602222,29.942778,16-04-2014,185.10000000000002,28.81,14.96,19.7,162.40001,1.14,9.3,162.40001,0.0
-29.744167,29.905833,16-04-2014,154.60000000000002,26.84,14.99,73.8,141.6,0.91999996,7.7,141.6,0.0
-26.648056,27.089444,16-04-2014,118.9,28.789999,15.339999,2.9,168.6,1.28,5.9,113.200005,55.4
-26.970278,27.211111,16-04-2014,108.4,28.98,15.509999,2.4,170.40001,1.3299999,5.4,103.1,67.3
-26.880278,26.965,16-04-2014,104.80000000000001,29.41,15.83,2.2,172.40001,1.37,5.2,99.700005,72.700005
-29.033333,23.983333,16-04-2014,27.5,34.09,16.64,0.2,217.3,2.34,1.4000000000000001,26.2,191.1
-29.1825,23.575556,16-04-2014,21.5,34.5,17.06,0.1,226.40001,2.46,1.1,20.4,206.0
-28.768056,20.720556,16-04-2014,3.4000000000000004,36.43,17.619999,0.0,260.2,2.98,0.2,3.3,256.9
-27.363611,31.783333,17-04-2014,189.60000000000002,30.57,19.65,40.0,147.1,1.13,9.5,147.1,0.0
-29.042222,24.6,17-04-2014,31.0,33.489998,16.48,0.1,219.1,2.25,1.6,29.5,189.6
-29.028629,24.638389,17-04-2014,31.8,33.41,16.41,0.1,218.2,2.24,1.6,30.2,188.0
-29.987778,29.851667,21-04-2014,158.10000000000002,25.97,14.33,76.6,135.40001,0.81,7.9,135.40001,0.0
-29.744167,29.905833,21-04-2014,154.60000000000002,26.84,14.99,73.8,141.6,0.91999996,7.7,141.6,0.0
-30.733889,29.828333,22-04-2014,154.10000000000002,26.07,16.25,43.100002,130.7,0.77,7.7,130.7,0.0
-29.380556,30.2775,22-04-2014,130.0,25.72,14.2699995,69.9,135.40001,0.74,6.5,131.0,4.4
-27.935,26.126667,22-04-2014,54.6,31.07,15.25,0.5,194.8,1.68,2.7,51.9,142.90001
-28.141944,26.417778,22-04-2014,61.0,30.81,15.549999,0.5,191.90001,1.68,3.0,57.9,134.0
-28.1175,26.719444,22-04-2014,64.5,30.31,15.799999,0.5,186.2,1.61,3.2,61.3,124.9
-28.116667,26.725278,22-04-2014,64.5,30.31,15.799999,0.5,186.2,1.61,3.2,61.3,124.9
-29.160278,26.573333,22-04-2014,58.2,30.519999,14.58,0.5,192.5,1.6899999,2.9000000000000004,55.3,137.2
-33.501667,21.624167,22-04-2014,9.3,28.39,12.3,0.1,184.0,1.26,0.5,8.900001,175.1
-27.01011111,26.69808333,23-04-2014,91.9,29.699999,15.98,0.6,180.0,1.43,4.6000000000000005,87.3,92.700005
-25.127778,27.628889,23-04-2014,185.3,31.48,18.26,6.9,173.40001,1.52,9.3,173.40001,0.0
-25.20639,27.558,23-04-2014,182.3,31.42,18.19,4.7000003,174.0,1.51,9.1,173.3,0.7
-24.39619444,27.08983333,23-04-2014,163.4,32.489998,19.67,1.9,175.2,1.7199999,8.200000000000001,155.3,19.9
-24.69514,27.40906,23-04-2014,182.4,32.2,19.41,2.6000001,178.1,1.66,9.1,173.3,4.8
-26.970278,27.211111,23-04-2014,108.4,28.98,15.509999,2.4,170.40001,1.3299999,5.4,103.1,67.3
-26.880278,26.965,23-04-2014,104.80000000000001,29.41,15.83,2.2,172.40001,1.37,5.2,99.700005,72.700005
-26.98472222,26.63227778,23-04-2014,93.4,29.789999,16.07,0.6,178.2,1.4399999,4.7,88.8,89.4
-28.1175,26.719444,23-04-2014,64.5,30.31,15.799999,0.5,186.2,1.61,3.2,61.3,124.9
-28.116667,26.725278,23-04-2014,64.5,30.31,15.799999,0.5,186.2,1.61,3.2,61.3,124.9
-27.671111,27.236944,23-04-2014,80.4,29.74,15.309999,0.6,177.90001,1.4599999,4.0,76.4,101.5
-28.69485,28.23487,23-04-2014,91.80000000000001,26.359999,13.08,10.1,157.3,1.0799999,4.6000000000000005,104.5,52.8
-29.615556,27.065278,23-04-2014,71.2,29.189999,13.889999,0.5,180.8,1.52,3.6,67.700005,113.1
-28.883333,27.89,23-04-2014,90.80000000000001,27.09,13.559999,10.900001,161.3,1.18,4.5,104.9,56.4
-28.760833,17.730278,24-04-2014,0.5,35.54,19.539999,0.0,252.2,2.8999999,0.0,0.5,251.7
-30.13573889,30.67422222,24-04-2014,141.6,27.349998,20.029999,62.100002,137.8,0.78,7.1000000000000005,136.3,1.5
-27.38972222,26.46388889,24-04-2014,74.10000000000001,30.619999,16.06,0.6,189.40001,1.5799999,3.7,70.4,119.0
-28.141944,26.417778,24-04-2014,61.0,30.81,15.549999,0.5,191.90001,1.68,3.0,57.9,134.0
-28.1175,26.719444,24-04-2014,64.5,30.31,15.799999,0.5,186.2,1.61,3.2,61.3,124.9
-28.116667,26.725278,24-04-2014,64.5,30.31,15.799999,0.5,186.2,1.61,3.2,61.3,124.9
-27.398611,26.614722,24-04-2014,75.8,30.41,16.07,0.6,187.7,1.55,3.8000000000000003,72.0,115.700005
-28.376944,24.303056,24-04-2014,35.2,33.579998,17.109999,0.2,212.7,2.25,1.8,33.4,179.3
-30.160091,27.40124,24-04-2014,79.30000000000001,28.609999,13.88,0.7,173.5,1.42,4.0,75.4,98.1
-30.336111,27.359444,24-04-2014,79.7,28.64,13.41,0.7,173.6,1.41,4.0,75.8,97.8
-27.356667,27.286389,24-04-2014,91.9,29.38,15.46,0.7,177.3,1.39,4.6000000000000005,87.3,90.0
-30.830556,26.921389,25-04-2014,66.4,29.33,13.03,0.6,177.6,1.4699999,3.3000000000000003,63.100002,114.5
-27.902778,24.615556,25-04-2014,43.0,33.66,17.24,0.2,210.3,2.22,2.1,40.8,169.5
-31.000833,26.353056,25-04-2014,50.2,29.099998,12.38,0.4,180.0,1.49,2.5,47.7,132.3
-30.679722,26.7125,25-04-2014,61.2,30.199999,13.58,0.5,183.40001,1.5999999,3.1,58.2,125.200005
-30.534167,24.961944,25-04-2014,26.5,31.84,14.7699995,0.0,210.7,1.9599999,1.3,25.2,185.5
-29.140556,31.391944,29-04-2014,112.30000000000001,28.529999,19.8,5.5,143.3,0.77,5.6000000000000005,107.200005,36.100002
-25.99136,27.84208,29-04-2014,177.9,27.859999,15.42,13.0,160.1,1.13,8.9,160.1,0.0
-28.747778,31.745833,29-04-2014,114.9,29.96,20.33,5.1,150.8,1.0,5.7,109.6,41.2
-28.801278,31.955389,29-04-2014,142.1,29.3,20.17,7.0,147.6,0.83,7.1000000000000005,135.8,11.8
-26.73806,27.59194,29-04-2014,130.0,27.939999,14.929999,3.1000001,164.40001,1.1899999,6.5,123.8,40.600002
-26.45,28.085833,29-04-2014,154.3,27.4,14.45,3.8,159.7,1.1,7.7,146.90001,12.8
-27.935,26.126667,29-04-2014,54.6,31.07,15.25,0.5,194.8,1.68,2.7,51.9,142.90001
-28.1175,26.719444,29-04-2014,64.5,30.31,15.799999,0.5,186.2,1.61,3.2,61.3,124.9
-27.671111,27.236944,29-04-2014,80.4,29.74,15.309999,0.6,177.90001,1.4599999,4.0,76.4,101.5
-28.404444,30.013056,30-04-2014,110.60000000000001,29.119999,15.559999,17.1,160.8,1.18,5.5,134.40001,26.4
-27.169444,29.233889,30-04-2014,156.3,26.42,13.179999,3.6000001,152.1,0.93,7.800000000000001,148.8,3.3
-26.861111,28.884722,30-04-2014,156.20000000000002,26.789999,13.45,4.4,156.1,0.98999995,7.800000000000001,148.8,7.3
-26.98472222,26.63227778,30-04-2014,93.4,29.789999,16.07,0.6,178.2,1.4399999,4.7,88.8,89.4
-25.45963889,28.26430556,30-04-2014,201.20000000000002,29.789999,16.67,30.5,164.7,1.28,10.100000000000001,164.7,0.0
-28.058889,30.373611,30-04-2014,151.8,27.98,14.679999,45.4,155.7,1.01,7.6000000000000005,151.5,4.2000003
-27.495556,26.074722,30-04-2014,65.60000000000001,30.849998,15.71,0.6,192.0,1.63,3.3000000000000003,62.4,129.6
-29.033333,23.983333,05-10-2011,37.6,36.34,17.33,0.2,221.90001,2.62,1.9000000000000001,35.8,186.1
-29.033333,23.983333,25-10-2011,37.6,36.34,17.33,0.2,221.90001,2.62,1.9000000000000001,35.8,186.1
-29.033333,23.983333,02-11-2011,37.6,36.34,17.33,0.2,221.90001,2.62,1.9000000000000001,35.8,186.1
-29.033333,23.983333,16-11-2011,37.6,36.34,17.33,0.2,221.90001,2.62,1.9000000000000001,35.8,186.1
-29.033333,23.983333,14-12-2011,37.6,36.34,17.33,0.2,221.90001,2.62,1.9000000000000001,35.8,186.1
-29.033333,23.983333,11-01-2012,23.200000000000003,33.51,13.59,0.2,227.90001,2.24,1.2000000000000002,22.0,205.90001
-29.033333,23.983333,25-01-2012,84.5,32.71,16.17,0.2,202.3,2.1699998,4.2,80.3,122.0
-29.033333,23.983333,22-02-2012,84.5,32.71,16.17,0.2,202.3,2.1699998,4.2,80.3,122.0
-25.81048333,27.90955222,01-05-2014,182.20000000000002,28.859999,16.44,13.5,163.7,1.23,9.1,163.7,0.0
-27.937778,31.209444,01-05-2014,252.0,28.66,17.72,78.3,151.1,1.01,30.1,151.1,0.0
-27.5275,30.858056,01-05-2014,325.70000000000005,27.18,15.849999,72.8,145.8,0.87,114.7,145.8,0.0
-29.033333,23.983333,06-06-2012,84.5,32.71,16.17,0.2,202.3,2.1699998,4.2,80.3,122.0
-29.033333,23.983333,13-06-2012,84.5,32.71,16.17,0.2,202.3,2.1699998,4.2,80.3,122.0
-29.033333,23.983333,26-06-2012,84.5,32.71,16.17,0.2,202.3,2.1699998,4.2,80.3,122.0
-29.033333,23.983333,27-06-2012,84.5,32.71,16.17,0.2,202.3,2.1699998,4.2,80.3,122.0
-29.033333,23.983333,11-07-2012,33.300000000000004,35.89,17.449999,0.2,236.2,2.55,1.7000000000000002,31.7,204.5
-29.033333,23.983333,18-07-2012,33.300000000000004,35.89,17.449999,0.2,236.2,2.55,1.7000000000000002,31.7,204.5
-29.033333,23.983333,25-07-2012,33.300000000000004,35.89,17.449999,0.2,236.2,2.55,1.7000000000000002,31.7,204.5
-27.02314,28.59389,01-05-2014,145.3,27.3,13.71,3.9,158.2,1.0699999,7.300000000000001,138.40001,19.800001
-29.033333,23.983333,22-08-2012,33.300000000000004,35.89,17.449999,0.2,236.2,2.55,1.7000000000000002,31.7,204.5
-29.033333,23.983333,05-09-2012,33.300000000000004,35.89,17.449999,0.2,236.2,2.55,1.7000000000000002,31.7,204.5
-29.033333,23.983333,19-09-2012,33.300000000000004,35.89,17.449999,0.2,236.2,2.55,1.7000000000000002,31.7,204.5
-29.033333,23.983333,17-10-2012,33.300000000000004,35.89,17.449999,0.2,236.2,2.55,1.7000000000000002,31.7,204.5
-29.033333,23.983333,31-10-2012,33.300000000000004,35.89,17.449999,0.2,236.2,2.55,1.7000000000000002,31.7,204.5
-29.033333,23.983333,14-11-2012,33.300000000000004,35.89,17.449999,0.2,236.2,2.55,1.7000000000000002,31.7,204.5
-29.033333,23.983333,28-11-2012,33.300000000000004,35.89,17.449999,0.2,236.2,2.55,1.7000000000000002,31.7,204.5
-29.033333,23.983333,27-02-2013,73.0,32.82,16.42,0.2,205.40001,2.18,3.7,69.4,136.0
-26.970278,27.211111,01-05-2014,108.4,28.98,15.509999,2.4,170.40001,1.3299999,5.4,103.1,67.3
-26.880278,26.965,01-05-2014,104.80000000000001,29.41,15.83,2.2,172.40001,1.37,5.2,99.700005,72.700005
-29.744167,29.905833,02-05-2014,154.60000000000002,26.84,14.99,73.8,141.6,0.91999996,7.7,141.6,0.0
-34.031944,22.053333,03-05-2014,20.200000000000003,26.06,15.16,1.3000001,153.90001,0.78999996,1.0,19.300001,134.6
-34.039722,22.133333,03-05-2014,21.8,25.89,15.5,1.4,152.40001,0.75,1.1,20.800001,131.6
-26.970278,27.211111,05-05-2014,108.4,28.98,15.509999,2.4,170.40001,1.3299999,5.4,103.1,67.3
-26.45,28.085833,05-05-2014,154.3,27.4,14.45,3.8,159.7,1.1,7.7,146.90001,12.8
-27.935,26.126667,05-05-2014,54.6,31.07,15.25,0.5,194.8,1.68,2.7,51.9,142.90001
-29.033333,23.983333,24-07-2013,38.300000000000004,35.67,18.5,0.2,219.8,2.5,1.9000000000000001,36.4,183.40001
-28.141944,26.417778,05-05-2014,61.0,30.81,15.549999,0.5,191.90001,1.68,3.0,57.9,134.0
-28.116667,26.725278,05-05-2014,64.5,30.31,15.799999,0.5,186.2,1.61,3.2,61.3,124.9
-27.671111,27.236944,05-05-2014,80.4,29.74,15.309999,0.6,177.90001,1.4599999,4.0,76.4,101.5
-32.502778,19.535833,05-05-2014,0.6000000000000001,32.55,14.71,0.4,233.8,2.01,0.0,0.6,233.2
-27.01011111,26.69808333,06-05-2014,91.9,29.699999,15.98,0.6,180.0,1.43,4.6000000000000005,87.3,92.700005
-29.641944,30.6875,06-05-2014,113.9,27.65,18.609999,63.8,140.5,0.84,5.7,128.6,11.900001
-25.127778,27.628889,06-05-2014,185.3,31.48,18.26,6.9,173.40001,1.52,9.3,173.40001,0.0
-25.20639,27.558,06-05-2014,182.3,31.42,18.19,4.7000003,174.0,1.51,9.1,173.3,0.7
-24.69514,27.40906,06-05-2014,182.4,32.2,19.41,2.6000001,178.1,1.66,9.1,173.3,4.8
-26.006389,29.253889,06-05-2014,221.3,26.609999,13.73,56.7,149.3,0.94,20.3,149.3,0.0
-28.1175,26.719444,06-05-2014,64.5,30.31,15.799999,0.5,186.2,1.61,3.2,61.3,124.9
-27.398611,26.614722,06-05-2014,75.8,30.41,16.07,0.6,187.7,1.55,3.8000000000000003,72.0,115.700005
-28.338333,31.373611,06-05-2014,242.5,28.67,17.83,61.7,146.90001,0.95,40.1,146.90001,0.0
-28.068333,31.55,06-05-2014,230.4,30.8,20.27,65.3,154.90001,1.26,16.3,154.90001,0.0
-27.495556,26.074722,06-05-2014,65.60000000000001,30.849998,15.71,0.6,192.0,1.63,3.3000000000000003,62.4,129.6
-27.4,26.624722,06-05-2014,75.8,30.41,16.07,0.6,187.7,1.55,3.8000000000000003,72.0,115.700005
-28.44555556,32.325,03-07-2014,223.9,28.46,20.539999,74.8,140.7,0.76,16.400000000000002,140.7,0.0
-26.648056,27.089444,07-05-2014,118.9,28.789999,15.339999,2.9,168.6,1.28,5.9,113.200005,55.4
-29.651389,22.746389,07-05-2014,11.3,34.86,17.9,0.0,248.2,2.6499999,0.6000000000000001,10.8,237.40001
-24.39619444,27.08983333,08-05-2014,163.4,32.489998,19.67,1.9,175.2,1.7199999,8.200000000000001,155.3,19.9
-29.161667,30.629722,08-05-2014,123.10000000000001,26.07,15.12,57.2,138.1,0.74,6.2,130.3,7.8
-29.033333,23.983333,06-08-2014,26.700000000000003,35.67,17.85,0.2,229.8,2.52,1.3,25.4,204.40001
-29.033333,23.983333,20-08-2014,26.700000000000003,35.67,17.85,0.2,229.8,2.52,1.3,25.4,204.40001
-29.033333,23.983333,03-09-2014,26.700000000000003,35.67,17.85,0.2,229.8,2.52,1.3,25.4,204.40001
-28.376944,24.303056,08-05-2014,35.2,33.579998,17.109999,0.2,212.7,2.25,1.8,33.4,179.3
-34.031944,22.053333,08-05-2014,20.200000000000003,26.06,15.16,1.3000001,153.90001,0.78999996,1.0,19.300001,134.6
-34.039722,22.133333,08-05-2014,21.8,25.89,15.5,1.4,152.40001,0.75,1.1,20.800001,131.6
-34.005833,22.351111,08-05-2014,29.3,24.9,15.299999,1.7,146.0,0.65,1.5,27.9,118.1
-23.838611,31.640833,09-05-2014,185.4,33.14,21.01,35.4,141.5,1.51,9.3,141.5,0.0
-27.902778,24.615556,09-05-2014,43.0,33.66,17.24,0.2,210.3,2.22,2.1,40.8,169.5
-25.99136,27.84208,12-05-2014,177.9,27.859999,15.42,13.0,160.1,1.13,8.9,160.1,0.0
-28.735556,29.820556,12-05-2014,110.5,29.41,16.039999,15.900001,159.40001,1.22,5.5,132.3,27.1
-31.396,29.2651,12-05-2014,140.3,26.73,18.289999,5.3,133.3,0.81,7.0,133.3,0.0
-31.554722,29.245556,12-05-2014,150.1,25.49,17.25,24.4,123.6,0.64,7.5,123.6,0.0
-29.033333,23.983333,23-09-2015,5.5,36.78,17.77,0.1,230.7,2.74,0.30000000000000004,5.3,225.40001
-33.818056,19.694722,12-05-2014,2.2,29.89,15.04,6.0,200.1,1.43,0.1,3.3,196.8
-33.13083,18.86278,12-05-2014,1.8,31.14,16.23,10.0,212.90001,1.67,0.1,3.9,209.0
-27.01011111,26.69808333,13-05-2014,91.9,29.699999,15.98,0.6,180.0,1.43,4.6000000000000005,87.3,92.700005
-25.681111,31.783333,13-05-2014,212.4,30.21,19.01,72.8,135.7,1.01,10.600000000000001,135.7,0.0
-25.67386,31.57527,13-05-2014,234.8,30.88,20.16,88.0,142.40001,1.2099999,11.700000000000001,142.40001,0.0
-26.648056,27.089444,13-05-2014,118.9,28.789999,15.339999,2.9,168.6,1.28,5.9,113.200005,55.4
-26.970278,27.211111,13-05-2014,108.4,28.98,15.509999,2.4,170.40001,1.3299999,5.4,103.1,67.3
-27.273889,28.49,13-05-2014,133.9,27.21,13.58,7.6,158.8,1.0799999,6.7,129.2,29.6
-26.98472222,26.63227778,13-05-2014,93.4,29.789999,16.07,0.6,178.2,1.4399999,4.7,88.8,89.4
-29.160278,26.573333,13-05-2014,58.2,30.519999,14.58,0.5,192.5,1.6899999,2.9000000000000004,55.3,137.2
-30.568333,29.422778,13-05-2014,135.5,25.369999,12.7699995,12.8,136.5,0.79999995,6.800000000000001,130.3,6.2000003
-31.104278,29.399722,13-05-2014,142.20000000000002,26.49,16.96,8.6,132.6,0.82,7.1000000000000005,132.6,0.0
-34.092222,21.295278,13-05-2014,11.5,28.039999,15.23,1.1,168.8,1.0799999,0.6000000000000001,10.900001,157.90001
-34.075556,20.145556,13-05-2014,2.3000000000000003,29.529999,15.73,2.2,181.7,1.36,0.1,2.3,179.40001
-25.45963889,28.26430556,13-05-2014,201.20000000000002,29.789999,16.67,30.5,164.7,1.28,10.100000000000001,164.7,0.0
-25.81048333,27.90955222,14-05-2014,182.20000000000002,28.859999,16.44,13.5,163.7,1.23,9.1,163.7,0.0
-24.183889,30.823889,14-05-2014,236.5,31.4,19.81,86.8,139.7,1.29,11.8,139.7,0.0
-24.058889,31.237222,14-05-2014,203.5,31.949999,20.43,56.8,137.5,1.35,10.200000000000001,137.5,0.0
-25.67386,31.57527,14-05-2014,234.8,30.88,20.16,88.0,142.40001,1.2099999,11.700000000000001,142.40001,0.0
-26.905,32.324722,14-05-2014,151.6,32.219997,20.41,4.6,147.40001,1.26,7.6000000000000005,144.2,3.2
-29.744167,29.905833,14-05-2014,154.60000000000002,26.84,14.99,73.8,141.6,0.91999996,7.7,141.6,0.0
-27.169444,29.233889,14-05-2014,156.3,26.42,13.179999,3.6000001,152.1,0.93,7.800000000000001,148.8,3.3
-26.861111,28.884722,14-05-2014,156.20000000000002,26.789999,13.45,4.4,156.1,0.98999995,7.800000000000001,148.8,7.3
-26.73806,27.59194,14-05-2014,130.0,27.939999,14.929999,3.1000001,164.40001,1.1899999,6.5,123.8,40.600002
-26.45,28.085833,14-05-2014,154.3,27.4,14.45,3.8,159.7,1.1,7.7,146.90001,12.8
-27.3,28.586944,14-05-2014,135.4,27.24,13.509999,9.1,158.0,1.0699999,6.800000000000001,131.90001,26.1
-26.98472222,26.63227778,14-05-2014,93.4,29.789999,16.07,0.6,178.2,1.4399999,4.7,88.8,89.4
-27.573056,24.746389,14-05-2014,49.900000000000006,33.27,16.98,0.3,211.90001,2.11,2.5,47.4,164.5
-30.570833,29.150556,14-05-2014,135.4,25.23,12.62,7.1,138.0,0.84,6.800000000000001,129.90001,8.1
-33.7075,18.97444444,14-05-2014,3.0,29.779999,16.039999,12.900001,203.90001,1.43,0.2,6.1,197.8
-32.94583,18.33667,14-05-2014,1.2000000000000002,28.09,15.12,5.8,197.8,1.1899999,0.1,2.1000001,195.7
-27.363611,31.783333,15-05-2014,189.60000000000002,30.57,19.65,40.0,147.1,1.13,9.5,147.1,0.0
-31.031389,28.883333,15-05-2014,136.8,26.42,14.98,4.8,137.90001,0.90999997,6.800000000000001,130.5,7.4
-30.86013889,29.07125,15-05-2014,132.9,26.82,15.49,4.3,139.3,0.95,6.6000000000000005,126.700005,12.6
-30.77586667,29.03221667,15-05-2014,133.20000000000002,26.75,15.21,3.9,140.3,0.96,6.7,126.9,13.400001
-33.38056,19.30167,15-05-2014,2.2,27.97,13.0,8.6,195.7,1.3299999,0.1,4.0,191.7
-33.08883333,19.21878333,15-05-2014,1.7000000000000002,27.48,12.15,5.6,198.90001,1.31,0.1,2.4,196.5
-24.679167,30.8025,16-05-2014,374.20000000000005,26.49,15.67,125.9,133.7,0.84,129.0,133.7,0.0
-27.602222,29.942778,16-05-2014,185.10000000000002,28.81,14.96,19.7,162.40001,1.14,9.3,162.40001,0.0
-28.116667,26.725278,16-05-2014,64.5,30.31,15.799999,0.5,186.2,1.61,3.2,61.3,124.9
-29.7775,29.470833,19-05-2014,169.5,24.81,12.46,42.9,137.8,0.78999996,31.700000000000003,137.8,0.0
-29.987778,29.851667,19-05-2014,158.10000000000002,25.97,14.33,76.6,135.40001,0.81,7.9,135.40001,0.0
-29.744167,29.905833,19-05-2014,154.60000000000002,26.84,14.99,73.8,141.6,0.91999996,7.7,141.6,0.0
-26.73806,27.59194,19-05-2014,130.0,27.939999,14.929999,3.1000001,164.40001,1.1899999,6.5,123.8,40.600002
-26.45,28.085833,19-05-2014,154.3,27.4,14.45,3.8,159.7,1.1,7.7,146.90001,12.8
-27.935,26.126667,19-05-2014,54.6,31.07,15.25,0.5,194.8,1.68,2.7,51.9,142.90001
-27.671111,27.236944,19-05-2014,80.4,29.74,15.309999,0.6,177.90001,1.4599999,4.0,76.4,101.5
-29.160278,26.573333,19-05-2014,58.2,30.519999,14.58,0.5,192.5,1.6899999,2.9000000000000004,55.3,137.2
-33.31388889,19.07472222,19-05-2014,2.2,30.599998,15.5199995,11.2,209.40001,1.5899999,0.1,4.6,204.8
-27.01011111,26.69808333,20-05-2014,91.9,29.699999,15.98,0.6,180.0,1.43,4.6000000000000005,87.3,92.700005
-34.065833,20.404167,20-05-2014,3.1,30.099998,16.57,1.8000001,178.0,1.41,0.2,3.0,175.0
-25.127778,27.628889,20-05-2014,185.3,31.48,18.26,6.9,173.40001,1.52,9.3,173.40001,0.0
-24.39619444,27.08983333,20-05-2014,163.4,32.489998,19.67,1.9,175.2,1.7199999,8.200000000000001,155.3,19.9
-24.69514,27.40906,20-05-2014,182.4,32.2,19.41,2.6000001,178.1,1.66,9.1,173.3,4.8
-26.03611,30.99778,20-05-2014,363.6,28.5,18.08,139.7,148.1,1.0699999,91.30000000000001,148.1,0.0
-30.733889,29.828333,20-05-2014,154.10000000000002,26.07,16.25,43.100002,130.7,0.77,7.7,130.7,0.0
-29.380556,30.2775,20-05-2014,130.0,25.72,14.2699995,69.9,135.40001,0.74,6.5,131.0,4.4
-27.169444,29.233889,20-05-2014,156.3,26.42,13.179999,3.6000001,152.1,0.93,7.800000000000001,148.8,3.3
-26.861111,28.884722,20-05-2014,156.20000000000002,26.789999,13.45,4.4,156.1,0.98999995,7.800000000000001,148.8,7.3
-27.00222,28.76528,20-05-2014,149.20000000000002,27.08,13.599999,3.9,156.7,1.04,7.5,142.1,14.6
-27.273889,28.49,20-05-2014,133.9,27.21,13.58,7.6,158.8,1.0799999,6.7,129.2,29.6
-27.3,28.586944,20-05-2014,135.4,27.24,13.509999,9.1,158.0,1.0699999,6.800000000000001,131.90001,26.1
-26.98472222,26.63227778,20-05-2014,93.4,29.789999,16.07,0.6,178.2,1.4399999,4.7,88.8,89.4
-28.141944,26.417778,20-05-2014,61.0,30.81,15.549999,0.5,191.90001,1.68,3.0,57.9,134.0
-28.1175,26.719444,20-05-2014,64.5,30.31,15.799999,0.5,186.2,1.61,3.2,61.3,124.9
-29.042222,24.6,20-05-2014,31.0,33.489998,16.48,0.1,219.1,2.25,1.6,29.5,189.6
-29.033333,23.983333,20-05-2014,27.5,34.09,16.64,0.2,217.3,2.34,1.4000000000000001,26.2,191.1
-28.69485,28.23487,20-05-2014,91.80000000000001,26.359999,13.08,10.1,157.3,1.0799999,4.6000000000000005,104.5,52.8
-28.883333,27.89,20-05-2014,90.80000000000001,27.09,13.559999,10.900001,161.3,1.18,4.5,104.9,56.4
-27.495556,26.074722,20-05-2014,65.60000000000001,30.849998,15.71,0.6,192.0,1.63,3.3000000000000003,62.4,129.6
-25.20639,27.558,21-05-2014,182.3,31.42,18.19,4.7000003,174.0,1.51,9.1,173.3,0.7
-23.658056,31.05,21-05-2014,172.70000000000002,32.16,20.539999,25.800001,139.0,1.4,8.6,139.0,0.0
-23.281,30.54305556,21-05-2014,174.5,31.13,20.22,32.4,140.40001,1.3299999,8.700000000000001,140.40001,0.0
-30.398056,30.601944,21-05-2014,159.4,27.039999,20.08,47.100002,135.7,0.72999996,8.0,135.7,0.0
-26.648056,27.089444,21-05-2014,118.9,28.789999,15.339999,2.9,168.6,1.28,5.9,113.200005,55.4
-26.970278,27.211111,21-05-2014,108.4,28.98,15.509999,2.4,170.40001,1.3299999,5.4,103.1,67.3
-26.880278,26.965,21-05-2014,104.80000000000001,29.41,15.83,2.2,172.40001,1.37,5.2,99.700005,72.700005
-27.671111,27.236944,21-05-2014,80.4,29.74,15.309999,0.6,177.90001,1.4599999,4.0,76.4,101.5
-29.028629,24.638389,21-05-2014,31.8,33.41,16.41,0.1,218.2,2.24,1.6,30.2,188.0
-30.160091,27.40124,21-05-2014,79.30000000000001,28.609999,13.88,0.7,173.5,1.42,4.0,75.4,98.1
-30.336111,27.359444,21-05-2014,79.7,28.64,13.41,0.7,173.6,1.41,4.0,75.8,97.8
-34.405833,19.600556,21-05-2014,3.2,25.16,14.839999,9.0,158.3,0.81,0.2,5.0,153.3
-27.356667,27.286389,21-05-2014,91.9,29.38,15.46,0.7,177.3,1.39,4.6000000000000005,87.3,90.0
-30.830556,26.921389,22-05-2014,66.4,29.33,13.03,0.6,177.6,1.4699999,3.3000000000000003,63.100002,114.5
-22.769722,30.886944,22-05-2014,208.5,32.18,20.38,58.8,143.1,1.4399999,10.4,143.1,0.0
-30.13573889,30.67422222,22-05-2014,141.6,27.349998,20.029999,62.100002,137.8,0.78,7.1000000000000005,136.3,1.5
-27.398611,26.614722,22-05-2014,75.8,30.41,16.07,0.6,187.7,1.55,3.8000000000000003,72.0,115.700005
-28.376944,24.303056,22-05-2014,35.2,33.579998,17.109999,0.2,212.7,2.25,1.8,33.4,179.3
-29.658056,25.973333,22-05-2014,42.1,30.32,14.53,0.4,194.1,1.73,2.1,40.0,154.1
-31.000833,26.353056,22-05-2014,50.2,29.099998,12.38,0.4,180.0,1.49,2.5,47.7,132.3
-30.679722,26.7125,22-05-2014,61.2,30.199999,13.58,0.5,183.40001,1.5999999,3.1,58.2,125.200005
-34.329722,18.990278,22-05-2014,3.4000000000000004,24.109999,14.63,18.0,157.6,0.68,0.2,8.3,149.3
-33.897778,20.012778,22-05-2014,2.0,30.31,15.37,1.9,193.5,1.4699999,0.1,2.0,191.5
-29.615556,27.065278,23-05-2014,71.2,29.189999,13.889999,0.5,180.8,1.52,3.6,67.700005,113.1
-29.803611,30.516111,23-05-2014,135.9,26.66,16.92,80.1,134.8,0.76,6.800000000000001,132.7,2.1000001
-25.99136,27.84208,26-05-2014,177.9,27.859999,15.42,13.0,160.1,1.13,8.9,160.1,0.0
-23.838611,31.640833,26-05-2014,185.4,33.14,21.01,35.4,141.5,1.51,9.3,141.5,0.0
-27.01011111,26.69808333,27-05-2014,91.9,29.699999,15.98,0.6,180.0,1.43,4.6000000000000005,87.3,92.700005
-29.140556,31.391944,27-05-2014,112.30000000000001,28.529999,19.8,5.5,143.3,0.77,5.6000000000000005,107.200005,36.100002
-28.801278,31.955389,27-05-2014,142.1,29.3,20.17,7.0,147.6,0.83,7.1000000000000005,135.8,11.8
-26.970278,27.211111,27-05-2014,108.4,28.98,15.509999,2.4,170.40001,1.3299999,5.4,103.1,67.3
-26.98472222,26.63227778,27-05-2014,93.4,29.789999,16.07,0.6,178.2,1.4399999,4.7,88.8,89.4
-33.501667,21.624167,27-05-2014,9.3,28.39,12.3,0.1,184.0,1.26,0.5,8.900001,175.1
-25.45963889,28.26430556,27-05-2014,201.20000000000002,29.789999,16.67,30.5,164.7,1.28,10.100000000000001,164.7,0.0
-25.81048333,27.90955222,28-05-2014,182.20000000000002,28.859999,16.44,13.5,163.7,1.23,9.1,163.7,0.0
-22.935,28.004167,28-05-2014,123.2,32.68,19.869999,0.2,161.5,1.7099999,6.2,117.0,44.5
-24.282222,28.090278,28-05-2014,219.70000000000002,29.84,17.3,52.9,157.3,1.31,11.0,157.3,0.0
-23.763056,27.908611,28-05-2014,176.8,31.179998,18.539999,11.6,157.7,1.49,8.8,157.7,0.0
-28.747778,31.745833,28-05-2014,114.9,29.96,20.33,5.1,150.8,1.0,5.7,109.6,41.2
-27.937778,31.209444,28-05-2014,252.0,28.66,17.72,78.3,151.1,1.01,30.1,151.1,0.0
-28.404444,30.013056,28-05-2014,110.60000000000001,29.119999,15.559999,17.1,160.8,1.18,5.5,134.40001,26.4
-29.744167,29.905833,28-05-2014,154.60000000000002,26.84,14.99,73.8,141.6,0.91999996,7.7,141.6,0.0
-27.00222,28.76528,28-05-2014,149.20000000000002,27.08,13.599999,3.9,156.7,1.04,7.5,142.1,14.6
-31.436944,20.474722,28-05-2014,1.2000000000000002,31.529999,13.23,0.0,236.8,2.07,0.1,1.1,235.7
-29.1825,23.575556,28-05-2014,21.5,34.5,17.06,0.1,226.40001,2.46,1.1,20.4,206.0
-28.768056,20.720556,28-05-2014,3.4000000000000004,36.43,17.619999,0.0,260.2,2.98,0.2,3.3,256.9
-28.058889,30.373611,28-05-2014,151.8,27.98,14.679999,45.4,155.7,1.01,7.6000000000000005,151.5,4.2000003
-22.225556,29.990556,29-05-2014,115.0,33.01,21.64,0.2,151.40001,1.7099999,5.800000000000001,109.3,42.100002
-22.91028,29.61111,29-05-2014,187.8,30.55,18.939999,37.3,142.5,1.3299999,9.4,142.5,0.0
-27.5275,30.858056,29-05-2014,325.70000000000005,27.18,15.849999,72.8,145.8,0.87,114.7,145.8,0.0
-27.398611,26.614722,29-05-2014,75.8,30.41,16.07,0.6,187.7,1.55,3.8000000000000003,72.0,115.700005
-27.573056,24.746389,29-05-2014,49.900000000000006,33.27,16.98,0.3,211.90001,2.11,2.5,47.4,164.5
-25.57877778,29.12747222,29-05-2014,226.4,29.269999,15.839999,50.4,160.6,1.22,16.5,160.6,0.0
-27.398611,26.614722,30-05-2014,75.8,30.41,16.07,0.6,187.7,1.55,3.8000000000000003,72.0,115.700005
-29.160278,26.573333,02-06-2014,58.2,30.519999,14.58,0.5,192.5,1.6899999,2.9000000000000004,55.3,137.2
-24.670833,28.560833,03-06-2014,255.4,29.83,16.71,70.4,159.5,1.26,29.900000000000002,159.5,0.0
-25.127778,27.628889,03-06-2014,185.3,31.48,18.26,6.9,173.40001,1.52,9.3,173.40001,0.0
-25.20639,27.558,03-06-2014,182.3,31.42,18.19,4.7000003,174.0,1.51,9.1,173.3,0.7
-24.69514,27.40906,03-06-2014,182.4,32.2,19.41,2.6000001,178.1,1.66,9.1,173.3,4.8
-27.935,26.126667,03-06-2014,54.6,31.07,15.25,0.5,194.8,1.68,2.7,51.9,142.90001
-28.141944,26.417778,03-06-2014,61.0,30.81,15.549999,0.5,191.90001,1.68,3.0,57.9,134.0
-28.338333,31.373611,03-06-2014,242.5,28.67,17.83,61.7,146.90001,0.95,40.1,146.90001,0.0
-28.068333,31.55,03-06-2014,230.4,30.8,20.27,65.3,154.90001,1.26,16.3,154.90001,0.0
-29.641944,30.6875,04-06-2014,113.9,27.65,18.609999,63.8,140.5,0.84,5.7,128.6,11.900001
-24.39619444,27.08983333,04-06-2014,163.4,32.489998,19.67,1.9,175.2,1.7199999,8.200000000000001,155.3,19.9
-28.44555556,32.325,30-07-2014,88.7,30.529999,20.81,28.7,157.2,0.96,4.4,130.40001,26.800001
-28.75,30.442778,04-06-2014,108.80000000000001,30.32,17.76,16.300001,162.0,1.25,5.4,131.40001,30.6
-29.161667,30.629722,04-06-2014,123.10000000000001,26.07,15.12,57.2,138.1,0.74,6.2,130.3,7.8
-34.005833,22.351111,04-06-2014,29.3,24.9,15.299999,1.7,146.0,0.65,1.5,27.9,118.1
-26.98472222,26.63227778,05-06-2014,93.4,29.789999,16.07,0.6,178.2,1.4399999,4.7,88.8,89.4
-27.902778,24.615556,05-06-2014,43.0,33.66,17.24,0.2,210.3,2.22,2.1,40.8,169.5
-33.970833,22.548333,05-06-2014,37.6,24.59,15.389999,3.2,143.0,0.61,1.9000000000000001,35.9,107.1
-28.308889,31.9025,05-06-2014,223.20000000000002,30.529999,20.9,63.7,150.3,1.16,15.9,150.3,0.0
-25.99136,27.84208,09-06-2014,177.9,27.859999,15.42,13.0,160.1,1.13,8.9,160.1,0.0
-26.73806,27.59194,09-06-2014,130.0,27.939999,14.929999,3.1000001,164.40001,1.1899999,6.5,123.8,40.600002
-26.45,28.085833,09-06-2014,154.3,27.4,14.45,3.8,159.7,1.1,7.7,146.90001,12.8
-27.671111,27.236944,09-06-2014,80.4,29.74,15.309999,0.6,177.90001,1.4599999,4.0,76.4,101.5
-31.396,29.2651,09-06-2014,140.3,26.73,18.289999,5.3,133.3,0.81,7.0,133.3,0.0
-31.554722,29.245556,09-06-2014,150.1,25.49,17.25,24.4,123.6,0.64,7.5,123.6,0.0
-33.818056,19.694722,09-06-2014,2.2,29.89,15.04,6.0,200.1,1.43,0.1,3.3,196.8
-23.658056,31.05,10-06-2014,172.70000000000002,32.16,20.539999,25.800001,139.0,1.4,8.6,139.0,0.0
-23.281,30.54305556,10-06-2014,174.5,31.13,20.22,32.4,140.40001,1.3299999,8.700000000000001,140.40001,0.0
-25.681111,31.783333,10-06-2014,212.4,30.21,19.01,72.8,135.7,1.01,10.600000000000001,135.7,0.0
-25.362222,31.956667,10-06-2014,199.5,30.74,19.029999,66.9,130.7,1.05,10.0,130.7,0.0
-28.735556,29.820556,10-06-2014,110.5,29.41,16.039999,15.900001,159.40001,1.22,5.5,132.3,27.1
-29.615556,27.065278,10-06-2014,71.2,29.189999,13.889999,0.5,180.8,1.52,3.6,67.700005,113.1
-30.570833,29.150556,10-06-2014,135.4,25.23,12.62,7.1,138.0,0.84,6.800000000000001,129.90001,8.1
-34.092222,21.295278,10-06-2014,11.5,28.039999,15.23,1.1,168.8,1.0799999,0.6000000000000001,10.900001,157.90001
-34.075556,20.145556,10-06-2014,2.3000000000000003,29.529999,15.73,2.2,181.7,1.36,0.1,2.3,179.40001
-31.5653,18.3306,10-06-2014,0.6000000000000001,29.73,14.589999,0.2,213.1,1.4,0.0,0.5,212.6
-32.94583,18.33667,10-06-2014,1.2000000000000002,28.09,15.12,5.8,197.8,1.1899999,0.1,2.1000001,195.7
-25.45963889,28.26430556,10-06-2014,201.20000000000002,29.789999,16.67,30.5,164.7,1.28,10.100000000000001,164.7,0.0
-25.81048333,27.90955222,11-06-2014,182.20000000000002,28.859999,16.44,13.5,163.7,1.23,9.1,163.7,0.0
-24.768889,31.39,11-06-2014,244.20000000000002,30.42,19.49,105.5,134.1,1.14,12.200000000000001,134.1,0.0
-26.905,32.324722,11-06-2014,151.6,32.219997,20.41,4.6,147.40001,1.26,7.6000000000000005,144.2,3.2
-27.602222,29.942778,11-06-2014,185.10000000000002,28.81,14.96,19.7,162.40001,1.14,9.3,162.40001,0.0
-27.00222,28.76528,11-06-2014,149.20000000000002,27.08,13.599999,3.9,156.7,1.04,7.5,142.1,14.6
-27.02314,28.59389,11-06-2014,145.3,27.3,13.71,3.9,158.2,1.0699999,7.300000000000001,138.40001,19.800001
-27.273889,28.49,11-06-2014,133.9,27.21,13.58,7.6,158.8,1.0799999,6.7,129.2,29.6
-27.3,28.586944,11-06-2014,135.4,27.24,13.509999,9.1,158.0,1.0699999,6.800000000000001,131.90001,26.1
-27.935,26.126667,11-06-2014,54.6,31.07,15.25,0.5,194.8,1.68,2.7,51.9,142.90001
-28.69485,28.23487,11-06-2014,91.80000000000001,26.359999,13.08,10.1,157.3,1.0799999,4.6000000000000005,104.5,52.8
-28.883333,27.89,11-06-2014,90.80000000000001,27.09,13.559999,10.900001,161.3,1.18,4.5,104.9,56.4
-28.768056,20.720556,11-06-2014,3.4000000000000004,36.43,17.619999,0.0,260.2,2.98,0.2,3.3,256.9
-30.568333,29.422778,11-06-2014,135.5,25.369999,12.7699995,12.8,136.5,0.79999995,6.800000000000001,130.3,6.2000003
-30.86013889,29.07125,11-06-2014,132.9,26.82,15.49,4.3,139.3,0.95,6.6000000000000005,126.700005,12.6
-30.77586667,29.03221667,11-06-2014,133.20000000000002,26.75,15.21,3.9,140.3,0.96,6.7,126.9,13.400001
-33.13083,18.86278,11-06-2014,1.8,31.14,16.23,10.0,212.90001,1.67,0.1,3.9,209.0
-33.7075,18.97444444,11-06-2014,3.0,29.779999,16.039999,12.900001,203.90001,1.43,0.2,6.1,197.8
-25.57877778,29.12747222,11-06-2014,226.4,29.269999,15.839999,50.4,160.6,1.22,16.5,160.6,0.0
-22.769722,30.886944,12-06-2014,208.5,32.18,20.38,58.8,143.1,1.4399999,10.4,143.1,0.0
-26.006389,29.253889,12-06-2014,221.3,26.609999,13.73,56.7,149.3,0.94,20.3,149.3,0.0
-25.513889,31.224444,12-06-2014,288.90000000000003,28.539999,18.32,125.1,139.0,1.01,36.1,139.0,0.0
-27.363611,31.783333,12-06-2014,189.60000000000002,30.57,19.65,40.0,147.1,1.13,9.5,147.1,0.0
-28.141944,26.417778,12-06-2014,61.0,30.81,15.549999,0.5,191.90001,1.68,3.0,57.9,134.0
-28.1175,26.719444,12-06-2014,64.5,30.31,15.799999,0.5,186.2,1.61,3.2,61.3,124.9
-31.436944,20.474722,12-06-2014,1.2000000000000002,31.529999,13.23,0.0,236.8,2.07,0.1,1.1,235.7
-30.568333,29.422778,12-06-2014,135.5,25.369999,12.7699995,12.8,136.5,0.79999995,6.800000000000001,130.3,6.2000003
-24.99328,30.81444,13-06-2014,365.5,24.49,13.7699995,159.5,123.5,0.59999996,102.30000000000001,123.5,0.0
-29.744167,29.905833,13-06-2014,154.60000000000002,26.84,14.99,73.8,141.6,0.91999996,7.7,141.6,0.0
-27.573056,24.746389,13-06-2014,49.900000000000006,33.27,16.98,0.3,211.90001,2.11,2.5,47.4,164.5
-31.436944,20.474722,13-06-2014,1.2000000000000002,31.529999,13.23,0.0,236.8,2.07,0.1,1.1,235.7
-29.987778,29.851667,16-06-2014,158.10000000000002,25.97,14.33,76.6,135.40001,0.81,7.9,135.40001,0.0
-29.744167,29.905833,16-06-2014,154.60000000000002,26.84,14.99,73.8,141.6,0.91999996,7.7,141.6,0.0
-25.127778,27.628889,17-06-2014,185.3,31.48,18.26,6.9,173.40001,1.52,9.3,173.40001,0.0
-24.39619444,27.08983333,17-06-2014,163.4,32.489998,19.67,1.9,175.2,1.7199999,8.200000000000001,155.3,19.9
-24.69514,27.40906,17-06-2014,182.4,32.2,19.41,2.6000001,178.1,1.66,9.1,173.3,4.8
-30.733889,29.828333,17-06-2014,154.10000000000002,26.07,16.25,43.100002,130.7,0.77,7.7,130.7,0.0
-29.380556,30.2775,17-06-2014,130.0,25.72,14.2699995,69.9,135.40001,0.74,6.5,131.0,4.4
-28.1175,26.719444,17-06-2014,64.5,30.31,15.799999,0.5,186.2,1.61,3.2,61.3,124.9
-28.116667,26.725278,17-06-2014,64.5,30.31,15.799999,0.5,186.2,1.61,3.2,61.3,124.9
-33.38056,19.30167,17-06-2014,2.2,27.97,13.0,8.6,195.7,1.3299999,0.1,4.0,191.7
-27.01011111,26.69808333,18-06-2014,91.9,29.699999,15.98,0.6,180.0,1.43,4.6000000000000005,87.3,92.700005
-24.183889,30.823889,18-06-2014,236.5,31.4,19.81,86.8,139.7,1.29,11.8,139.7,0.0
-25.20639,27.558,18-06-2014,182.3,31.42,18.19,4.7000003,174.0,1.51,9.1,173.3,0.7
-24.058889,31.237222,18-06-2014,203.5,31.949999,20.43,56.8,137.5,1.35,10.200000000000001,137.5,0.0
-24.034167,31.123611,18-06-2014,218.10000000000002,31.41,19.98,72.5,137.8,1.28,10.9,137.8,0.0
-30.398056,30.601944,18-06-2014,159.4,27.039999,20.08,47.100002,135.7,0.72999996,8.0,135.7,0.0
-26.98472222,26.63227778,18-06-2014,93.4,29.789999,16.07,0.6,178.2,1.4399999,4.7,88.8,89.4
-27.935,26.126667,18-06-2014,54.6,31.07,15.25,0.5,194.8,1.68,2.7,51.9,142.90001
-33.31388889,19.07472222,18-06-2014,2.2,30.599998,15.5199995,11.2,209.40001,1.5899999,0.1,4.6,204.8
-30.13573889,30.67422222,19-06-2014,141.6,27.349998,20.029999,62.100002,137.8,0.78,7.1000000000000005,136.3,1.5
-26.970278,27.211111,19-06-2014,108.4,28.98,15.509999,2.4,170.40001,1.3299999,5.4,103.1,67.3
-27.398611,26.614722,19-06-2014,75.8,30.41,16.07,0.6,187.7,1.55,3.8000000000000003,72.0,115.700005
-27.671111,27.236944,19-06-2014,80.4,29.74,15.309999,0.6,177.90001,1.4599999,4.0,76.4,101.5
-28.376944,24.303056,19-06-2014,35.2,33.579998,17.109999,0.2,212.7,2.25,1.8,33.4,179.3
-27.4,26.624722,19-06-2014,75.8,30.41,16.07,0.6,187.7,1.55,3.8000000000000003,72.0,115.700005
-24.679167,30.8025,20-06-2014,374.20000000000005,26.49,15.67,125.9,133.7,0.84,129.0,133.7,0.0
-26.880278,26.965,20-06-2014,104.80000000000001,29.41,15.83,2.2,172.40001,1.37,5.2,99.700005,72.700005
-29.803611,30.516111,20-06-2014,135.9,26.66,16.92,80.1,134.8,0.76,6.800000000000001,132.7,2.1000001
-23.838611,31.640833,21-06-2014,185.4,33.14,21.01,35.4,141.5,1.51,9.3,141.5,0.0
-25.99136,27.84208,23-06-2014,177.9,27.859999,15.42,13.0,160.1,1.13,8.9,160.1,0.0
-26.73806,27.59194,23-06-2014,130.0,27.939999,14.929999,3.1000001,164.40001,1.1899999,6.5,123.8,40.600002
-26.45,28.085833,23-06-2014,154.3,27.4,14.45,3.8,159.7,1.1,7.7,146.90001,12.8
-29.160278,26.573333,23-06-2014,58.2,30.519999,14.58,0.5,192.5,1.6899999,2.9000000000000004,55.3,137.2
-29.042222,24.6,23-06-2014,31.0,33.489998,16.48,0.1,219.1,2.25,1.6,29.5,189.6
-29.033333,23.983333,23-06-2014,27.5,34.09,16.64,0.2,217.3,2.34,1.4000000000000001,26.2,191.1
-27.01011111,26.69808333,24-06-2014,91.9,29.699999,15.98,0.6,180.0,1.43,4.6000000000000005,87.3,92.700005
-29.140556,31.391944,24-06-2014,112.30000000000001,28.529999,19.8,5.5,143.3,0.77,5.6000000000000005,107.200005,36.100002
-34.065833,20.404167,24-06-2014,3.1,30.099998,16.57,1.8000001,178.0,1.41,0.2,3.0,175.0
-31.860278,18.6875,24-06-2014,0.6000000000000001,31.269999,14.589999,0.5,222.90001,1.7099999,0.0,0.6,222.3
-24.282222,28.090278,24-06-2014,219.70000000000002,29.84,17.3,52.9,157.3,1.31,11.0,157.3,0.0
-26.03611,30.99778,24-06-2014,363.6,28.5,18.08,139.7,148.1,1.0699999,91.30000000000001,148.1,0.0
-25.362222,31.956667,24-06-2014,199.5,30.74,19.029999,66.9,130.7,1.05,10.0,130.7,0.0
-25.14944444,31.94055556,24-06-2014,201.0,30.66,19.25,68.700005,130.1,1.06,10.100000000000001,130.1,0.0
-27.169444,29.233889,24-06-2014,156.3,26.42,13.179999,3.6000001,152.1,0.93,7.800000000000001,148.8,3.3
-26.648056,27.089444,24-06-2014,118.9,28.789999,15.339999,2.9,168.6,1.28,5.9,113.200005,55.4
-26.970278,27.211111,24-06-2014,108.4,28.98,15.509999,2.4,170.40001,1.3299999,5.4,103.1,67.3
-26.880278,26.965,24-06-2014,104.80000000000001,29.41,15.83,2.2,172.40001,1.37,5.2,99.700005,72.700005
-26.98472222,26.63227778,24-06-2014,93.4,29.789999,16.07,0.6,178.2,1.4399999,4.7,88.8,89.4
-28.141944,26.417778,24-06-2014,61.0,30.81,15.549999,0.5,191.90001,1.68,3.0,57.9,134.0
-28.1175,26.719444,24-06-2014,64.5,30.31,15.799999,0.5,186.2,1.61,3.2,61.3,124.9
-28.116667,26.725278,24-06-2014,64.5,30.31,15.799999,0.5,186.2,1.61,3.2,61.3,124.9
-29.028629,24.638389,24-06-2014,31.8,33.41,16.41,0.1,218.2,2.24,1.6,30.2,188.0
-28.69485,28.23487,24-06-2014,91.80000000000001,26.359999,13.08,10.1,157.3,1.0799999,4.6000000000000005,104.5,52.8
-29.615556,27.065278,24-06-2014,71.2,29.189999,13.889999,0.5,180.8,1.52,3.6,67.700005,113.1
-33.501667,21.624167,24-06-2014,9.3,28.39,12.3,0.1,184.0,1.26,0.5,8.900001,175.1
-25.45963889,28.26430556,24-06-2014,201.20000000000002,29.789999,16.67,30.5,164.7,1.28,10.100000000000001,164.7,0.0
-25.81048333,27.90955222,25-06-2014,182.20000000000002,28.859999,16.44,13.5,163.7,1.23,9.1,163.7,0.0
-23.763056,27.908611,25-06-2014,176.8,31.179998,18.539999,11.6,157.7,1.49,8.8,157.7,0.0
-23.23572222,27.717,25-06-2014,124.9,32.63,20.13,0.4,164.3,1.73,6.2,118.700005,45.600002
-28.404444,30.013056,25-06-2014,110.60000000000001,29.119999,15.559999,17.1,160.8,1.18,5.5,134.40001,26.4
-29.744167,29.905833,25-06-2014,154.60000000000002,26.84,14.99,73.8,141.6,0.91999996,7.7,141.6,0.0
-27.3,28.586944,25-06-2014,135.4,27.24,13.509999,9.1,158.0,1.0699999,6.800000000000001,131.90001,26.1
-27.802778,28.768333,25-06-2014,128.3,26.689999,12.82,11.5,153.90001,1.01,6.4,141.7,12.2
-27.671111,27.236944,25-06-2014,80.4,29.74,15.309999,0.6,177.90001,1.4599999,4.0,76.4,101.5
-30.160091,27.40124,25-06-2014,79.30000000000001,28.609999,13.88,0.7,173.5,1.42,4.0,75.4,98.1
-30.336111,27.359444,25-06-2014,79.7,28.64,13.41,0.7,173.6,1.41,4.0,75.8,97.8
-34.405833,19.600556,25-06-2014,3.2,25.16,14.839999,9.0,158.3,0.81,0.2,5.0,153.3
-28.058889,30.373611,25-06-2014,151.8,27.98,14.679999,45.4,155.7,1.01,7.6000000000000005,151.5,4.2000003
-29.161667,23.696389,26-06-2014,23.6,34.53,17.02,0.1,221.2,2.45,1.2000000000000002,22.5,198.7
-30.830556,26.921389,26-06-2014,66.4,29.33,13.03,0.6,177.6,1.4699999,3.3000000000000003,63.100002,114.5
-22.91028,29.61111,26-06-2014,187.8,30.55,18.939999,37.3,142.5,1.3299999,9.4,142.5,0.0
-26.006389,29.253889,26-06-2014,221.3,26.609999,13.73,56.7,149.3,0.94,20.3,149.3,0.0
-25.49037,30.6986,26-06-2014,299.90000000000003,27.34,16.41,162.2,138.8,0.85999995,15.0,138.8,0.0
-27.5275,30.858056,26-06-2014,325.70000000000005,27.18,15.849999,72.8,145.8,0.87,114.7,145.8,0.0
-27.4275,28.525833,26-06-2014,130.9,27.119999,13.38,11.7,157.90001,1.0699999,6.5,133.6,24.300001
-27.38972222,26.46388889,26-06-2014,74.10000000000001,30.619999,16.06,0.6,189.40001,1.5799999,3.7,70.4,119.0
-27.398611,26.614722,26-06-2014,75.8,30.41,16.07,0.6,187.7,1.55,3.8000000000000003,72.0,115.700005
-27.573056,24.746389,26-06-2014,49.900000000000006,33.27,16.98,0.3,211.90001,2.11,2.5,47.4,164.5
-31.000833,26.353056,26-06-2014,50.2,29.099998,12.38,0.4,180.0,1.49,2.5,47.7,132.3
-30.679722,26.7125,26-06-2014,61.2,30.199999,13.58,0.5,183.40001,1.5999999,3.1,58.2,125.200005
-33.897778,20.012778,26-06-2014,2.0,30.31,15.37,1.9,193.5,1.4699999,0.1,2.0,191.5
-28.7115,24.07288889,27-06-2014,29.200000000000003,34.07,16.94,0.2,216.3,2.34,1.5,27.800001,188.5
-23.23572222,27.717,27-06-2014,124.9,32.63,20.13,0.4,164.3,1.73,6.2,118.700005,45.600002
-24.058889,31.237222,27-06-2014,203.5,31.949999,20.43,56.8,137.5,1.35,10.200000000000001,137.5,0.0
-27.902778,24.615556,27-06-2014,43.0,33.66,17.24,0.2,210.3,2.22,2.1,40.8,169.5
-29.658056,25.973333,27-06-2014,42.1,30.32,14.53,0.4,194.1,1.73,2.1,40.0,154.1
-30.534167,24.961944,27-06-2014,26.5,31.84,14.7699995,0.0,210.7,1.9599999,1.3,25.2,185.5
-26.45,28.085833,30-06-2014,154.3,27.4,14.45,3.8,159.7,1.1,7.7,146.90001,12.8
-27.671111,27.236944,30-06-2014,80.4,29.74,15.309999,0.6,177.90001,1.4599999,4.0,76.4,101.5
-25.57877778,29.12747222,30-06-2014,226.4,29.269999,15.839999,50.4,160.6,1.22,16.5,160.6,0.0
-25.127778,27.628889,01-07-2014,185.3,31.48,18.26,6.9,173.40001,1.52,9.3,173.40001,0.0
-25.20639,27.558,01-07-2014,182.3,31.42,18.19,4.7000003,174.0,1.51,9.1,173.3,0.7
-24.69514,27.40906,01-07-2014,182.4,32.2,19.41,2.6000001,178.1,1.66,9.1,173.3,4.8
-26.861111,28.884722,01-07-2014,156.20000000000002,26.789999,13.45,4.4,156.1,0.98999995,7.800000000000001,148.8,7.3
-26.98472222,26.63227778,01-07-2014,93.4,29.789999,16.07,0.6,178.2,1.4399999,4.7,88.8,89.4
-28.1175,26.719444,01-07-2014,64.5,30.31,15.799999,0.5,186.2,1.61,3.2,61.3,124.9
-27.671111,27.236944,01-07-2014,80.4,29.74,15.309999,0.6,177.90001,1.4599999,4.0,76.4,101.5
-34.031944,22.053333,01-07-2014,20.200000000000003,26.06,15.16,1.3000001,153.90001,0.78999996,1.0,19.300001,134.6
-34.039722,22.133333,01-07-2014,21.8,25.89,15.5,1.4,152.40001,0.75,1.1,20.800001,131.6
-28.068333,31.55,01-07-2014,230.4,30.8,20.27,65.3,154.90001,1.26,16.3,154.90001,0.0
-27.495556,26.074722,01-07-2014,65.60000000000001,30.849998,15.71,0.6,192.0,1.63,3.3000000000000003,62.4,129.6
-29.161667,23.696389,02-07-2014,23.6,34.53,17.02,0.1,221.2,2.45,1.2000000000000002,22.5,198.7
-27.01011111,26.69808333,02-07-2014,91.9,29.699999,15.98,0.6,180.0,1.43,4.6000000000000005,87.3,92.700005
-29.641944,30.6875,02-07-2014,113.9,27.65,18.609999,63.8,140.5,0.84,5.7,128.6,11.900001
-24.39619444,27.08983333,02-07-2014,163.4,32.489998,19.67,1.9,175.2,1.7199999,8.200000000000001,155.3,19.9
-27.00222,28.76528,02-07-2014,149.20000000000002,27.08,13.599999,3.9,156.7,1.04,7.5,142.1,14.6
-27.02314,28.59389,02-07-2014,145.3,27.3,13.71,3.9,158.2,1.0699999,7.300000000000001,138.40001,19.800001
-26.648056,27.089444,02-07-2014,118.9,28.789999,15.339999,2.9,168.6,1.28,5.9,113.200005,55.4
-26.880278,26.965,02-07-2014,104.80000000000001,29.41,15.83,2.2,172.40001,1.37,5.2,99.700005,72.700005
-27.273889,28.49,02-07-2014,133.9,27.21,13.58,7.6,158.8,1.0799999,6.7,129.2,29.6
-27.4275,28.525833,02-07-2014,130.9,27.119999,13.38,11.7,157.90001,1.0699999,6.5,133.6,24.300001
-27.3,28.586944,02-07-2014,135.4,27.24,13.509999,9.1,158.0,1.0699999,6.800000000000001,131.90001,26.1
-28.44555556,32.325,27-08-2014,88.7,30.529999,20.81,28.7,157.2,0.96,4.4,130.40001,26.800001
-27.671111,27.236944,03-07-2014,80.4,29.74,15.309999,0.6,177.90001,1.4599999,4.0,76.4,101.5
-34.005833,22.351111,03-07-2014,29.3,24.9,15.299999,1.7,146.0,0.65,1.5,27.9,118.1
-28.308889,31.9025,03-07-2014,223.20000000000002,30.529999,20.9,63.7,150.3,1.16,15.9,150.3,0.0
-25.99136,27.84208,07-07-2014,177.9,27.859999,15.42,13.0,160.1,1.13,8.9,160.1,0.0
-28.735556,29.820556,07-07-2014,110.5,29.41,16.039999,15.900001,159.40001,1.22,5.5,132.3,27.1
-26.73806,27.59194,07-07-2014,130.0,27.939999,14.929999,3.1000001,164.40001,1.1899999,6.5,123.8,40.600002
-26.45,28.085833,07-07-2014,154.3,27.4,14.45,3.8,159.7,1.1,7.7,146.90001,12.8
-26.98472222,26.63227778,07-07-2014,93.4,29.789999,16.07,0.6,178.2,1.4399999,4.7,88.8,89.4
-28.1175,26.719444,07-07-2014,64.5,30.31,15.799999,0.5,186.2,1.61,3.2,61.3,124.9
-28.116667,26.725278,07-07-2014,64.5,30.31,15.799999,0.5,186.2,1.61,3.2,61.3,124.9
-27.169444,29.233889,08-07-2014,156.3,26.42,13.179999,3.6000001,152.1,0.93,7.800000000000001,148.8,3.3
-26.861111,28.884722,08-07-2014,156.20000000000002,26.789999,13.45,4.4,156.1,0.98999995,7.800000000000001,148.8,7.3
-31.436944,20.474722,08-07-2014,1.2000000000000002,31.529999,13.23,0.0,236.8,2.07,0.1,1.1,235.7
-31.394444,20.947222,08-07-2014,2.0,32.16,14.059999,0.0,240.3,2.18,0.1,1.9,238.40001
-34.092222,21.295278,08-07-2014,11.5,28.039999,15.23,1.1,168.8,1.0799999,0.6000000000000001,10.900001,157.90001
-25.45963889,28.26430556,08-07-2014,201.20000000000002,29.789999,16.67,30.5,164.7,1.28,10.100000000000001,164.7,0.0
-29.161667,23.696389,09-07-2014,23.3,36.17,18.47,0.1,236.0,2.6499999,1.2000000000000002,22.1,213.90001
-25.81048333,27.90955222,09-07-2014,57.0,30.13,16.88,10.2,171.0,1.3399999,2.8000000000000003,57.3,113.700005
-25.362222,31.956667,09-07-2014,58.900000000000006,31.65,19.25,40.9,143.40001,1.12,2.9000000000000004,81.9,61.5
-26.905,32.324722,09-07-2014,74.0,33.88,20.76,4.5,161.2,1.4699999,3.7,70.4,90.8
-27.602222,29.942778,09-07-2014,57.2,29.279999,14.799999,13.900001,162.3,1.12,2.9000000000000004,60.3,102.0
-26.98472222,26.63227778,09-07-2014,47.6,31.34,16.539999,0.6,184.7,1.5699999,2.4000000000000004,45.2,139.5
-27.935,26.126667,09-07-2014,37.5,32.11,15.91,0.5,197.0,1.75,1.9000000000000001,35.600002,161.40001
-28.141944,26.417778,09-07-2014,37.300000000000004,32.079998,16.25,0.5,196.0,1.77,1.9000000000000001,35.4,160.6
-29.033333,23.983333,09-07-2014,26.700000000000003,35.67,17.85,0.2,229.8,2.52,1.3,25.4,204.40001
-30.568333,29.422778,09-07-2014,35.2,27.38,13.349999,10.400001,153.40001,0.95,1.8,35.8,117.6
-30.570833,29.150556,09-07-2014,37.5,27.17,13.219999,6.2000003,154.1,0.97999996,1.9000000000000001,36.600002,117.5
-31.104278,29.399722,09-07-2014,27.400000000000002,28.49,17.789999,7.4,154.5,0.98999995,1.4000000000000001,27.2,127.3
-27.4,26.624722,09-07-2014,41.800000000000004,31.89,16.619999,0.6,193.1,1.68,2.1,39.7,153.40001
-27.01011111,26.69808333,10-07-2014,46.1,31.179998,16.279999,0.6,185.5,1.54,2.3000000000000003,43.8,141.7
-25.436111,31.982222,10-07-2014,60.300000000000004,32.03,19.31,41.4,145.0,1.17,3.0,82.700005,62.3
-27.363611,31.783333,10-07-2014,64.10000000000001,32.05,19.46,28.7,156.90001,1.25,3.2,72.1,84.8
-26.648056,27.089444,10-07-2014,48.1,29.929998,15.46,2.7,174.8,1.3399999,2.4000000000000004,45.9,128.90001
-26.970278,27.211111,10-07-2014,45.800000000000004,30.15,15.65,2.2,176.1,1.4,2.3000000000000003,43.7,132.40001
-26.880278,26.965,10-07-2014,46.800000000000004,30.529999,15.889999,2.1000001,177.5,1.42,2.3000000000000003,44.600002,132.90001
-31.031389,28.883333,10-07-2014,31.700000000000003,28.349998,15.73,4.4,154.40001,1.0699999,1.6,30.5,123.9
-30.86013889,29.07125,10-07-2014,30.5,28.81,16.27,4.0,158.0,1.12,1.5,29.300001,128.7
-30.77586667,29.03221667,10-07-2014,32.0,28.74,15.889999,3.6000001,158.7,1.13,1.6,30.7,128.0
-31.396,29.2651,11-07-2014,27.200000000000003,28.92,19.17,4.7000003,155.2,1.0,1.4000000000000001,26.300001,128.90001
-29.7775,29.470833,14-07-2014,60.800000000000004,26.359999,12.82,15.8,150.40001,0.87,3.0,84.9,65.5
-29.744167,29.905833,14-07-2014,45.800000000000004,28.699999,15.389999,29.1,157.2,1.04,2.3000000000000003,88.3,68.9
-26.45,28.085833,14-07-2014,50.6,28.849998,14.78,3.5,164.5,1.2099999,2.5,48.4,116.1
-27.671111,27.236944,14-07-2014,40.6,30.98,15.45,0.6,183.40001,1.53,2.0,38.600002,144.8
-29.160278,26.573333,14-07-2014,33.9,32.719997,15.309999,0.5,200.8,1.91,1.7000000000000002,32.2,168.6
-33.818056,19.694722,14-07-2014,14.700000000000001,31.57,16.5,5.2000003,212.5,1.56,0.7000000000000001,14.900001,197.6
-32.502778,19.535833,14-07-2014,2.5,34.37,16.41,0.4,232.90001,2.25,0.1,2.4,230.5
-25.57877778,29.12747222,14-07-2014,55.400000000000006,30.289999,15.88,18.5,166.40001,1.3,2.8000000000000003,84.5,81.9
-25.127778,27.628889,15-07-2014,47.2,32.53,18.359999,6.3,184.3,1.5899999,2.4000000000000004,45.4,138.90001
-24.39619444,27.08983333,15-07-2014,44.0,33.04,19.56,1.9,187.90001,1.7199999,2.2,41.8,146.1
-24.69514,27.40906,15-07-2014,48.1,32.64,19.4,2.6000001,187.0,1.65,2.4000000000000004,45.7,141.3
-26.006389,29.253889,15-07-2014,60.900000000000006,27.789999,13.849999,20.9,153.7,1.02,3.0,93.700005,60.0
-30.733889,29.828333,15-07-2014,31.5,28.15,17.109999,23.2,151.0,0.95,1.6,49.9,101.1
-29.987778,29.851667,15-07-2014,43.400000000000006,27.769999,14.79,30.800001,152.90001,0.93,2.2,87.1,65.8
-29.380556,30.2775,15-07-2014,49.400000000000006,27.449999,14.5199995,28.300001,149.7,0.82,2.5,88.5,61.2
-26.861111,28.884722,15-07-2014,50.7,28.16,13.559999,4.0,158.3,1.0799999,2.5,48.5,109.8
-26.98472222,26.63227778,15-07-2014,47.6,31.34,16.539999,0.6,184.7,1.5699999,2.4000000000000004,45.2,139.5
-28.768056,20.720556,15-07-2014,11.3,36.969997,20.359999,0.0,254.1,3.07,0.6000000000000001,10.7,243.40001
-34.075556,20.145556,15-07-2014,15.200000000000001,31.279999,17.32,2.1000001,199.2,1.49,0.8,14.6,184.6
-31.5653,18.3306,15-07-2014,1.2000000000000002,31.42,16.65,0.2,219.2,1.5899999,0.1,1.1,218.1
-32.94583,18.33667,15-07-2014,5.5,29.9,16.89,5.1,204.3,1.35,0.30000000000000004,5.9,198.40001
-27.495556,26.074722,15-07-2014,40.400000000000006,32.21,16.32,0.6,199.90001,1.73,2.0,38.4,161.5
-29.161667,23.696389,16-07-2014,23.3,36.17,18.47,0.1,236.0,2.6499999,1.2000000000000002,22.1,213.90001
-27.01011111,26.69808333,16-07-2014,46.1,31.179998,16.279999,0.6,185.5,1.54,2.3000000000000003,43.8,141.7
-25.20639,27.558,16-07-2014,47.6,32.28,18.19,4.4,182.8,1.55,2.4000000000000004,45.5,137.3
-26.03611,30.99778,16-07-2014,87.5,29.3,17.99,92.9,157.1,1.13,4.4,129.90001,27.2
-30.398056,30.601944,16-07-2014,32.800000000000004,29.16,20.8,26.300001,157.7,0.91999996,1.6,51.9,105.8
-26.648056,27.089444,16-07-2014,48.1,29.929998,15.46,2.7,174.8,1.3399999,2.4000000000000004,45.9,128.90001
-26.970278,27.211111,16-07-2014,45.800000000000004,30.15,15.65,2.2,176.1,1.4,2.3000000000000003,43.7,132.40001
-26.880278,26.965,16-07-2014,46.800000000000004,30.529999,15.889999,2.1000001,177.5,1.42,2.3000000000000003,44.600002,132.90001
-27.044444,27.005,16-07-2014,45.5,30.64,15.98,1.1,179.90001,1.4599999,2.3000000000000003,43.3,136.6
-33.13083,18.86278,16-07-2014,8.700000000000001,32.739998,17.699999,8.5,209.40001,1.81,0.4,9.7,199.7
-28.1175,26.719444,17-07-2014,38.0,31.88,16.449999,0.5,191.5,1.75,1.9000000000000001,36.100002,155.40001
-28.116667,26.725278,17-07-2014,38.0,31.88,16.449999,0.5,191.5,1.75,1.9000000000000001,36.100002,155.40001
-28.376944,24.303056,17-07-2014,35.7,35.7,18.1,0.2,225.6,2.48,1.8,34.0,191.6
-24.95861111,29.39527778,18-07-2014,43.5,32.38,18.51,13.8,174.2,1.56,2.2,65.0,109.200005
-29.744167,29.905833,18-07-2014,45.800000000000004,28.699999,15.389999,29.1,157.2,1.04,2.3000000000000003,88.3,68.9
-27.902778,24.615556,18-07-2014,39.0,35.41,18.3,0.2,223.7,2.3999999,2.0,37.100002,186.6
-29.803611,30.516111,18-07-2014,45.2,28.59,17.449999,30.800001,151.7,0.89,2.3000000000000003,92.3,59.4
-29.140556,31.391944,21-07-2014,113.7,30.42,20.17,5.1,158.3,0.93,5.7,108.4,49.9
-25.99136,27.84208,21-07-2014,58.7,29.21,15.929999,9.8,168.0,1.25,2.9000000000000004,58.9,109.1
-25.513889,31.224444,21-07-2014,67.5,29.66,18.39,71.3,149.3,1.1,3.4000000000000004,118.0,31.300001
-29.160278,26.573333,21-07-2014,33.9,32.719997,15.309999,0.5,200.8,1.91,1.7000000000000002,32.2,168.6
-29.042222,24.6,21-07-2014,29.8,35.29,17.779999,0.1,226.5,2.47,1.5,28.300001,198.2
-29.033333,23.983333,21-07-2014,26.700000000000003,35.67,17.85,0.2,229.8,2.52,1.3,25.4,204.40001
-25.398889,31.610556,22-07-2014,55.0,31.24,19.83,43.8,147.0,1.17,2.8000000000000003,90.3,56.7
-28.801278,31.955389,22-07-2014,71.3,30.96,20.449999,6.3,161.1,0.97999996,3.6,68.4,92.700005
-27.935,26.126667,22-07-2014,37.5,32.11,15.91,0.5,197.0,1.75,1.9000000000000001,35.600002,161.40001
-28.1175,26.719444,22-07-2014,38.0,31.88,16.449999,0.5,191.5,1.75,1.9000000000000001,36.100002,155.40001
-28.116667,26.725278,22-07-2014,38.0,31.88,16.449999,0.5,191.5,1.75,1.9000000000000001,36.100002,155.40001
-29.028629,24.638389,22-07-2014,30.8,35.2,17.67,0.1,225.2,2.44,1.5,29.2,196.0
-28.69485,28.23487,22-07-2014,49.2,28.25,13.42,7.0,163.3,1.1999999,2.5,49.9,113.4
-29.615556,27.065278,22-07-2014,36.9,31.38,14.73,0.5,188.8,1.7199999,1.8,35.100002,153.7
-28.883333,27.89,22-07-2014,47.400000000000006,29.38,14.12,7.5,168.90001,1.36,2.4000000000000004,48.4,120.5
-25.45963889,28.26430556,22-07-2014,51.6,30.96,16.949999,17.5,172.3,1.4,2.6,62.0,110.3
-25.81048333,27.90955222,23-07-2014,57.0,30.13,16.88,10.2,171.0,1.3399999,2.8000000000000003,57.3,113.700005
-24.282222,28.090278,23-07-2014,55.6,30.609999,17.26,25.0,171.90001,1.36,2.8000000000000003,80.8,91.1
-28.747778,31.745833,23-07-2014,73.10000000000001,31.31,20.27,4.7000003,161.6,1.0699999,3.7,69.8,91.8
-28.404444,30.013056,23-07-2014,50.5,30.439999,15.809999,11.8,165.0,1.26,2.5,53.3,111.700005
-30.160091,27.40124,23-07-2014,36.6,30.88,14.75,0.7,182.6,1.62,1.8,34.7,147.90001
-30.336111,27.359444,23-07-2014,35.9,30.83,14.32,0.7,183.3,1.61,1.8,34.2,149.1
-33.501667,21.624167,23-07-2014,12.8,30.66,13.889999,0.1,197.90001,1.4599999,0.6000000000000001,12.1,185.8
-28.058889,30.373611,23-07-2014,58.7,28.82,14.549999,19.2,159.1,1.02,2.9000000000000004,82.0,77.1
-22.935,28.004167,24-07-2014,27.400000000000002,33.03,20.189999,0.2,185.5,1.74,1.4000000000000001,26.1,159.40001
-30.830556,26.921389,24-07-2014,28.5,31.5,14.0,0.6,189.40001,1.6899999,1.4000000000000001,27.1,162.3
-24.99328,30.81444,24-07-2014,78.30000000000001,25.029999,13.679999,121.0,135.40001,0.61,3.9000000000000004,113.0,22.4
-27.937778,31.209444,24-07-2014,118.7,30.039999,17.59,48.7,159.7,1.1,5.9,142.40001,17.300001
-27.5275,30.858056,24-07-2014,110.80000000000001,28.359999,15.58,42.7,152.90001,0.94,5.5,135.40001,17.5
-31.000833,26.353056,24-07-2014,26.0,31.179998,13.559999,0.4,194.1,1.7099999,1.3,24.7,169.40001
-30.679722,26.7125,24-07-2014,28.0,32.66,14.63,0.5,194.3,1.88,1.4000000000000001,26.6,167.7
-30.534167,24.961944,24-07-2014,22.5,33.93,16.21,0.0,220.90001,2.22,1.1,21.300001,199.6
-29.744167,29.905833,25-07-2014,45.800000000000004,28.699999,15.389999,29.1,157.2,1.04,2.3000000000000003,88.3,68.9
-29.658056,25.973333,25-07-2014,27.1,32.77,15.219999,0.4,204.0,1.9799999,1.4000000000000001,25.800001,178.2
-33.38056,19.30167,28-07-2014,12.9,29.96,14.19,7.3,206.90001,1.49,0.6000000000000001,13.5,193.40001
-30.534167,24.961944,16-08-2011,35.9,34.329998,16.26,0.0,217.8,2.26,1.8,34.100002,183.7
-27.01011111,26.69808333,29-07-2014,46.1,31.179998,16.279999,0.6,185.5,1.54,2.3000000000000003,43.8,141.7
-30.534167,24.961944,08-09-2011,35.9,34.329998,16.26,0.0,217.8,2.26,1.8,34.100002,183.7
-30.534167,24.961944,28-09-2011,35.9,34.329998,16.26,0.0,217.8,2.26,1.8,34.100002,183.7
-30.534167,24.961944,07-10-2011,35.9,34.329998,16.26,0.0,217.8,2.26,1.8,34.100002,183.7
-30.534167,24.961944,04-11-2011,35.9,34.329998,16.26,0.0,217.8,2.26,1.8,34.100002,183.7
-30.534167,24.961944,02-12-2011,35.9,34.329998,16.26,0.0,217.8,2.26,1.8,34.100002,183.7
-30.534167,24.961944,23-12-2011,35.9,34.329998,16.26,0.0,217.8,2.26,1.8,34.100002,183.7
-30.534167,24.961944,03-02-2012,58.0,30.57,14.38,0.0,187.90001,1.8299999,2.9000000000000004,55.100002,132.8
-30.534167,24.961944,02-03-2012,58.0,30.57,14.38,0.0,187.90001,1.8299999,2.9000000000000004,55.100002,132.8
-30.534167,24.961944,30-03-2012,58.0,30.57,14.38,0.0,187.90001,1.8299999,2.9000000000000004,55.100002,132.8
-30.534167,24.961944,25-05-2012,58.0,30.57,14.38,0.0,187.90001,1.8299999,2.9000000000000004,55.100002,132.8
-34.065833,20.404167,29-07-2014,13.600000000000001,32.05,18.029999,1.7,197.5,1.56,0.7000000000000001,13.0,184.5
-22.91028,29.61111,29-07-2014,38.6,31.199999,19.039999,18.6,165.3,1.38,1.9000000000000001,55.3,110.0
-30.534167,24.961944,20-07-2012,22.0,33.63,16.1,0.0,234.6,2.18,1.1,20.9,213.7
-30.534167,24.961944,14-09-2012,22.0,33.63,16.1,0.0,234.6,2.18,1.1,20.9,213.7
-30.534167,24.961944,12-10-2012,22.0,33.63,16.1,0.0,234.6,2.18,1.1,20.9,213.7
-30.534167,24.961944,09-11-2012,22.0,33.63,16.1,0.0,234.6,2.18,1.1,20.9,213.7
-30.534167,24.961944,06-12-2012,22.0,33.63,16.1,0.0,234.6,2.18,1.1,20.9,213.7
-25.127778,27.628889,29-07-2014,47.2,32.53,18.359999,6.3,184.3,1.5899999,2.4000000000000004,45.4,138.90001
-30.534167,24.961944,08-02-2013,57.300000000000004,30.57,14.45,0.0,201.6,1.8199999,2.9000000000000004,54.4,147.2
-25.20639,27.558,29-07-2014,47.6,32.28,18.19,4.4,182.8,1.55,2.4000000000000004,45.5,137.3
-24.69514,27.40906,29-07-2014,48.1,32.64,19.4,2.6000001,187.0,1.65,2.4000000000000004,45.7,141.3
-28.75,30.442778,29-07-2014,43.400000000000006,31.91,17.779999,11.3,168.6,1.35,2.2,46.3,122.3
-26.880278,26.965,29-07-2014,46.800000000000004,30.529999,15.889999,2.1000001,177.5,1.42,2.3000000000000003,44.600002,132.90001
-30.534167,24.961944,22-05-2014,26.5,31.84,14.7699995,0.0,210.7,1.9599999,1.3,25.2,185.5
-26.98472222,26.63227778,29-07-2014,47.6,31.34,16.539999,0.6,184.7,1.5699999,2.4000000000000004,45.2,139.5
-28.141944,26.417778,29-07-2014,37.300000000000004,32.079998,16.25,0.5,196.0,1.77,1.9000000000000001,35.4,160.6
-28.1175,26.719444,29-07-2014,38.0,31.88,16.449999,0.5,191.5,1.75,1.9000000000000001,36.100002,155.40001
-29.651389,22.746389,29-07-2014,14.600000000000001,36.14,19.84,0.0,239.8,2.81,0.7000000000000001,13.900001,225.90001
-30.534167,24.961944,16-10-2014,22.5,33.93,16.21,0.0,220.90001,2.22,1.1,21.300001,199.6
-30.534167,24.961944,06-11-2014,22.5,33.93,16.21,0.0,220.90001,2.22,1.1,21.300001,199.6
-30.534167,24.961944,04-12-2014,22.5,33.93,16.21,0.0,220.90001,2.22,1.1,21.300001,199.6
-30.534167,24.961944,08-01-2015,30.3,17.42,-1.12,0.0,87.6,0.78,1.5,28.7,58.9
-33.31388889,19.07472222,29-07-2014,10.700000000000001,32.23,16.789999,9.5,216.6,1.7199999,0.5,11.8,204.8
-28.338333,31.373611,29-07-2014,117.2,30.349998,18.279999,32.5,157.40001,1.1,5.9,140.5,16.9
-28.068333,31.55,29-07-2014,103.9,32.21,20.18,24.0,164.40001,1.35,5.2,139.90001,24.5
-27.495556,26.074722,29-07-2014,40.400000000000006,32.21,16.32,0.6,199.90001,1.73,2.0,38.4,161.5
-29.161667,23.696389,30-07-2014,23.3,36.17,18.47,0.1,236.0,2.6499999,1.2000000000000002,22.1,213.90001
-22.225556,29.990556,30-07-2014,25.5,34.27,22.15,0.2,179.5,1.89,1.3,24.2,155.3
-30.534167,24.961944,22-10-2015,3.0,34.48,15.87,0.0,229.2,2.28,0.2,2.9,226.3
-31.860278,18.6875,30-07-2014,1.8,32.899998,16.52,0.5,229.40001,1.91,0.1,1.7,227.7
-24.39619444,27.08983333,30-07-2014,44.0,33.04,19.56,1.9,187.90001,1.7199999,2.2,41.8,146.1
-23.281,30.54305556,30-07-2014,55.2,31.84,20.42,22.6,160.7,1.4,2.8000000000000003,62.2,98.5
-28.44555556,32.325,22-10-2014,88.7,30.529999,20.81,28.7,157.2,0.96,4.4,130.40001,26.800001
-29.161667,30.629722,30-07-2014,50.7,27.5,15.559999,25.5,148.40001,0.81,2.5,79.9,68.5
-31.436944,20.474722,24-04-2014,1.2000000000000002,31.529999,13.23,0.0,236.8,2.07,0.1,1.1,235.7
-26.861111,28.884722,30-07-2014,50.7,28.16,13.559999,4.0,158.3,1.0799999,2.5,48.5,109.8
-26.73806,27.59194,30-07-2014,48.900000000000006,29.3,15.219999,2.8,168.90001,1.29,2.4000000000000004,46.7,122.200005
-26.45,28.085833,30-07-2014,50.6,28.849998,14.78,3.5,164.5,1.2099999,2.5,48.4,116.1
-27.38972222,26.46388889,30-07-2014,41.6,32.04,16.76,0.6,195.40001,1.7099999,2.1,39.5,155.90001
-27.398611,26.614722,30-07-2014,41.800000000000004,31.89,16.619999,0.6,193.1,1.68,2.1,39.7,153.40001
-27.671111,27.236944,30-07-2014,40.6,30.98,15.45,0.6,183.40001,1.53,2.0,38.600002,144.8
-28.768056,20.720556,30-07-2014,11.3,36.969997,20.359999,0.0,254.1,3.07,0.6000000000000001,10.7,243.40001
-33.08883333,19.21878333,30-07-2014,9.3,29.49,13.37,5.0,205.3,1.5,0.5,9.400001,195.90001
-29.641944,30.6875,31-07-2014,48.5,29.63,18.99,29.9,155.40001,0.96999997,2.4000000000000004,80.0,75.4
-22.769722,30.886944,31-07-2014,45.400000000000006,32.45,20.13,32.2,165.8,1.41,2.3000000000000003,69.700005,96.1
-27.169444,29.233889,31-07-2014,50.2,27.8,13.13,3.3,156.2,1.01,2.5,48.0,108.200005
-27.00222,28.76528,31-07-2014,49.0,28.49,13.73,3.6000001,159.6,1.12,2.4000000000000004,46.8,112.8
-28.376944,24.303056,31-07-2014,35.7,35.7,18.1,0.2,225.6,2.48,1.8,34.0,191.6
-34.405833,19.600556,31-07-2014,23.6,27.0,16.4,7.7000003,173.0,0.89,1.2000000000000002,23.7,149.3
-34.329722,18.990278,31-07-2014,27.3,25.789999,16.01,14.900001,168.3,0.77,1.4000000000000001,29.0,139.3
-27.356667,27.286389,31-07-2014,42.5,30.449999,15.58,0.7,180.5,1.4499999,2.1,40.3,140.2
-28.308889,31.9025,31-07-2014,84.10000000000001,32.04,20.779999,23.4,161.7,1.26,4.2,120.200005,41.5
-33.897778,20.012778,31-07-2014,13.600000000000001,31.849998,16.81,1.8000001,201.3,1.5699999,0.7000000000000001,13.0,188.3
-29.744167,29.905833,01-08-2014,45.800000000000004,28.699999,15.389999,29.1,157.2,1.04,2.3000000000000003,88.3,68.9
-26.648056,27.089444,01-08-2014,48.1,29.929998,15.46,2.7,174.8,1.3399999,2.4000000000000004,45.9,128.90001
-27.671111,27.236944,01-08-2014,40.6,30.98,15.45,0.6,183.40001,1.53,2.0,38.600002,144.8
-27.902778,24.615556,01-08-2014,39.0,35.41,18.3,0.2,223.7,2.3999999,2.0,37.100002,186.6
-25.99136,27.84208,04-08-2014,58.7,29.21,15.929999,9.8,168.0,1.25,2.9000000000000004,58.9,109.1
-28.735556,29.820556,04-08-2014,51.1,30.92,15.92,11.0,164.8,1.28,2.6,53.4,111.4
-26.45,28.085833,04-08-2014,50.6,28.849998,14.78,3.5,164.5,1.2099999,2.5,48.4,116.1
-29.160278,26.573333,04-08-2014,33.9,32.719997,15.309999,0.5,200.8,1.91,1.7000000000000002,32.2,168.6
-24.058889,31.237222,05-08-2014,45.0,32.63,20.57,32.8,157.6,1.42,2.3000000000000003,66.700005,90.9
-26.861111,28.884722,05-08-2014,50.7,28.16,13.559999,4.0,158.3,1.0799999,2.5,48.5,109.8
-34.031944,22.053333,05-08-2014,19.700000000000003,28.019999,16.609999,1.3000001,168.5,0.89,1.0,18.7,149.8
-34.039722,22.133333,05-08-2014,20.3,27.83,17.01,1.4,166.90001,0.85999995,1.0,19.4,147.5
-25.45963889,28.26430556,05-08-2014,51.6,30.96,16.949999,17.5,172.3,1.4,2.6,62.0,110.3
-29.161667,23.696389,06-08-2014,23.3,36.17,18.47,0.1,236.0,2.6499999,1.2000000000000002,22.1,213.90001
-25.81048333,27.90955222,06-08-2014,57.0,30.13,16.88,10.2,171.0,1.3399999,2.8000000000000003,57.3,113.700005
-25.73411,27.21422,06-08-2014,58.5,30.179998,15.71,3.5,172.5,1.3199999,2.9000000000000004,55.9,116.6
-27.363611,31.783333,06-08-2014,64.10000000000001,32.05,19.46,28.7,156.90001,1.25,3.2,72.1,84.8
-26.905,32.324722,06-08-2014,74.0,33.88,20.76,4.5,161.2,1.4699999,3.7,70.4,90.8
-27.602222,29.942778,06-08-2014,57.2,29.279999,14.799999,13.900001,162.3,1.12,2.9000000000000004,60.3,102.0
-27.4275,28.525833,06-08-2014,47.7,28.779999,13.83,8.5,162.0,1.1899999,2.4000000000000004,48.600002,113.4
-27.3,28.586944,06-08-2014,48.300000000000004,28.769999,13.94,7.2000003,162.1,1.18,2.4000000000000004,47.7,114.4
-27.935,26.126667,06-08-2014,37.5,32.11,15.91,0.5,197.0,1.75,1.9000000000000001,35.600002,161.40001
-34.005833,22.351111,06-08-2014,24.3,26.66,16.82,1.6,160.40001,0.74,1.2000000000000002,23.1,137.3
-27.00222,28.76528,07-08-2014,49.0,28.49,13.73,3.6000001,159.6,1.12,2.4000000000000004,46.8,112.8
-27.02314,28.59389,07-08-2014,48.6,28.84,14.07,3.6000001,161.8,1.18,2.4000000000000004,46.4,115.4
-31.394444,20.947222,07-08-2014,3.5,34.11,16.41,0.0,240.0,2.47,0.2,3.3,236.7
-23.658056,31.05,08-08-2014,37.800000000000004,32.88,20.74,19.4,160.1,1.4699999,1.9000000000000001,42.3,117.8
-28.96362,19.15486,09-08-2014,4.6000000000000005,37.71,19.98,0.0,248.3,3.12,0.2,4.4,243.90001
-24.679167,30.8025,11-08-2014,80.7,26.789999,15.7,82.8,144.8,0.83,4.0,119.700005,25.1
-29.7775,29.470833,11-08-2014,60.800000000000004,26.359999,12.82,15.8,150.40001,0.87,3.0,84.9,65.5
-29.987778,29.851667,11-08-2014,43.400000000000006,27.769999,14.79,30.800001,152.90001,0.93,2.2,87.1,65.8
-29.744167,29.905833,11-08-2014,45.800000000000004,28.699999,15.389999,29.1,157.2,1.04,2.3000000000000003,88.3,68.9
-29.380556,30.2775,11-08-2014,49.400000000000006,27.449999,14.5199995,28.300001,149.7,0.82,2.5,88.5,61.2
-26.970278,27.211111,11-08-2014,45.800000000000004,30.15,15.65,2.2,176.1,1.4,2.3000000000000003,43.7,132.40001
-26.45,28.085833,11-08-2014,50.6,28.849998,14.78,3.5,164.5,1.2099999,2.5,48.4,116.1
-26.98472222,26.63227778,11-08-2014,47.6,31.34,16.539999,0.6,184.7,1.5699999,2.4000000000000004,45.2,139.5
-27.671111,27.236944,11-08-2014,40.6,30.98,15.45,0.6,183.40001,1.53,2.0,38.600002,144.8
-31.396,29.2651,11-08-2014,27.200000000000003,28.92,19.17,4.7000003,155.2,1.0,1.4000000000000001,26.300001,128.90001
-31.554722,29.245556,11-08-2014,29.700000000000003,27.599998,18.08,15.1,146.7,0.82,1.5,37.600002,109.1
-24.183889,30.823889,12-08-2014,46.800000000000004,32.469997,20.47,32.3,159.90001,1.4399999,2.3000000000000003,99.0,60.9
-25.127778,27.628889,12-08-2014,47.2,32.53,18.359999,6.3,184.3,1.5899999,2.4000000000000004,45.4,138.90001
-24.39619444,27.08983333,12-08-2014,44.0,33.04,19.56,1.9,187.90001,1.7199999,2.2,41.8,146.1
-24.69514,27.40906,12-08-2014,48.1,32.64,19.4,2.6000001,187.0,1.65,2.4000000000000004,45.7,141.3
-25.73411,27.21422,12-08-2014,58.5,30.179998,15.71,3.5,172.5,1.3199999,2.9000000000000004,55.9,116.6
-26.03611,30.99778,12-08-2014,87.5,29.3,17.99,92.9,157.1,1.13,4.4,129.90001,27.2
-30.733889,29.828333,12-08-2014,31.5,28.15,17.109999,23.2,151.0,0.95,1.6,49.9,101.1
-26.861111,28.884722,12-08-2014,50.7,28.16,13.559999,4.0,158.3,1.0799999,2.5,48.5,109.8
-27.00222,28.76528,12-08-2014,49.0,28.49,13.73,3.6000001,159.6,1.12,2.4000000000000004,46.8,112.8
-26.98472222,26.63227778,12-08-2014,47.6,31.34,16.539999,0.6,184.7,1.5699999,2.4000000000000004,45.2,139.5
-27.398611,26.614722,12-08-2014,41.800000000000004,31.89,16.619999,0.6,193.1,1.68,2.1,39.7,153.40001
-30.570833,29.150556,12-08-2014,37.5,27.17,13.219999,6.2000003,154.1,0.97999996,1.9000000000000001,36.600002,117.5
-31.104278,29.399722,12-08-2014,27.400000000000002,28.49,17.789999,7.4,154.5,0.98999995,1.4000000000000001,27.2,127.3
-27.495556,26.074722,12-08-2014,40.400000000000006,32.21,16.32,0.6,199.90001,1.73,2.0,38.4,161.5
-27.4,26.624722,12-08-2014,41.800000000000004,31.89,16.619999,0.6,193.1,1.68,2.1,39.7,153.40001
-29.161667,23.696389,13-08-2014,23.3,36.17,18.47,0.1,236.0,2.6499999,1.2000000000000002,22.1,213.90001
-27.01011111,26.69808333,13-08-2014,46.1,31.179998,16.279999,0.6,185.5,1.54,2.3000000000000003,43.8,141.7
-22.935,28.004167,13-08-2014,27.400000000000002,33.03,20.189999,0.2,185.5,1.74,1.4000000000000001,26.1,159.40001
-24.670833,28.560833,13-08-2014,45.7,30.71,16.859999,25.9,172.2,1.3299999,2.3000000000000003,87.9,84.3
-25.20639,27.558,13-08-2014,47.6,32.28,18.19,4.4,182.8,1.55,2.4000000000000004,45.5,137.3
-24.058889,31.237222,13-08-2014,45.0,32.63,20.57,32.8,157.6,1.42,2.3000000000000003,66.700005,90.9
-30.398056,30.601944,13-08-2014,32.800000000000004,29.16,20.8,26.300001,157.7,0.91999996,1.6,51.9,105.8
-26.648056,27.089444,13-08-2014,48.1,29.929998,15.46,2.7,174.8,1.3399999,2.4000000000000004,45.9,128.90001
-26.880278,26.965,13-08-2014,46.800000000000004,30.529999,15.889999,2.1000001,177.5,1.42,2.3000000000000003,44.600002,132.90001
-31.031389,28.883333,13-08-2014,31.700000000000003,28.349998,15.73,4.4,154.40001,1.0699999,1.6,30.5,123.9
-30.86013889,29.07125,13-08-2014,30.5,28.81,16.27,4.0,158.0,1.12,1.5,29.300001,128.7
-30.77586667,29.03221667,13-08-2014,32.0,28.74,15.889999,3.6000001,158.7,1.13,1.6,30.7,128.0
-24.282222,28.090278,14-08-2014,55.6,30.609999,17.26,25.0,171.90001,1.36,2.8000000000000003,80.8,91.1
-22.91028,29.61111,14-08-2014,38.6,31.199999,19.039999,18.6,165.3,1.38,1.9000000000000001,55.3,110.0
-25.49037,30.6986,14-08-2014,67.0,28.58,16.699999,109.5,149.8,0.98999995,3.4000000000000004,116.4,33.4
-30.13573889,30.67422222,14-08-2014,38.400000000000006,29.38,20.619999,28.6,157.90001,0.94,1.9000000000000001,70.1,87.8
-28.376944,24.303056,14-08-2014,35.7,35.7,18.1,0.2,225.6,2.48,1.8,34.0,191.6
-25.447222,30.711667,14-08-2014,65.10000000000001,29.14,17.369999,98.0,152.5,1.06,3.3000000000000003,116.8,35.7
-29.744167,29.905833,15-08-2014,45.800000000000004,28.699999,15.389999,29.1,157.2,1.04,2.3000000000000003,88.3,68.9
-27.902778,24.615556,15-08-2014,39.0,35.41,18.3,0.2,223.7,2.3999999,2.0,37.100002,186.6
-29.803611,30.516111,15-08-2014,45.2,28.59,17.449999,30.800001,151.7,0.89,2.3000000000000003,92.3,59.4
-28.96362,19.15486,16-08-2014,4.6000000000000005,37.71,19.98,0.0,248.3,3.12,0.2,4.4,243.90001
-25.99136,27.84208,18-08-2014,58.7,29.21,15.929999,9.8,168.0,1.25,2.9000000000000004,58.9,109.1
-26.73806,27.59194,18-08-2014,48.900000000000006,29.3,15.219999,2.8,168.90001,1.29,2.4000000000000004,46.7,122.200005
-26.45,28.085833,18-08-2014,50.6,28.849998,14.78,3.5,164.5,1.2099999,2.5,48.4,116.1
-28.1175,26.719444,18-08-2014,38.0,31.88,16.449999,0.5,191.5,1.75,1.9000000000000001,36.100002,155.40001
-27.671111,27.236944,18-08-2014,40.6,30.98,15.45,0.6,183.40001,1.53,2.0,38.600002,144.8
-29.160278,26.573333,18-08-2014,33.9,32.719997,15.309999,0.5,200.8,1.91,1.7000000000000002,32.2,168.6
-29.140556,31.391944,19-08-2014,113.7,30.42,20.17,5.1,158.3,0.93,5.7,108.4,49.9
-26.006389,29.253889,19-08-2014,60.900000000000006,27.789999,13.849999,20.9,153.7,1.02,3.0,93.700005,60.0
-28.801278,31.955389,19-08-2014,71.3,30.96,20.449999,6.3,161.1,0.97999996,3.6,68.4,92.700005
-27.169444,29.233889,19-08-2014,50.2,27.8,13.13,3.3,156.2,1.01,2.5,48.0,108.200005
-26.861111,28.884722,19-08-2014,50.7,28.16,13.559999,4.0,158.3,1.0799999,2.5,48.5,109.8
-27.00222,28.76528,19-08-2014,49.0,28.49,13.73,3.6000001,159.6,1.12,2.4000000000000004,46.8,112.8
-26.98472222,26.63227778,19-08-2014,47.6,31.34,16.539999,0.6,184.7,1.5699999,2.4000000000000004,45.2,139.5
-27.935,26.126667,19-08-2014,37.5,32.11,15.91,0.5,197.0,1.75,1.9000000000000001,35.600002,161.40001
-27.398611,26.614722,19-08-2014,41.800000000000004,31.89,16.619999,0.6,193.1,1.68,2.1,39.7,153.40001
-28.69485,28.23487,19-08-2014,49.2,28.25,13.42,7.0,163.3,1.1999999,2.5,49.9,113.4
-28.883333,27.89,19-08-2014,47.400000000000006,29.38,14.12,7.5,168.90001,1.36,2.4000000000000004,48.4,120.5
-25.45963889,28.26430556,19-08-2014,51.6,30.96,16.949999,17.5,172.3,1.4,2.6,62.0,110.3
-27.495556,26.074722,19-08-2014,40.400000000000006,32.21,16.32,0.6,199.90001,1.73,2.0,38.4,161.5
-27.4,26.624722,19-08-2014,41.800000000000004,31.89,16.619999,0.6,193.1,1.68,2.1,39.7,153.40001
-29.161667,23.696389,20-08-2014,23.3,36.17,18.47,0.1,236.0,2.6499999,1.2000000000000002,22.1,213.90001
-27.01011111,26.69808333,20-08-2014,46.1,31.179998,16.279999,0.6,185.5,1.54,2.3000000000000003,43.8,141.7
-25.81048333,27.90955222,20-08-2014,57.0,30.13,16.88,10.2,171.0,1.3399999,2.8000000000000003,57.3,113.700005
-28.747778,31.745833,20-08-2014,73.10000000000001,31.31,20.27,4.7000003,161.6,1.0699999,3.7,69.8,91.8
-28.404444,30.013056,20-08-2014,50.5,30.439999,15.809999,11.8,165.0,1.26,2.5,53.3,111.700005
-26.648056,27.089444,20-08-2014,48.1,29.929998,15.46,2.7,174.8,1.3399999,2.4000000000000004,45.9,128.90001
-26.970278,27.211111,20-08-2014,45.800000000000004,30.15,15.65,2.2,176.1,1.4,2.3000000000000003,43.7,132.40001
-26.880278,26.965,20-08-2014,46.800000000000004,30.529999,15.889999,2.1000001,177.5,1.42,2.3000000000000003,44.600002,132.90001
-28.1175,26.719444,20-08-2014,38.0,31.88,16.449999,0.5,191.5,1.75,1.9000000000000001,36.100002,155.40001
-30.160091,27.40124,20-08-2014,36.6,30.88,14.75,0.7,182.6,1.62,1.8,34.7,147.90001
-30.336111,27.359444,20-08-2014,35.9,30.83,14.32,0.7,183.3,1.61,1.8,34.2,149.1
-29.615556,27.065278,20-08-2014,36.9,31.38,14.73,0.5,188.8,1.7199999,1.8,35.100002,153.7
-28.058889,30.373611,20-08-2014,58.7,28.82,14.549999,19.2,159.1,1.02,2.9000000000000004,82.0,77.1
-30.830556,26.921389,21-08-2014,28.5,31.5,14.0,0.6,189.40001,1.6899999,1.4000000000000001,27.1,162.3
-27.937778,31.209444,21-08-2014,118.7,30.039999,17.59,48.7,159.7,1.1,5.9,142.40001,17.300001
-27.5275,30.858056,21-08-2014,110.80000000000001,28.359999,15.58,42.7,152.90001,0.94,5.5,135.40001,17.5
-28.116667,26.725278,21-08-2014,38.0,31.88,16.449999,0.5,191.5,1.75,1.9000000000000001,36.100002,155.40001
-31.000833,26.353056,21-08-2014,26.0,31.179998,13.559999,0.4,194.1,1.7099999,1.3,24.7,169.40001
-30.679722,26.7125,21-08-2014,28.0,32.66,14.63,0.5,194.3,1.88,1.4000000000000001,26.6,167.7
-28.883333,27.89,21-08-2014,47.400000000000006,29.38,14.12,7.5,168.90001,1.36,2.4000000000000004,48.4,120.5
-30.534167,24.961944,21-08-2014,22.5,33.93,16.21,0.0,220.90001,2.22,1.1,21.300001,199.6
-31.394444,20.947222,21-08-2014,3.5,34.11,16.41,0.0,240.0,2.47,0.2,3.3,236.7
-24.925278,29.324444,22-08-2014,40.300000000000004,32.04,18.17,15.3,173.0,1.4699999,2.0,64.6,108.4
-29.658056,25.973333,22-08-2014,27.1,32.77,15.219999,0.4,204.0,1.9799999,1.4000000000000001,25.800001,178.2
-26.45,28.085833,25-08-2014,50.6,28.849998,14.78,3.5,164.5,1.2099999,2.5,48.4,116.1
-29.042222,24.6,25-08-2014,29.8,35.29,17.779999,0.1,226.5,2.47,1.5,28.300001,198.2
-29.028629,24.638389,25-08-2014,30.8,35.2,17.67,0.1,225.2,2.44,1.5,29.2,196.0
-33.818056,19.694722,25-08-2014,14.700000000000001,31.57,16.5,5.2000003,212.5,1.56,0.7000000000000001,14.900001,197.6
-32.502778,19.535833,25-08-2014,2.5,34.37,16.41,0.4,232.90001,2.25,0.1,2.4,230.5
-27.01011111,26.69808333,26-08-2014,46.1,31.179998,16.279999,0.6,185.5,1.54,2.3000000000000003,43.8,141.7
-25.127778,27.628889,26-08-2014,47.2,32.53,18.359999,6.3,184.3,1.5899999,2.4000000000000004,45.4,138.90001
-25.20639,27.558,26-08-2014,47.6,32.28,18.19,4.4,182.8,1.55,2.4000000000000004,45.5,137.3
-24.69514,27.40906,26-08-2014,48.1,32.64,19.4,2.6000001,187.0,1.65,2.4000000000000004,45.7,141.3
-23.281,30.54305556,26-08-2014,55.2,31.84,20.42,22.6,160.7,1.4,2.8000000000000003,62.2,98.5
-26.861111,28.884722,26-08-2014,50.7,28.16,13.559999,4.0,158.3,1.0799999,2.5,48.5,109.8
-26.648056,27.089444,26-08-2014,48.1,29.929998,15.46,2.7,174.8,1.3399999,2.4000000000000004,45.9,128.90001
-26.970278,27.211111,26-08-2014,45.800000000000004,30.15,15.65,2.2,176.1,1.4,2.3000000000000003,43.7,132.40001
-26.880278,26.965,26-08-2014,46.800000000000004,30.529999,15.889999,2.1000001,177.5,1.42,2.3000000000000003,44.600002,132.90001
-26.98472222,26.63227778,26-08-2014,47.6,31.34,16.539999,0.6,184.7,1.5699999,2.4000000000000004,45.2,139.5
-28.141944,26.417778,26-08-2014,37.300000000000004,32.079998,16.25,0.5,196.0,1.77,1.9000000000000001,35.4,160.6
-28.1175,26.719444,26-08-2014,38.0,31.88,16.449999,0.5,191.5,1.75,1.9000000000000001,36.100002,155.40001
-33.501667,21.624167,26-08-2014,12.8,30.66,13.889999,0.1,197.90001,1.4599999,0.6000000000000001,12.1,185.8
-34.075556,20.145556,26-08-2014,15.200000000000001,31.279999,17.32,2.1000001,199.2,1.49,0.8,14.6,184.6
-31.5653,18.3306,26-08-2014,1.2000000000000002,31.42,16.65,0.2,219.2,1.5899999,0.1,1.1,218.1
-32.94583,18.33667,26-08-2014,5.5,29.9,16.89,5.1,204.3,1.35,0.30000000000000004,5.9,198.40001
-28.338333,31.373611,26-08-2014,117.2,30.349998,18.279999,32.5,157.40001,1.1,5.9,140.5,16.9
-28.068333,31.55,26-08-2014,103.9,32.21,20.18,24.0,164.40001,1.35,5.2,139.90001,24.5
-24.39619444,27.08983333,27-08-2014,44.0,33.04,19.56,1.9,187.90001,1.7199999,2.2,41.8,146.1
-22.769722,30.886944,27-08-2014,45.400000000000006,32.45,20.13,32.2,165.8,1.41,2.3000000000000003,69.700005,96.1
-28.44555556,32.325,19-11-2014,88.7,30.529999,20.81,28.7,157.2,0.96,4.4,130.40001,26.800001
-29.161667,30.629722,27-08-2014,50.7,27.5,15.559999,25.5,148.40001,0.81,2.5,79.9,68.5
-27.00222,28.76528,27-08-2014,49.0,28.49,13.73,3.6000001,159.6,1.12,2.4000000000000004,46.8,112.8
-27.02314,28.59389,27-08-2014,48.6,28.84,14.07,3.6000001,161.8,1.18,2.4000000000000004,46.4,115.4
-27.4275,28.525833,27-08-2014,47.7,28.779999,13.83,8.5,162.0,1.1899999,2.4000000000000004,48.600002,113.4
-27.3,28.586944,27-08-2014,48.300000000000004,28.769999,13.94,7.2000003,162.1,1.18,2.4000000000000004,47.7,114.4
-27.398611,26.614722,27-08-2014,41.800000000000004,31.89,16.619999,0.6,193.1,1.68,2.1,39.7,153.40001
-33.13083,18.86278,27-08-2014,8.700000000000001,32.739998,17.699999,8.5,209.40001,1.81,0.4,9.7,199.7
-33.7075,18.97444444,27-08-2014,16.2,31.46,17.48,10.8,212.0,1.55,0.8,17.5,194.5
-28.308889,31.9025,27-08-2014,84.10000000000001,32.04,20.779999,23.4,161.7,1.26,4.2,120.200005,41.5
-26.619444,27.980833,28-08-2014,48.5,29.26,15.16,3.2,167.2,1.27,2.4000000000000004,46.4,120.8
-26.510278,28.351389,28-08-2014,49.800000000000004,28.74,14.17,4.3,162.8,1.18,2.5,47.7,115.1
-27.671111,27.236944,28-08-2014,40.6,30.98,15.45,0.6,183.40001,1.53,2.0,38.600002,144.8
-27.573056,24.746389,28-08-2014,42.900000000000006,34.78,17.88,0.3,215.40001,2.23,2.1,40.7,174.7
-28.376944,24.303056,28-08-2014,35.7,35.7,18.1,0.2,225.6,2.48,1.8,34.0,191.6
-28.75,30.442778,29-08-2014,43.400000000000006,31.91,17.779999,11.3,168.6,1.35,2.2,46.3,122.3
-29.744167,29.905833,29-08-2014,45.800000000000004,28.699999,15.389999,29.1,157.2,1.04,2.3000000000000003,88.3,68.9
-27.902778,24.615556,29-08-2014,39.0,35.41,18.3,0.2,223.7,2.3999999,2.0,37.100002,186.6
-25.99136,27.84208,01-09-2014,58.7,29.21,15.929999,9.8,168.0,1.25,2.9000000000000004,58.9,109.1
-26.73806,27.59194,01-09-2014,48.900000000000006,29.3,15.219999,2.8,168.90001,1.29,2.4000000000000004,46.7,122.200005
-26.45,28.085833,01-09-2014,50.6,28.849998,14.78,3.5,164.5,1.2099999,2.5,48.4,116.1
-28.141944,26.417778,01-09-2014,37.300000000000004,32.079998,16.25,0.5,196.0,1.77,1.9000000000000001,35.4,160.6
-28.116667,26.725278,01-09-2014,38.0,31.88,16.449999,0.5,191.5,1.75,1.9000000000000001,36.100002,155.40001
-33.38056,19.30167,01-09-2014,12.9,29.96,14.19,7.3,206.90001,1.49,0.6000000000000001,13.5,193.40001
-34.065833,20.404167,02-09-2014,13.600000000000001,32.05,18.029999,1.7,197.5,1.56,0.7000000000000001,13.0,184.5
-31.860278,18.6875,02-09-2014,1.8,32.899998,16.52,0.5,229.40001,1.91,0.1,1.7,227.7
-27.169444,29.233889,02-09-2014,50.2,27.8,13.13,3.3,156.2,1.01,2.5,48.0,108.200005
-26.861111,28.884722,02-09-2014,50.7,28.16,13.559999,4.0,158.3,1.0799999,2.5,48.5,109.8
-27.00222,28.76528,02-09-2014,49.0,28.49,13.73,3.6000001,159.6,1.12,2.4000000000000004,46.8,112.8
-26.880278,26.965,02-09-2014,46.800000000000004,30.529999,15.889999,2.1000001,177.5,1.42,2.3000000000000003,44.600002,132.90001
-27.935,26.126667,02-09-2014,37.5,32.11,15.91,0.5,197.0,1.75,1.9000000000000001,35.600002,161.40001
-27.671111,27.236944,02-09-2014,40.6,30.98,15.45,0.6,183.40001,1.53,2.0,38.600002,144.8
-34.031944,22.053333,02-09-2014,19.700000000000003,28.019999,16.609999,1.3000001,168.5,0.89,1.0,18.7,149.8
-34.039722,22.133333,02-09-2014,20.3,27.83,17.01,1.4,166.90001,0.85999995,1.0,19.4,147.5
-25.45963889,28.26430556,02-09-2014,51.6,30.96,16.949999,17.5,172.3,1.4,2.6,62.0,110.3
-25.57877778,29.12747222,02-09-2014,55.400000000000006,30.289999,15.88,18.5,166.40001,1.3,2.8000000000000003,84.5,81.9
-29.161667,23.696389,03-09-2014,23.3,36.17,18.47,0.1,236.0,2.6499999,1.2000000000000002,22.1,213.90001
-25.81048333,27.90955222,03-09-2014,57.0,30.13,16.88,10.2,171.0,1.3399999,2.8000000000000003,57.3,113.700005
-23.658056,31.05,03-09-2014,37.800000000000004,32.88,20.74,19.4,160.1,1.4699999,1.9000000000000001,42.3,117.8
-26.006389,29.253889,03-09-2014,60.900000000000006,27.789999,13.849999,20.9,153.7,1.02,3.0,93.700005,60.0
-27.602222,29.942778,03-09-2014,57.2,29.279999,14.799999,13.900001,162.3,1.12,2.9000000000000004,60.3,102.0
-27.802778,28.768333,03-09-2014,48.2,28.349998,13.13,8.0,158.6,1.11,2.4000000000000004,49.3,109.3
-29.160278,26.573333,03-09-2014,33.9,32.719997,15.309999,0.5,200.8,1.91,1.7000000000000002,32.2,168.6
-31.436944,20.474722,03-09-2014,2.6,33.68,15.429999,0.0,233.7,2.3799999,0.1,2.4,231.3
-34.405833,19.600556,03-09-2014,23.6,27.0,16.4,7.7000003,173.0,0.89,1.2000000000000002,23.7,149.3
-27.363611,31.783333,04-09-2014,64.10000000000001,32.05,19.46,28.7,156.90001,1.25,3.2,72.1,84.8
-26.970278,27.211111,04-09-2014,45.800000000000004,30.15,15.65,2.2,176.1,1.4,2.3000000000000003,43.7,132.40001
-27.671111,27.236944,04-09-2014,40.6,30.98,15.45,0.6,183.40001,1.53,2.0,38.600002,144.8
-34.329722,18.990278,04-09-2014,27.3,25.789999,16.01,14.900001,168.3,0.77,1.4000000000000001,29.0,139.3
-33.897778,20.012778,04-09-2014,13.600000000000001,31.849998,16.81,1.8000001,201.3,1.5699999,0.7000000000000001,13.0,188.3
-27.01011111,26.69808333,05-09-2014,46.1,31.179998,16.279999,0.6,185.5,1.54,2.3000000000000003,43.8,141.7
-26.905,32.324722,05-09-2014,74.0,33.88,20.76,4.5,161.2,1.4699999,3.7,70.4,90.8
-28.735556,29.820556,05-09-2014,51.1,30.92,15.92,11.0,164.8,1.28,2.6,53.4,111.4
-29.744167,29.905833,05-09-2014,45.800000000000004,28.699999,15.389999,29.1,157.2,1.04,2.3000000000000003,88.3,68.9
-26.98472222,26.63227778,05-09-2014,47.6,31.34,16.539999,0.6,184.7,1.5699999,2.4000000000000004,45.2,139.5
-34.005833,22.351111,05-09-2014,24.3,26.66,16.82,1.6,160.40001,0.74,1.2000000000000002,23.1,137.3
-27.495556,26.074722,05-09-2014,40.400000000000006,32.21,16.32,0.6,199.90001,1.73,2.0,38.4,161.5
-28.96362,19.15486,06-09-2014,4.6000000000000005,37.71,19.98,0.0,248.3,3.12,0.2,4.4,243.90001
-28.338333,31.373611,06-09-2014,117.2,30.349998,18.279999,32.5,157.40001,1.1,5.9,140.5,16.9
-29.7775,29.470833,08-09-2014,60.800000000000004,26.359999,12.82,15.8,150.40001,0.87,3.0,84.9,65.5
-29.987778,29.851667,08-09-2014,43.400000000000006,27.769999,14.79,30.800001,152.90001,0.93,2.2,87.1,65.8
-29.744167,29.905833,08-09-2014,45.800000000000004,28.699999,15.389999,29.1,157.2,1.04,2.3000000000000003,88.3,68.9
-26.98472222,26.63227778,08-09-2014,47.6,31.34,16.539999,0.6,184.7,1.5699999,2.4000000000000004,45.2,139.5
-27.671111,27.236944,08-09-2014,40.6,30.98,15.45,0.6,183.40001,1.53,2.0,38.600002,144.8
-29.160278,26.573333,08-09-2014,33.9,32.719997,15.309999,0.5,200.8,1.91,1.7000000000000002,32.2,168.6
-33.31388889,19.07472222,08-09-2014,10.700000000000001,32.23,16.789999,9.5,216.6,1.7199999,0.5,11.8,204.8
-25.127778,27.628889,09-09-2014,47.2,32.53,18.359999,6.3,184.3,1.5899999,2.4000000000000004,45.4,138.90001
-25.20639,27.558,09-09-2014,47.6,32.28,18.19,4.4,182.8,1.55,2.4000000000000004,45.5,137.3
-24.39619444,27.08983333,09-09-2014,44.0,33.04,19.56,1.9,187.90001,1.7199999,2.2,41.8,146.1
-24.69514,27.40906,09-09-2014,48.1,32.64,19.4,2.6000001,187.0,1.65,2.4000000000000004,45.7,141.3
-30.733889,29.828333,09-09-2014,31.5,28.15,17.109999,23.2,151.0,0.95,1.6,49.9,101.1
-29.380556,30.2775,09-09-2014,49.400000000000006,27.449999,14.5199995,28.300001,149.7,0.82,2.5,88.5,61.2
-28.141944,26.417778,09-09-2014,37.300000000000004,32.079998,16.25,0.5,196.0,1.77,1.9000000000000001,35.4,160.6
-28.1175,26.719444,09-09-2014,38.0,31.88,16.449999,0.5,191.5,1.75,1.9000000000000001,36.100002,155.40001
-27.398611,26.614722,09-09-2014,41.800000000000004,31.89,16.619999,0.6,193.1,1.68,2.1,39.7,153.40001
-28.69485,28.23487,09-09-2014,49.2,28.25,13.42,7.0,163.3,1.1999999,2.5,49.9,113.4
-29.615556,27.065278,09-09-2014,36.9,31.38,14.73,0.5,188.8,1.7199999,1.8,35.100002,153.7
-28.883333,27.89,09-09-2014,47.400000000000006,29.38,14.12,7.5,168.90001,1.36,2.4000000000000004,48.4,120.5
-31.554722,29.245556,09-09-2014,29.700000000000003,27.599998,18.08,15.1,146.7,0.82,1.5,37.600002,109.1
-27.4,26.624722,09-09-2014,41.800000000000004,31.89,16.619999,0.6,193.1,1.68,2.1,39.7,153.40001
-29.161667,23.696389,10-09-2014,23.3,36.17,18.47,0.1,236.0,2.6499999,1.2000000000000002,22.1,213.90001
-27.01011111,26.69808333,10-09-2014,46.1,31.179998,16.279999,0.6,185.5,1.54,2.3000000000000003,43.8,141.7
-26.648056,27.089444,10-09-2014,48.1,29.929998,15.46,2.7,174.8,1.3399999,2.4000000000000004,45.9,128.90001
-26.970278,27.211111,10-09-2014,45.800000000000004,30.15,15.65,2.2,176.1,1.4,2.3000000000000003,43.7,132.40001
-26.880278,26.965,10-09-2014,46.800000000000004,30.529999,15.889999,2.1000001,177.5,1.42,2.3000000000000003,44.600002,132.90001
-26.98472222,26.63227778,10-09-2014,47.6,31.34,16.539999,0.6,184.7,1.5699999,2.4000000000000004,45.2,139.5
-27.671111,27.236944,10-09-2014,40.6,30.98,15.45,0.6,183.40001,1.53,2.0,38.600002,144.8
-30.160091,27.40124,10-09-2014,36.6,30.88,14.75,0.7,182.6,1.62,1.8,34.7,147.90001
-30.336111,27.359444,10-09-2014,35.9,30.83,14.32,0.7,183.3,1.61,1.8,34.2,149.1
-28.460833,21.248889,10-09-2014,16.2,36.899998,20.1,0.0,241.2,3.01,0.8,15.400001,225.8
-30.568333,29.422778,10-09-2014,35.2,27.38,13.349999,10.400001,153.40001,0.95,1.8,35.8,117.6
-30.570833,29.150556,10-09-2014,37.5,27.17,13.219999,6.2000003,154.1,0.97999996,1.9000000000000001,36.600002,117.5
-30.830556,26.921389,11-09-2014,28.5,31.5,14.0,0.6,189.40001,1.6899999,1.4000000000000001,27.1,162.3
-30.13573889,30.67422222,11-09-2014,38.400000000000006,29.38,20.619999,28.6,157.90001,0.94,1.9000000000000001,70.1,87.8
-27.38972222,26.46388889,11-09-2014,41.6,32.04,16.76,0.6,195.40001,1.7099999,2.1,39.5,155.90001
-27.398611,26.614722,11-09-2014,41.800000000000004,31.89,16.619999,0.6,193.1,1.68,2.1,39.7,153.40001
-28.376944,24.303056,11-09-2014,35.7,35.7,18.1,0.2,225.6,2.48,1.8,34.0,191.6
-31.000833,26.353056,11-09-2014,26.0,31.179998,13.559999,0.4,194.1,1.7099999,1.3,24.7,169.40001
-30.679722,26.7125,11-09-2014,28.0,32.66,14.63,0.5,194.3,1.88,1.4000000000000001,26.6,167.7
-30.534167,24.961944,11-09-2014,22.5,33.93,16.21,0.0,220.90001,2.22,1.1,21.300001,199.6
-30.77586667,29.03221667,11-09-2014,32.0,28.74,15.889999,3.6000001,158.7,1.13,1.6,30.7,128.0
-27.902778,24.615556,12-09-2014,39.0,35.41,18.3,0.2,223.7,2.3999999,2.0,37.100002,186.6
-29.803611,30.516111,12-09-2014,45.2,28.59,17.449999,30.800001,151.7,0.89,2.3000000000000003,92.3,59.4
-24.679167,30.8025,15-09-2014,80.7,26.789999,15.7,82.8,144.8,0.83,4.0,119.700005,25.1
-25.99136,27.84208,15-09-2014,58.7,29.21,15.929999,9.8,168.0,1.25,2.9000000000000004,58.9,109.1
-25.513889,31.224444,15-09-2014,67.5,29.66,18.39,71.3,149.3,1.1,3.4000000000000004,118.0,31.300001
-26.73806,27.59194,15-09-2014,48.900000000000006,29.3,15.219999,2.8,168.90001,1.29,2.4000000000000004,46.7,122.200005
-26.45,28.085833,15-09-2014,50.6,28.849998,14.78,3.5,164.5,1.2099999,2.5,48.4,116.1
-29.042222,24.6,15-09-2014,29.8,35.29,17.779999,0.1,226.5,2.47,1.5,28.300001,198.2
-29.028629,24.638389,15-09-2014,30.8,35.2,17.67,0.1,225.2,2.44,1.5,29.2,196.0
-22.225556,29.990556,16-09-2014,25.5,34.27,22.15,0.2,179.5,1.89,1.3,24.2,155.3
-25.436111,31.982222,16-09-2014,60.300000000000004,32.03,19.31,41.4,145.0,1.17,3.0,82.700005,62.3
-29.140556,31.391944,16-09-2014,113.7,30.42,20.17,5.1,158.3,0.93,5.7,108.4,49.9
-24.183889,30.823889,16-09-2014,46.800000000000004,32.469997,20.47,32.3,159.90001,1.4399999,2.3000000000000003,99.0,60.9
-25.73411,27.21422,16-09-2014,58.5,30.179998,15.71,3.5,172.5,1.3199999,2.9000000000000004,55.9,116.6
-23.838611,31.640833,16-09-2014,39.1,33.94,21.32,27.6,161.3,1.61,2.0,45.0,116.3
-24.058889,31.237222,16-09-2014,45.0,32.63,20.57,32.8,157.6,1.42,2.3000000000000003,66.700005,90.9
-26.03611,30.99778,16-09-2014,87.5,29.3,17.99,92.9,157.1,1.13,4.4,129.90001,27.2
-25.681111,31.783333,16-09-2014,57.900000000000006,31.859999,19.779999,41.8,150.2,1.22,2.9000000000000004,86.0,64.200005
-25.362222,31.956667,16-09-2014,58.900000000000006,31.65,19.25,40.9,143.40001,1.12,2.9000000000000004,81.9,61.5
-27.169444,29.233889,16-09-2014,50.2,27.8,13.13,3.3,156.2,1.01,2.5,48.0,108.200005
-26.861111,28.884722,16-09-2014,50.7,28.16,13.559999,4.0,158.3,1.0799999,2.5,48.5,109.8
-27.802778,28.768333,16-09-2014,48.2,28.349998,13.13,8.0,158.6,1.11,2.4000000000000004,49.3,109.3
-33.501667,21.624167,16-09-2014,12.8,30.66,13.889999,0.1,197.90001,1.4599999,0.6000000000000001,12.1,185.8
-25.45963889,28.26430556,16-09-2014,51.6,30.96,16.949999,17.5,172.3,1.4,2.6,62.0,110.3
-25.81048333,27.90955222,17-09-2014,57.0,30.13,16.88,10.2,171.0,1.3399999,2.8000000000000003,57.3,113.700005
-24.282222,28.090278,17-09-2014,55.6,30.609999,17.26,25.0,171.90001,1.36,2.8000000000000003,80.8,91.1
-23.23572222,27.717,17-09-2014,31.700000000000003,33.42,20.01,0.4,186.90001,1.78,1.6,30.1,156.8
-24.670833,28.560833,17-09-2014,45.7,30.71,16.859999,25.9,172.2,1.3299999,2.3000000000000003,87.9,84.3
-22.91028,29.61111,17-09-2014,38.6,31.199999,19.039999,18.6,165.3,1.38,1.9000000000000001,55.3,110.0
-24.768889,31.39,17-09-2014,58.300000000000004,31.929998,20.109999,49.7,149.8,1.3399999,2.9000000000000004,111.1,38.7
-28.801278,31.955389,17-09-2014,71.3,30.96,20.449999,6.3,161.1,0.97999996,3.6,68.4,92.700005
-28.404444,30.013056,17-09-2014,50.5,30.439999,15.809999,11.8,165.0,1.26,2.5,53.3,111.700005
-27.00222,28.76528,17-09-2014,49.0,28.49,13.73,3.6000001,159.6,1.12,2.4000000000000004,46.8,112.8
-27.02314,28.59389,17-09-2014,48.6,28.84,14.07,3.6000001,161.8,1.18,2.4000000000000004,46.4,115.4
-27.273889,28.49,17-09-2014,48.1,28.82,14.099999,6.4,162.40001,1.1999999,2.4000000000000004,46.9,115.5
-27.4275,28.525833,17-09-2014,47.7,28.779999,13.83,8.5,162.0,1.1899999,2.4000000000000004,48.600002,113.4
-27.3,28.586944,17-09-2014,48.300000000000004,28.769999,13.94,7.2000003,162.1,1.18,2.4000000000000004,47.7,114.4
-27.935,26.126667,17-09-2014,37.5,32.11,15.91,0.5,197.0,1.75,1.9000000000000001,35.600002,161.40001
-28.768056,20.720556,17-09-2014,11.3,36.969997,20.359999,0.0,254.1,3.07,0.6000000000000001,10.7,243.40001
-28.058889,30.373611,17-09-2014,58.7,28.82,14.549999,19.2,159.1,1.02,2.9000000000000004,82.0,77.1
-23.763056,27.908611,18-09-2014,42.7,31.98,18.56,9.7,179.0,1.55,2.1,42.5,136.5
-24.99328,30.81444,18-09-2014,78.30000000000001,25.029999,13.679999,121.0,135.40001,0.61,3.9000000000000004,113.0,22.4
-28.747778,31.745833,18-09-2014,73.10000000000001,31.31,20.27,4.7000003,161.6,1.0699999,3.7,69.8,91.8
-27.937778,31.209444,18-09-2014,118.7,30.039999,17.59,48.7,159.7,1.1,5.9,142.40001,17.300001
-27.5275,30.858056,18-09-2014,110.80000000000001,28.359999,15.58,42.7,152.90001,0.94,5.5,135.40001,17.5
-26.619444,27.980833,18-09-2014,48.5,29.26,15.16,3.2,167.2,1.27,2.4000000000000004,46.4,120.8
-29.744167,29.905833,19-09-2014,45.800000000000004,28.699999,15.389999,29.1,157.2,1.04,2.3000000000000003,88.3,68.9
-31.394444,20.947222,22-09-2014,3.5,34.11,16.41,0.0,240.0,2.47,0.2,3.3,236.7
-33.818056,19.694722,22-09-2014,14.700000000000001,31.57,16.5,5.2000003,212.5,1.56,0.7000000000000001,14.900001,197.6
-32.502778,19.535833,22-09-2014,2.5,34.37,16.41,0.4,232.90001,2.25,0.1,2.4,230.5
-27.01011111,26.69808333,23-09-2014,46.1,31.179998,16.279999,0.6,185.5,1.54,2.3000000000000003,43.8,141.7
-31.860278,18.6875,23-09-2014,1.8,32.899998,16.52,0.5,229.40001,1.91,0.1,1.7,227.7
-25.127778,27.628889,23-09-2014,47.2,32.53,18.359999,6.3,184.3,1.5899999,2.4000000000000004,45.4,138.90001
-25.20639,27.558,23-09-2014,47.6,32.28,18.19,4.4,182.8,1.55,2.4000000000000004,45.5,137.3
-24.69514,27.40906,23-09-2014,48.1,32.64,19.4,2.6000001,187.0,1.65,2.4000000000000004,45.7,141.3
-25.73411,27.21422,23-09-2014,58.5,30.179998,15.71,3.5,172.5,1.3199999,2.9000000000000004,55.9,116.6
-26.970278,27.211111,23-09-2014,45.800000000000004,30.15,15.65,2.2,176.1,1.4,2.3000000000000003,43.7,132.40001
-26.880278,26.965,23-09-2014,46.800000000000004,30.529999,15.889999,2.1000001,177.5,1.42,2.3000000000000003,44.600002,132.90001
-26.98472222,26.63227778,23-09-2014,47.6,31.34,16.539999,0.6,184.7,1.5699999,2.4000000000000004,45.2,139.5
-27.398611,26.614722,23-09-2014,41.800000000000004,31.89,16.619999,0.6,193.1,1.68,2.1,39.7,153.40001
-27.671111,27.236944,23-09-2014,40.6,30.98,15.45,0.6,183.40001,1.53,2.0,38.600002,144.8
-34.075556,20.145556,23-09-2014,15.200000000000001,31.279999,17.32,2.1000001,199.2,1.49,0.8,14.6,184.6
-31.5653,18.3306,23-09-2014,1.2000000000000002,31.42,16.65,0.2,219.2,1.5899999,0.1,1.1,218.1
-28.338333,31.373611,23-09-2014,117.2,30.349998,18.279999,32.5,157.40001,1.1,5.9,140.5,16.9
-27.495556,26.074722,23-09-2014,40.400000000000006,32.21,16.32,0.6,199.90001,1.73,2.0,38.4,161.5
-27.4,26.624722,23-09-2014,41.800000000000004,31.89,16.619999,0.6,193.1,1.68,2.1,39.7,153.40001
-29.641944,30.6875,24-09-2014,48.5,29.63,18.99,29.9,155.40001,0.96999997,2.4000000000000004,80.0,75.4
-29.161667,30.629722,24-09-2014,50.7,27.5,15.559999,25.5,148.40001,0.81,2.5,79.9,68.5
-27.00222,28.76528,24-09-2014,49.0,28.49,13.73,3.6000001,159.6,1.12,2.4000000000000004,46.8,112.8
-26.619444,27.980833,24-09-2014,48.5,29.26,15.16,3.2,167.2,1.27,2.4000000000000004,46.4,120.8
-26.45,28.085833,24-09-2014,50.6,28.849998,14.78,3.5,164.5,1.2099999,2.5,48.4,116.1
-33.38056,19.30167,24-09-2014,12.9,29.96,14.19,7.3,206.90001,1.49,0.6000000000000001,13.5,193.40001
-23.281,30.54305556,25-09-2014,55.2,31.84,20.42,22.6,160.7,1.4,2.8000000000000003,62.2,98.5
-26.861111,28.884722,25-09-2014,50.7,28.16,13.559999,4.0,158.3,1.0799999,2.5,48.5,109.8
-28.376944,24.303056,25-09-2014,35.7,35.7,18.1,0.2,225.6,2.48,1.8,34.0,191.6
-32.94583,18.33667,25-09-2014,5.5,29.9,16.89,5.1,204.3,1.35,0.30000000000000004,5.9,198.40001
-26.648056,27.089444,26-09-2014,48.1,29.929998,15.46,2.7,174.8,1.3399999,2.4000000000000004,45.9,128.90001
-27.573056,24.746389,26-09-2014,42.900000000000006,34.78,17.88,0.3,215.40001,2.23,2.1,40.7,174.7
-27.902778,24.615556,26-09-2014,39.0,35.41,18.3,0.2,223.7,2.3999999,2.0,37.100002,186.6
-28.96362,19.15486,26-09-2014,4.6000000000000005,37.71,19.98,0.0,248.3,3.12,0.2,4.4,243.90001
-25.99136,27.84208,29-09-2014,58.7,29.21,15.929999,9.8,168.0,1.25,2.9000000000000004,58.9,109.1
-27.01011111,26.69808333,30-09-2014,46.1,31.179998,16.279999,0.6,185.5,1.54,2.3000000000000003,43.8,141.7
-34.065833,20.404167,30-09-2014,13.600000000000001,32.05,18.029999,1.7,197.5,1.56,0.7000000000000001,13.0,184.5
-30.398056,30.601944,30-09-2014,32.800000000000004,29.16,20.8,26.300001,157.7,0.91999996,1.6,51.9,105.8
-26.648056,27.089444,30-09-2014,48.1,29.929998,15.46,2.7,174.8,1.3399999,2.4000000000000004,45.9,128.90001
-26.970278,27.211111,30-09-2014,45.800000000000004,30.15,15.65,2.2,176.1,1.4,2.3000000000000003,43.7,132.40001
-26.880278,26.965,30-09-2014,46.800000000000004,30.529999,15.889999,2.1000001,177.5,1.42,2.3000000000000003,44.600002,132.90001
-26.73806,27.59194,30-09-2014,48.900000000000006,29.3,15.219999,2.8,168.90001,1.29,2.4000000000000004,46.7,122.200005
-26.45,28.085833,30-09-2014,50.6,28.849998,14.78,3.5,164.5,1.2099999,2.5,48.4,116.1
-26.98472222,26.63227778,30-09-2014,47.6,31.34,16.539999,0.6,184.7,1.5699999,2.4000000000000004,45.2,139.5
-27.935,26.126667,30-09-2014,37.5,32.11,15.91,0.5,197.0,1.75,1.9000000000000001,35.600002,161.40001
-28.141944,26.417778,30-09-2014,37.300000000000004,32.079998,16.25,0.5,196.0,1.77,1.9000000000000001,35.4,160.6
-33.31388889,19.07472222,30-09-2014,10.700000000000001,32.23,16.789999,9.5,216.6,1.7199999,0.5,11.8,204.8
-33.7075,18.97444444,30-09-2014,16.2,31.46,17.48,10.8,212.0,1.55,0.8,17.5,194.5
-25.45963889,28.26430556,30-09-2014,51.6,30.96,16.949999,17.5,172.3,1.4,2.6,62.0,110.3
-25.81048333,27.90955222,01-10-2014,57.0,30.13,16.88,10.2,171.0,1.3399999,2.8000000000000003,57.3,113.700005
-27.169444,29.233889,01-10-2014,50.2,27.8,13.13,3.3,156.2,1.01,2.5,48.0,108.200005
-26.861111,28.884722,01-10-2014,50.7,28.16,13.559999,4.0,158.3,1.0799999,2.5,48.5,109.8
-34.405833,19.600556,01-10-2014,23.6,27.0,16.4,7.7000003,173.0,0.89,1.2000000000000002,23.7,149.3
-33.13083,18.86278,01-10-2014,8.700000000000001,32.739998,17.699999,8.5,209.40001,1.81,0.4,9.7,199.7
-25.73411,27.21422,02-10-2014,58.5,30.179998,15.71,3.5,172.5,1.3199999,2.9000000000000004,55.9,116.6
-27.00222,28.76528,02-10-2014,49.0,28.49,13.73,3.6000001,159.6,1.12,2.4000000000000004,46.8,112.8
-26.619444,27.980833,02-10-2014,48.5,29.26,15.16,3.2,167.2,1.27,2.4000000000000004,46.4,120.8
-26.98472222,26.63227778,02-10-2014,47.6,31.34,16.539999,0.6,184.7,1.5699999,2.4000000000000004,45.2,139.5
-34.329722,18.990278,02-10-2014,27.3,25.789999,16.01,14.900001,168.3,0.77,1.4000000000000001,29.0,139.3
-33.897778,20.012778,02-10-2014,13.600000000000001,31.849998,16.81,1.8000001,201.3,1.5699999,0.7000000000000001,13.0,188.3
-29.744167,29.905833,03-10-2014,45.800000000000004,28.699999,15.389999,29.1,157.2,1.04,2.3000000000000003,88.3,68.9
-31.031389,28.883333,03-10-2014,31.700000000000003,28.349998,15.73,4.4,154.40001,1.0699999,1.6,30.5,123.9
-30.86013889,29.07125,03-10-2014,30.5,28.81,16.27,4.0,158.0,1.12,1.5,29.300001,128.7
-30.77586667,29.03221667,03-10-2014,32.0,28.74,15.889999,3.6000001,158.7,1.13,1.6,30.7,128.0
-25.49037,30.6986,06-10-2014,67.0,28.58,16.699999,109.5,149.8,0.98999995,3.4000000000000004,116.4,33.4
-29.160278,26.573333,06-10-2014,33.9,32.719997,15.309999,0.5,200.8,1.91,1.7000000000000002,32.2,168.6
-30.568333,29.422778,06-10-2014,35.2,27.38,13.349999,10.400001,153.40001,0.95,1.8,35.8,117.6
-30.570833,29.150556,06-10-2014,37.5,27.17,13.219999,6.2000003,154.1,0.97999996,1.9000000000000001,36.600002,117.5
-25.447222,30.711667,06-10-2014,65.10000000000001,29.14,17.369999,98.0,152.5,1.06,3.3000000000000003,116.8,35.7
-28.7115,24.07288889,07-10-2014,31.200000000000003,35.96,18.23,0.2,230.2,2.57,1.6,29.6,200.6
-25.127778,27.628889,07-10-2014,47.2,32.53,18.359999,6.3,184.3,1.5899999,2.4000000000000004,45.4,138.90001
-24.69514,27.40906,07-10-2014,48.1,32.64,19.4,2.6000001,187.0,1.65,2.4000000000000004,45.7,141.3
-22.769722,30.886944,07-10-2014,45.400000000000006,32.45,20.13,32.2,165.8,1.41,2.3000000000000003,69.700005,96.1
-31.396,29.2651,07-10-2014,27.200000000000003,28.92,19.17,4.7000003,155.2,1.0,1.4000000000000001,26.300001,128.90001
-34.031944,22.053333,07-10-2014,19.700000000000003,28.019999,16.609999,1.3000001,168.5,0.89,1.0,18.7,149.8
-34.039722,22.133333,07-10-2014,20.3,27.83,17.01,1.4,166.90001,0.85999995,1.0,19.4,147.5
-25.20639,27.558,08-10-2014,47.6,32.28,18.19,4.4,182.8,1.55,2.4000000000000004,45.5,137.3
-25.73411,27.21422,08-10-2014,58.5,30.179998,15.71,3.5,172.5,1.3199999,2.9000000000000004,55.9,116.6
-23.281,30.54305556,08-10-2014,55.2,31.84,20.42,22.6,160.7,1.4,2.8000000000000003,62.2,98.5
-26.905,32.324722,08-10-2014,74.0,33.88,20.76,4.5,161.2,1.4699999,3.7,70.4,90.8
-29.380556,30.2775,08-10-2014,49.400000000000006,27.449999,14.5199995,28.300001,149.7,0.82,2.5,88.5,61.2
-26.970278,27.211111,08-10-2014,45.800000000000004,30.15,15.65,2.2,176.1,1.4,2.3000000000000003,43.7,132.40001
-28.116667,26.725278,08-10-2014,38.0,31.88,16.449999,0.5,191.5,1.75,1.9000000000000001,36.100002,155.40001
-31.104278,29.399722,08-10-2014,27.400000000000002,28.49,17.789999,7.4,154.5,0.98999995,1.4000000000000001,27.2,127.3
-34.02861,22.22222,08-10-2014,21.0,27.23,16.8,1.5,164.3,0.78999996,1.0,20.0,144.3
-27.01011111,26.69808333,09-10-2014,46.1,31.179998,16.279999,0.6,185.5,1.54,2.3000000000000003,43.8,141.7
-25.127778,27.628889,09-10-2014,47.2,32.53,18.359999,6.3,184.3,1.5899999,2.4000000000000004,45.4,138.90001
-23.658056,31.05,09-10-2014,37.800000000000004,32.88,20.74,19.4,160.1,1.4699999,1.9000000000000001,42.3,117.8
-26.861111,28.884722,09-10-2014,50.7,28.16,13.559999,4.0,158.3,1.0799999,2.5,48.5,109.8
-26.45,28.085833,09-10-2014,50.6,28.849998,14.78,3.5,164.5,1.2099999,2.5,48.4,116.1
-26.98472222,26.63227778,09-10-2014,47.6,31.34,16.539999,0.6,184.7,1.5699999,2.4000000000000004,45.2,139.5
-27.671111,27.236944,09-10-2014,40.6,30.98,15.45,0.6,183.40001,1.53,2.0,38.600002,144.8
-28.376944,24.303056,09-10-2014,35.7,35.7,18.1,0.2,225.6,2.48,1.8,34.0,191.6
-31.554722,29.245556,09-10-2014,29.700000000000003,27.599998,18.08,15.1,146.7,0.82,1.5,37.600002,109.1
-34.005833,22.351111,09-10-2014,24.3,26.66,16.82,1.6,160.40001,0.74,1.2000000000000002,23.1,137.3
-27.495556,26.074722,09-10-2014,40.400000000000006,32.21,16.32,0.6,199.90001,1.73,2.0,38.4,161.5
-26.648056,27.089444,10-10-2014,48.1,29.929998,15.46,2.7,174.8,1.3399999,2.4000000000000004,45.9,128.90001
-26.880278,26.965,10-10-2014,46.800000000000004,30.529999,15.889999,2.1000001,177.5,1.42,2.3000000000000003,44.600002,132.90001
-27.573056,24.746389,10-10-2014,42.900000000000006,34.78,17.88,0.3,215.40001,2.23,2.1,40.7,174.7
-27.902778,24.615556,10-10-2014,39.0,35.41,18.3,0.2,223.7,2.3999999,2.0,37.100002,186.6
-31.031389,28.883333,16-02-2011,102.10000000000001,25.63,14.299999,7.0,138.90001,0.9,5.1000000000000005,98.0,40.9
-25.99136,27.84208,13-10-2014,58.7,29.21,15.929999,9.8,168.0,1.25,2.9000000000000004,58.9,109.1
-26.510278,28.351389,13-10-2014,49.800000000000004,28.74,14.17,4.3,162.8,1.18,2.5,47.7,115.1
-26.73806,27.59194,13-10-2014,48.900000000000006,29.3,15.219999,2.8,168.90001,1.29,2.4000000000000004,46.7,122.200005
-26.45,28.085833,13-10-2014,50.6,28.849998,14.78,3.5,164.5,1.2099999,2.5,48.4,116.1
-27.671111,27.236944,13-10-2014,40.6,30.98,15.45,0.6,183.40001,1.53,2.0,38.600002,144.8
-29.160278,26.573333,13-10-2014,33.9,32.719997,15.309999,0.5,200.8,1.91,1.7000000000000002,32.2,168.6
-29.042222,24.6,13-10-2014,29.8,35.29,17.779999,0.1,226.5,2.47,1.5,28.300001,198.2
-29.028629,24.638389,13-10-2014,30.8,35.2,17.67,0.1,225.2,2.44,1.5,29.2,196.0
-27.01011111,26.69808333,14-10-2014,46.1,31.179998,16.279999,0.6,185.5,1.54,2.3000000000000003,43.8,141.7
-29.140556,31.391944,14-10-2014,113.7,30.42,20.17,5.1,158.3,0.93,5.7,108.4,49.9
-25.73411,27.21422,14-10-2014,58.5,30.179998,15.71,3.5,172.5,1.3199999,2.9000000000000004,55.9,116.6
-27.169444,29.233889,14-10-2014,50.2,27.8,13.13,3.3,156.2,1.01,2.5,48.0,108.200005
-26.861111,28.884722,14-10-2014,50.7,28.16,13.559999,4.0,158.3,1.0799999,2.5,48.5,109.8
-27.802778,28.768333,14-10-2014,48.2,28.349998,13.13,8.0,158.6,1.11,2.4000000000000004,49.3,109.3
-26.98472222,26.63227778,14-10-2014,47.6,31.34,16.539999,0.6,184.7,1.5699999,2.4000000000000004,45.2,139.5
-28.1175,26.719444,14-10-2014,38.0,31.88,16.449999,0.5,191.5,1.75,1.9000000000000001,36.100002,155.40001
-28.116667,26.725278,14-10-2014,38.0,31.88,16.449999,0.5,191.5,1.75,1.9000000000000001,36.100002,155.40001
-27.398611,26.614722,14-10-2014,41.800000000000004,31.89,16.619999,0.6,193.1,1.68,2.1,39.7,153.40001
-28.69485,28.23487,14-10-2014,49.2,28.25,13.42,7.0,163.3,1.1999999,2.5,49.9,113.4
-29.615556,27.065278,14-10-2014,36.9,31.38,14.73,0.5,188.8,1.7199999,1.8,35.100002,153.7
-28.883333,27.89,14-10-2014,47.400000000000006,29.38,14.12,7.5,168.90001,1.36,2.4000000000000004,48.4,120.5
-27.4,26.624722,14-10-2014,41.800000000000004,31.89,16.619999,0.6,193.1,1.68,2.1,39.7,153.40001
-25.81048333,27.90955222,15-10-2014,57.0,30.13,16.88,10.2,171.0,1.3399999,2.8000000000000003,57.3,113.700005
-28.747778,31.745833,15-10-2014,73.10000000000001,31.31,20.27,4.7000003,161.6,1.0699999,3.7,69.8,91.8
-28.404444,30.013056,15-10-2014,50.5,30.439999,15.809999,11.8,165.0,1.26,2.5,53.3,111.700005
-27.00222,28.76528,15-10-2014,49.0,28.49,13.73,3.6000001,159.6,1.12,2.4000000000000004,46.8,112.8
-27.02314,28.59389,15-10-2014,48.6,28.84,14.07,3.6000001,161.8,1.18,2.4000000000000004,46.4,115.4
-26.648056,27.089444,15-10-2014,48.1,29.929998,15.46,2.7,174.8,1.3399999,2.4000000000000004,45.9,128.90001
-26.970278,27.211111,15-10-2014,45.800000000000004,30.15,15.65,2.2,176.1,1.4,2.3000000000000003,43.7,132.40001
-26.880278,26.965,15-10-2014,46.800000000000004,30.529999,15.889999,2.1000001,177.5,1.42,2.3000000000000003,44.600002,132.90001
-27.273889,28.49,15-10-2014,48.1,28.82,14.099999,6.4,162.40001,1.1999999,2.4000000000000004,46.9,115.5
-27.4275,28.525833,15-10-2014,47.7,28.779999,13.83,8.5,162.0,1.1899999,2.4000000000000004,48.600002,113.4
-27.3,28.586944,15-10-2014,48.300000000000004,28.769999,13.94,7.2000003,162.1,1.18,2.4000000000000004,47.7,114.4
-27.935,26.126667,15-10-2014,37.5,32.11,15.91,0.5,197.0,1.75,1.9000000000000001,35.600002,161.40001
-28.141944,26.417778,15-10-2014,37.300000000000004,32.079998,16.25,0.5,196.0,1.77,1.9000000000000001,35.4,160.6
-27.671111,27.236944,15-10-2014,40.6,30.98,15.45,0.6,183.40001,1.53,2.0,38.600002,144.8
-30.160091,27.40124,15-10-2014,36.6,30.88,14.75,0.7,182.6,1.62,1.8,34.7,147.90001
-30.336111,27.359444,15-10-2014,35.9,30.83,14.32,0.7,183.3,1.61,1.8,34.2,149.1
-28.768056,20.720556,15-10-2014,11.3,36.969997,20.359999,0.0,254.1,3.07,0.6000000000000001,10.7,243.40001
-34.092222,21.295278,15-10-2014,16.3,30.49,16.39,1.1,183.90001,1.23,0.8,15.5,168.40001
-28.058889,30.373611,15-10-2014,58.7,28.82,14.549999,19.2,159.1,1.02,2.9000000000000004,82.0,77.1
-30.830556,26.921389,16-10-2014,28.5,31.5,14.0,0.6,189.40001,1.6899999,1.4000000000000001,27.1,162.3
-25.49037,30.6986,16-10-2014,67.0,28.58,16.699999,109.5,149.8,0.98999995,3.4000000000000004,116.4,33.4
-27.937778,31.209444,16-10-2014,118.7,30.039999,17.59,48.7,159.7,1.1,5.9,142.40001,17.300001
-27.5275,30.858056,16-10-2014,110.80000000000001,28.359999,15.58,42.7,152.90001,0.94,5.5,135.40001,17.5
-29.744167,29.905833,16-10-2014,45.800000000000004,28.699999,15.389999,29.1,157.2,1.04,2.3000000000000003,88.3,68.9
-26.619444,27.980833,16-10-2014,48.5,29.26,15.16,3.2,167.2,1.27,2.4000000000000004,46.4,120.8
-27.38972222,26.46388889,16-10-2014,41.6,32.04,16.76,0.6,195.40001,1.7099999,2.1,39.5,155.90001
-27.398611,26.614722,16-10-2014,41.800000000000004,31.89,16.619999,0.6,193.1,1.68,2.1,39.7,153.40001
-31.000833,26.353056,16-10-2014,26.0,31.179998,13.559999,0.4,194.1,1.7099999,1.3,24.7,169.40001
-30.679722,26.7125,16-10-2014,28.0,32.66,14.63,0.5,194.3,1.88,1.4000000000000001,26.6,167.7
-27.4,26.624722,16-10-2014,41.800000000000004,31.89,16.619999,0.6,193.1,1.68,2.1,39.7,153.40001
-24.99328,30.81444,20-10-2014,78.30000000000001,25.029999,13.679999,121.0,135.40001,0.61,3.9000000000000004,113.0,22.4
-33.818056,19.694722,20-10-2014,14.700000000000001,31.57,16.5,5.2000003,212.5,1.56,0.7000000000000001,14.900001,197.6
-32.502778,19.535833,20-10-2014,2.5,34.37,16.41,0.4,232.90001,2.25,0.1,2.4,230.5
-25.127778,27.628889,21-10-2014,47.2,32.53,18.359999,6.3,184.3,1.5899999,2.4000000000000004,45.4,138.90001
-25.20639,27.558,21-10-2014,47.6,32.28,18.19,4.4,182.8,1.55,2.4000000000000004,45.5,137.3
-24.69514,27.40906,21-10-2014,48.1,32.64,19.4,2.6000001,187.0,1.65,2.4000000000000004,45.7,141.3
-26.006389,29.253889,21-10-2014,60.900000000000006,27.789999,13.849999,20.9,153.7,1.02,3.0,93.700005,60.0
-25.513889,31.224444,21-10-2014,67.5,29.66,18.39,71.3,149.3,1.1,3.4000000000000004,118.0,31.300001
-25.398889,31.610556,21-10-2014,55.0,31.24,19.83,43.8,147.0,1.17,2.8000000000000003,90.3,56.7
-26.970278,27.211111,21-10-2014,45.800000000000004,30.15,15.65,2.2,176.1,1.4,2.3000000000000003,43.7,132.40001
-26.45,28.085833,21-10-2014,50.6,28.849998,14.78,3.5,164.5,1.2099999,2.5,48.4,116.1
-34.075556,20.145556,21-10-2014,15.200000000000001,31.279999,17.32,2.1000001,199.2,1.49,0.8,14.6,184.6
-32.595833,19.009444,21-10-2014,3.7,34.079998,16.72,2.9,231.40001,2.06,0.2,3.7,227.7
-28.338333,31.373611,21-10-2014,117.2,30.349998,18.279999,32.5,157.40001,1.1,5.9,140.5,16.9
-28.068333,31.55,21-10-2014,103.9,32.21,20.18,24.0,164.40001,1.35,5.2,139.90001,24.5
-27.01011111,26.69808333,22-10-2014,46.1,31.179998,16.279999,0.6,185.5,1.54,2.3000000000000003,43.8,141.7
-29.641944,30.6875,22-10-2014,48.5,29.63,18.99,29.9,155.40001,0.96999997,2.4000000000000004,80.0,75.4
-24.39619444,27.08983333,22-10-2014,44.0,33.04,19.56,1.9,187.90001,1.7199999,2.2,41.8,146.1
-28.44555556,32.325,16-12-2014,88.7,30.529999,20.81,28.7,157.2,0.96,4.4,130.40001,26.800001
-26.861111,28.884722,22-10-2014,50.7,28.16,13.559999,4.0,158.3,1.0799999,2.5,48.5,109.8
-26.648056,27.089444,22-10-2014,48.1,29.929998,15.46,2.7,174.8,1.3399999,2.4000000000000004,45.9,128.90001
-26.880278,26.965,22-10-2014,46.800000000000004,30.529999,15.889999,2.1000001,177.5,1.42,2.3000000000000003,44.600002,132.90001
-26.98472222,26.63227778,22-10-2014,47.6,31.34,16.539999,0.6,184.7,1.5699999,2.4000000000000004,45.2,139.5
-34.250556,20.9925,22-10-2014,16.6,30.269999,17.34,1.9,188.3,1.17,0.8,15.8,172.5
-25.57877778,29.12747222,22-10-2014,55.400000000000006,30.289999,15.88,18.5,166.40001,1.3,2.8000000000000003,84.5,81.9
-25.436111,31.982222,23-10-2014,60.300000000000004,32.03,19.31,41.4,145.0,1.17,3.0,82.700005,62.3
-25.681111,31.783333,23-10-2014,57.900000000000006,31.859999,19.779999,41.8,150.2,1.22,2.9000000000000004,86.0,64.200005
-25.362222,31.956667,23-10-2014,58.900000000000006,31.65,19.25,40.9,143.40001,1.12,2.9000000000000004,81.9,61.5
-28.75,30.442778,23-10-2014,43.400000000000006,31.91,17.779999,11.3,168.6,1.35,2.2,46.3,122.3
-29.161667,30.629722,23-10-2014,50.7,27.5,15.559999,25.5,148.40001,0.81,2.5,79.9,68.5
-27.00222,28.76528,23-10-2014,49.0,28.49,13.73,3.6000001,159.6,1.12,2.4000000000000004,46.8,112.8
-26.619444,27.980833,23-10-2014,48.5,29.26,15.16,3.2,167.2,1.27,2.4000000000000004,46.4,120.8
-27.573056,24.746389,23-10-2014,42.900000000000006,34.78,17.88,0.3,215.40001,2.23,2.1,40.7,174.7
-32.94583,18.33667,23-10-2014,5.5,29.9,16.89,5.1,204.3,1.35,0.30000000000000004,5.9,198.40001
-28.308889,31.9025,23-10-2014,84.10000000000001,32.04,20.779999,23.4,161.7,1.26,4.2,120.200005,41.5
-23.838611,31.640833,24-10-2014,39.1,33.94,21.32,27.6,161.3,1.61,2.0,45.0,116.3
-24.95861111,29.39527778,24-10-2014,43.5,32.38,18.51,13.8,174.2,1.56,2.2,65.0,109.200005
-27.902778,24.615556,24-10-2014,39.0,35.41,18.3,0.2,223.7,2.3999999,2.0,37.100002,186.6
-29.161667,23.696389,27-10-2014,23.3,36.17,18.47,0.1,236.0,2.6499999,1.2000000000000002,22.1,213.90001
-25.99136,27.84208,27-10-2014,58.7,29.21,15.929999,9.8,168.0,1.25,2.9000000000000004,58.9,109.1
-31.554722,29.245556,27-10-2014,29.700000000000003,27.599998,18.08,15.1,146.7,0.82,1.5,37.600002,109.1
-28.7115,24.07288889,28-10-2014,31.200000000000003,35.96,18.23,0.2,230.2,2.57,1.6,29.6,200.6
-34.065833,20.404167,28-10-2014,13.600000000000001,32.05,18.029999,1.7,197.5,1.56,0.7000000000000001,13.0,184.5
-22.91028,29.61111,28-10-2014,38.6,31.199999,19.039999,18.6,165.3,1.38,1.9000000000000001,55.3,110.0
-26.970278,27.211111,28-10-2014,45.800000000000004,30.15,15.65,2.2,176.1,1.4,2.3000000000000003,43.7,132.40001
-26.880278,26.965,28-10-2014,46.800000000000004,30.529999,15.889999,2.1000001,177.5,1.42,2.3000000000000003,44.600002,132.90001
-27.802778,28.768333,28-10-2014,48.2,28.349998,13.13,8.0,158.6,1.11,2.4000000000000004,49.3,109.3
-27.671111,27.236944,28-10-2014,40.6,30.98,15.45,0.6,183.40001,1.53,2.0,38.600002,144.8
-29.1825,23.575556,28-10-2014,22.1,36.07,18.619999,0.1,235.40001,2.6499999,1.1,21.0,214.40001
-30.568333,29.422778,28-10-2014,35.2,27.38,13.349999,10.400001,153.40001,0.95,1.8,35.8,117.6
-30.570833,29.150556,28-10-2014,37.5,27.17,13.219999,6.2000003,154.1,0.97999996,1.9000000000000001,36.600002,117.5
-31.104278,29.399722,28-10-2014,27.400000000000002,28.49,17.789999,7.4,154.5,0.98999995,1.4000000000000001,27.2,127.3
-33.501667,21.624167,28-10-2014,12.8,30.66,13.889999,0.1,197.90001,1.4599999,0.6000000000000001,12.1,185.8
-27.01011111,26.69808333,29-10-2014,46.1,31.179998,16.279999,0.6,185.5,1.54,2.3000000000000003,43.8,141.7
-25.81048333,27.90955222,29-10-2014,57.0,30.13,16.88,10.2,171.0,1.3399999,2.8000000000000003,57.3,113.700005
-22.935,28.004167,29-10-2014,27.400000000000002,33.03,20.189999,0.2,185.5,1.74,1.4000000000000001,26.1,159.40001
-24.282222,28.090278,29-10-2014,55.6,30.609999,17.26,25.0,171.90001,1.36,2.8000000000000003,80.8,91.1
-24.670833,28.560833,29-10-2014,45.7,30.71,16.859999,25.9,172.2,1.3299999,2.3000000000000003,87.9,84.3
-25.73411,27.21422,29-10-2014,58.5,30.179998,15.71,3.5,172.5,1.3199999,2.9000000000000004,55.9,116.6
-26.905,32.324722,29-10-2014,74.0,33.88,20.76,4.5,161.2,1.4699999,3.7,70.4,90.8
-28.735556,29.820556,29-10-2014,51.1,30.92,15.92,11.0,164.8,1.28,2.6,53.4,111.4
-26.861111,28.884722,29-10-2014,50.7,28.16,13.559999,4.0,158.3,1.0799999,2.5,48.5,109.8
-26.648056,27.089444,29-10-2014,48.1,29.929998,15.46,2.7,174.8,1.3399999,2.4000000000000004,45.9,128.90001
-27.273889,28.49,29-10-2014,48.1,28.82,14.099999,6.4,162.40001,1.1999999,2.4000000000000004,46.9,115.5
-27.3,28.586944,29-10-2014,48.300000000000004,28.769999,13.94,7.2000003,162.1,1.18,2.4000000000000004,47.7,114.4
-26.98472222,26.63227778,29-10-2014,47.6,31.34,16.539999,0.6,184.7,1.5699999,2.4000000000000004,45.2,139.5
-28.768056,20.720556,29-10-2014,11.3,36.969997,20.359999,0.0,254.1,3.07,0.6000000000000001,10.7,243.40001
-31.031389,28.883333,29-10-2014,31.700000000000003,28.349998,15.73,4.4,154.40001,1.0699999,1.6,30.5,123.9
-30.86013889,29.07125,29-10-2014,30.5,28.81,16.27,4.0,158.0,1.12,1.5,29.300001,128.7
-30.77586667,29.03221667,29-10-2014,32.0,28.74,15.889999,3.6000001,158.7,1.13,1.6,30.7,128.0
-34.405833,19.600556,29-10-2014,23.6,27.0,16.4,7.7000003,173.0,0.89,1.2000000000000002,23.7,149.3
-33.13083,18.86278,29-10-2014,8.700000000000001,32.739998,17.699999,8.5,209.40001,1.81,0.4,9.7,199.7
-33.7075,18.97444444,29-10-2014,16.2,31.46,17.48,10.8,212.0,1.55,0.8,17.5,194.5
-27.363611,31.783333,30-10-2014,64.10000000000001,32.05,19.46,28.7,156.90001,1.25,3.2,72.1,84.8
-27.602222,29.942778,30-10-2014,57.2,29.279999,14.799999,13.900001,162.3,1.12,2.9000000000000004,60.3,102.0
-27.00222,28.76528,30-10-2014,49.0,28.49,13.73,3.6000001,159.6,1.12,2.4000000000000004,46.8,112.8
-26.619444,27.980833,30-10-2014,48.5,29.26,15.16,3.2,167.2,1.27,2.4000000000000004,46.4,120.8
-26.73806,27.59194,30-10-2014,48.900000000000006,29.3,15.219999,2.8,168.90001,1.29,2.4000000000000004,46.7,122.200005
-34.329722,18.990278,30-10-2014,27.3,25.789999,16.01,14.900001,168.3,0.77,1.4000000000000001,29.0,139.3
-33.31388889,19.07472222,30-10-2014,10.700000000000001,32.23,16.789999,9.5,216.6,1.7199999,0.5,11.8,204.8
-33.897778,20.012778,30-10-2014,13.600000000000001,31.849998,16.81,1.8000001,201.3,1.5699999,0.7000000000000001,13.0,188.3
-29.744167,29.905833,31-10-2014,45.800000000000004,28.699999,15.389999,29.1,157.2,1.04,2.3000000000000003,88.3,68.9
-28.404444,30.013056,02-11-2014,50.5,30.439999,15.809999,11.8,165.0,1.26,2.5,53.3,111.700005
-29.744167,29.905833,03-11-2014,45.800000000000004,28.699999,15.389999,29.1,157.2,1.04,2.3000000000000003,88.3,68.9
-26.73806,27.59194,03-11-2014,48.900000000000006,29.3,15.219999,2.8,168.90001,1.29,2.4000000000000004,46.7,122.200005
-26.45,28.085833,03-11-2014,50.6,28.849998,14.78,3.5,164.5,1.2099999,2.5,48.4,116.1
-27.671111,27.236944,03-11-2014,40.6,30.98,15.45,0.6,183.40001,1.53,2.0,38.600002,144.8
-30.733889,29.828333,04-11-2014,31.5,28.15,17.109999,23.2,151.0,0.95,1.6,49.9,101.1
-29.380556,30.2775,04-11-2014,49.400000000000006,27.449999,14.5199995,28.300001,149.7,0.82,2.5,88.5,61.2
-27.169444,29.233889,04-11-2014,50.2,27.8,13.13,3.3,156.2,1.01,2.5,48.0,108.200005
-26.861111,28.884722,04-11-2014,50.7,28.16,13.559999,4.0,158.3,1.0799999,2.5,48.5,109.8
-26.98472222,26.63227778,04-11-2014,47.6,31.34,16.539999,0.6,184.7,1.5699999,2.4000000000000004,45.2,139.5
-28.141944,26.417778,04-11-2014,37.300000000000004,32.079998,16.25,0.5,196.0,1.77,1.9000000000000001,35.4,160.6
-27.398611,26.614722,04-11-2014,41.800000000000004,31.89,16.619999,0.6,193.1,1.68,2.1,39.7,153.40001
-29.160278,26.573333,04-11-2014,33.9,32.719997,15.309999,0.5,200.8,1.91,1.7000000000000002,32.2,168.6
-28.69485,28.23487,04-11-2014,49.2,28.25,13.42,7.0,163.3,1.1999999,2.5,49.9,113.4
-28.883333,27.89,04-11-2014,47.400000000000006,29.38,14.12,7.5,168.90001,1.36,2.4000000000000004,48.4,120.5
-34.039722,22.133333,04-11-2014,20.3,27.83,17.01,1.4,166.90001,0.85999995,1.0,19.4,147.5
-27.4,26.624722,04-11-2014,41.800000000000004,31.89,16.619999,0.6,193.1,1.68,2.1,39.7,153.40001
-27.01011111,26.69808333,05-11-2014,46.1,31.179998,16.279999,0.6,185.5,1.54,2.3000000000000003,43.8,141.7
-25.73411,27.21422,05-11-2014,58.5,30.179998,15.71,3.5,172.5,1.3199999,2.9000000000000004,55.9,116.6
-30.398056,30.601944,05-11-2014,32.800000000000004,29.16,20.8,26.300001,157.7,0.91999996,1.6,51.9,105.8
-27.00222,28.76528,05-11-2014,49.0,28.49,13.73,3.6000001,159.6,1.12,2.4000000000000004,46.8,112.8
-27.02314,28.59389,05-11-2014,48.6,28.84,14.07,3.6000001,161.8,1.18,2.4000000000000004,46.4,115.4
-26.648056,27.089444,05-11-2014,48.1,29.929998,15.46,2.7,174.8,1.3399999,2.4000000000000004,45.9,128.90001
-26.970278,27.211111,05-11-2014,45.800000000000004,30.15,15.65,2.2,176.1,1.4,2.3000000000000003,43.7,132.40001
-26.880278,26.965,05-11-2014,46.800000000000004,30.529999,15.889999,2.1000001,177.5,1.42,2.3000000000000003,44.600002,132.90001
-27.273889,28.49,05-11-2014,48.1,28.82,14.099999,6.4,162.40001,1.1999999,2.4000000000000004,46.9,115.5
-27.4275,28.525833,05-11-2014,47.7,28.779999,13.83,8.5,162.0,1.1899999,2.4000000000000004,48.600002,113.4
-27.3,28.586944,05-11-2014,48.300000000000004,28.769999,13.94,7.2000003,162.1,1.18,2.4000000000000004,47.7,114.4
-28.116667,26.725278,05-11-2014,38.0,31.88,16.449999,0.5,191.5,1.75,1.9000000000000001,36.100002,155.40001
-30.160091,27.40124,05-11-2014,36.6,30.88,14.75,0.7,182.6,1.62,1.8,34.7,147.90001
-30.336111,27.359444,05-11-2014,35.9,30.83,14.32,0.7,183.3,1.61,1.8,34.2,149.1
-29.615556,27.065278,05-11-2014,36.9,31.38,14.73,0.5,188.8,1.7199999,1.8,35.100002,153.7
-34.02861,22.22222,05-11-2014,21.0,27.23,16.8,1.5,164.3,0.78999996,1.0,20.0,144.3
-30.830556,26.921389,06-11-2014,28.5,31.5,14.0,0.6,189.40001,1.6899999,1.4000000000000001,27.1,162.3
-26.619444,27.980833,06-11-2014,48.5,29.26,15.16,3.2,167.2,1.27,2.4000000000000004,46.4,120.8
-28.376944,24.303056,06-11-2014,35.7,35.7,18.1,0.2,225.6,2.48,1.8,34.0,191.6
-31.000833,26.353056,06-11-2014,26.0,31.179998,13.559999,0.4,194.1,1.7099999,1.3,24.7,169.40001
-30.679722,26.7125,06-11-2014,28.0,32.66,14.63,0.5,194.3,1.88,1.4000000000000001,26.6,167.7
-23.838611,31.640833,07-11-2014,39.1,33.94,21.32,27.6,161.3,1.61,2.0,45.0,116.3
-27.902778,24.615556,07-11-2014,39.0,35.41,18.3,0.2,223.7,2.3999999,2.0,37.100002,186.6
-29.658056,25.973333,07-11-2014,27.1,32.77,15.219999,0.4,204.0,1.9799999,1.4000000000000001,25.800001,178.2
-25.99136,27.84208,10-11-2014,58.7,29.21,15.929999,9.8,168.0,1.25,2.9000000000000004,58.9,109.1
-28.1175,26.719444,10-11-2014,38.0,31.88,16.449999,0.5,191.5,1.75,1.9000000000000001,36.100002,155.40001
-27.671111,27.236944,10-11-2014,40.6,30.98,15.45,0.6,183.40001,1.53,2.0,38.600002,144.8
-29.140556,31.391944,11-11-2014,113.7,30.42,20.17,5.1,158.3,0.93,5.7,108.4,49.9
-24.183889,30.823889,11-11-2014,46.800000000000004,32.469997,20.47,32.3,159.90001,1.4399999,2.3000000000000003,99.0,60.9
-25.73411,27.21422,11-11-2014,58.5,30.179998,15.71,3.5,172.5,1.3199999,2.9000000000000004,55.9,116.6
-28.801278,31.955389,11-11-2014,71.3,30.96,20.449999,6.3,161.1,0.97999996,3.6,68.4,92.700005
-26.73806,27.59194,11-11-2014,48.900000000000006,29.3,15.219999,2.8,168.90001,1.29,2.4000000000000004,46.7,122.200005
-26.45,28.085833,11-11-2014,50.6,28.849998,14.78,3.5,164.5,1.2099999,2.5,48.4,116.1
-26.98472222,26.63227778,11-11-2014,47.6,31.34,16.539999,0.6,184.7,1.5699999,2.4000000000000004,45.2,139.5
-27.935,26.126667,11-11-2014,37.5,32.11,15.91,0.5,197.0,1.75,1.9000000000000001,35.600002,161.40001
-28.141944,26.417778,11-11-2014,37.300000000000004,32.079998,16.25,0.5,196.0,1.77,1.9000000000000001,35.4,160.6
-27.398611,26.614722,11-11-2014,41.800000000000004,31.89,16.619999,0.6,193.1,1.68,2.1,39.7,153.40001
-34.092222,21.295278,11-11-2014,16.3,30.49,16.39,1.1,183.90001,1.23,0.8,15.5,168.40001
-25.45963889,28.26430556,11-11-2014,51.6,30.96,16.949999,17.5,172.3,1.4,2.6,62.0,110.3
-27.4,26.624722,11-11-2014,41.800000000000004,31.89,16.619999,0.6,193.1,1.68,2.1,39.7,153.40001
-27.01011111,26.69808333,12-11-2014,46.1,31.179998,16.279999,0.6,185.5,1.54,2.3000000000000003,43.8,141.7
-25.81048333,27.90955222,12-11-2014,57.0,30.13,16.88,10.2,171.0,1.3399999,2.8000000000000003,57.3,113.700005
-24.670833,28.560833,12-11-2014,45.7,30.71,16.859999,25.9,172.2,1.3299999,2.3000000000000003,87.9,84.3
-22.769722,30.886944,12-11-2014,45.400000000000006,32.45,20.13,32.2,165.8,1.41,2.3000000000000003,69.700005,96.1
-24.058889,31.237222,12-11-2014,45.0,32.63,20.57,32.8,157.6,1.42,2.3000000000000003,66.700005,90.9
-28.747778,31.745833,12-11-2014,73.10000000000001,31.31,20.27,4.7000003,161.6,1.0699999,3.7,69.8,91.8
-27.937778,31.209444,12-11-2014,118.7,30.039999,17.59,48.7,159.7,1.1,5.9,142.40001,17.300001
-29.744167,29.905833,12-11-2014,45.800000000000004,28.699999,15.389999,29.1,157.2,1.04,2.3000000000000003,88.3,68.9
-27.169444,29.233889,12-11-2014,50.2,27.8,13.13,3.3,156.2,1.01,2.5,48.0,108.200005
-26.861111,28.884722,12-11-2014,50.7,28.16,13.559999,4.0,158.3,1.0799999,2.5,48.5,109.8
-26.648056,27.089444,12-11-2014,48.1,29.929998,15.46,2.7,174.8,1.3399999,2.4000000000000004,45.9,128.90001
-26.970278,27.211111,12-11-2014,45.800000000000004,30.15,15.65,2.2,176.1,1.4,2.3000000000000003,43.7,132.40001
-26.880278,26.965,12-11-2014,46.800000000000004,30.529999,15.889999,2.1000001,177.5,1.42,2.3000000000000003,44.600002,132.90001
-27.802778,28.768333,12-11-2014,48.2,28.349998,13.13,8.0,158.6,1.11,2.4000000000000004,49.3,109.3
-25.127778,27.628889,13-11-2014,47.2,32.53,18.359999,6.3,184.3,1.5899999,2.4000000000000004,45.4,138.90001
-25.20639,27.558,13-11-2014,47.6,32.28,18.19,4.4,182.8,1.55,2.4000000000000004,45.5,137.3
-23.658056,31.05,13-11-2014,37.800000000000004,32.88,20.74,19.4,160.1,1.4699999,1.9000000000000001,42.3,117.8
-23.281,30.54305556,13-11-2014,55.2,31.84,20.42,22.6,160.7,1.4,2.8000000000000003,62.2,98.5
-27.5275,30.858056,13-11-2014,110.80000000000001,28.359999,15.58,42.7,152.90001,0.94,5.5,135.40001,17.5
-27.00222,28.76528,13-11-2014,49.0,28.49,13.73,3.6000001,159.6,1.12,2.4000000000000004,46.8,112.8
-27.273889,28.49,13-11-2014,48.1,28.82,14.099999,6.4,162.40001,1.1999999,2.4000000000000004,46.9,115.5
-27.4275,28.525833,13-11-2014,47.7,28.779999,13.83,8.5,162.0,1.1899999,2.4000000000000004,48.600002,113.4
-27.3,28.586944,13-11-2014,48.300000000000004,28.769999,13.94,7.2000003,162.1,1.18,2.4000000000000004,47.7,114.4
-24.679167,30.8025,14-11-2014,80.7,26.789999,15.7,82.8,144.8,0.83,4.0,119.700005,25.1
-26.98472222,26.63227778,14-11-2014,47.6,31.34,16.539999,0.6,184.7,1.5699999,2.4000000000000004,45.2,139.5
-25.49037,30.6986,17-11-2014,67.0,28.58,16.699999,109.5,149.8,0.98999995,3.4000000000000004,116.4,33.4
-27.671111,27.236944,17-11-2014,40.6,30.98,15.45,0.6,183.40001,1.53,2.0,38.600002,144.8
-29.042222,24.6,17-11-2014,29.8,35.29,17.779999,0.1,226.5,2.47,1.5,28.300001,198.2
-29.033333,23.983333,17-11-2014,26.700000000000003,35.67,17.85,0.2,229.8,2.52,1.3,25.4,204.40001
-25.447222,30.711667,17-11-2014,65.10000000000001,29.14,17.369999,98.0,152.5,1.06,3.3000000000000003,116.8,35.7
-25.127778,27.628889,18-11-2014,47.2,32.53,18.359999,6.3,184.3,1.5899999,2.4000000000000004,45.4,138.90001
-25.20639,27.558,18-11-2014,47.6,32.28,18.19,4.4,182.8,1.55,2.4000000000000004,45.5,137.3
-24.69514,27.40906,18-11-2014,48.1,32.64,19.4,2.6000001,187.0,1.65,2.4000000000000004,45.7,141.3
-26.006389,29.253889,18-11-2014,60.900000000000006,27.789999,13.849999,20.9,153.7,1.02,3.0,93.700005,60.0
-25.513889,31.224444,18-11-2014,67.5,29.66,18.39,71.3,149.3,1.1,3.4000000000000004,118.0,31.300001
-25.398889,31.610556,18-11-2014,55.0,31.24,19.83,43.8,147.0,1.17,2.8000000000000003,90.3,56.7
-28.141944,26.417778,18-11-2014,37.300000000000004,32.079998,16.25,0.5,196.0,1.77,1.9000000000000001,35.4,160.6
-28.1175,26.719444,18-11-2014,38.0,31.88,16.449999,0.5,191.5,1.75,1.9000000000000001,36.100002,155.40001
-29.028629,24.638389,18-11-2014,30.8,35.2,17.67,0.1,225.2,2.44,1.5,29.2,196.0
-28.338333,31.373611,18-11-2014,117.2,30.349998,18.279999,32.5,157.40001,1.1,5.9,140.5,16.9
-28.068333,31.55,18-11-2014,103.9,32.21,20.18,24.0,164.40001,1.35,5.2,139.90001,24.5
-29.641944,30.6875,19-11-2014,48.5,29.63,18.99,29.9,155.40001,0.96999997,2.4000000000000004,80.0,75.4
-24.39619444,27.08983333,19-11-2014,44.0,33.04,19.56,1.9,187.90001,1.7199999,2.2,41.8,146.1
-25.681111,31.783333,19-11-2014,57.900000000000006,31.859999,19.779999,41.8,150.2,1.22,2.9000000000000004,86.0,64.200005
-28.44555556,32.325,14-01-2015,13.5,31.01,21.119999,10.3,162.3,1.02,0.7000000000000001,14.7,147.6
-29.161667,30.629722,19-11-2014,50.7,27.5,15.559999,25.5,148.40001,0.81,2.5,79.9,68.5
-26.45,28.085833,19-11-2014,50.6,28.849998,14.78,3.5,164.5,1.2099999,2.5,48.4,116.1
-27.38972222,26.46388889,19-11-2014,41.6,32.04,16.76,0.6,195.40001,1.7099999,2.1,39.5,155.90001
-27.398611,26.614722,19-11-2014,41.800000000000004,31.89,16.619999,0.6,193.1,1.68,2.1,39.7,153.40001
-25.57877778,29.12747222,19-11-2014,55.400000000000006,30.289999,15.88,18.5,166.40001,1.3,2.8000000000000003,84.5,81.9
-26.03611,30.99778,20-11-2014,87.5,29.3,17.99,92.9,157.1,1.13,4.4,129.90001,27.2
-28.75,30.442778,20-11-2014,43.400000000000006,31.91,17.779999,11.3,168.6,1.35,2.2,46.3,122.3
-26.861111,28.884722,20-11-2014,50.7,28.16,13.559999,4.0,158.3,1.0799999,2.5,48.5,109.8
-27.671111,27.236944,20-11-2014,40.6,30.98,15.45,0.6,183.40001,1.53,2.0,38.600002,144.8
-28.376944,24.303056,20-11-2014,35.7,35.7,18.1,0.2,225.6,2.48,1.8,34.0,191.6
-29.160278,26.573333,20-11-2014,33.9,32.719997,15.309999,0.5,200.8,1.91,1.7000000000000002,32.2,168.6
-28.308889,31.9025,20-11-2014,84.10000000000001,32.04,20.779999,23.4,161.7,1.26,4.2,120.200005,41.5
-24.9675,31.516667,21-11-2014,53.5,32.079998,20.439999,41.8,150.2,1.35,2.7,92.700005,57.5
-28.058889,30.373611,22-11-2014,58.7,28.82,14.549999,19.2,159.1,1.02,2.9000000000000004,82.0,77.1
-23.23572222,27.717,24-11-2014,31.700000000000003,33.42,20.01,0.4,186.90001,1.78,1.6,30.1,156.8
-25.99136,27.84208,24-11-2014,58.7,29.21,15.929999,9.8,168.0,1.25,2.9000000000000004,58.9,109.1
-27.671111,27.236944,24-11-2014,40.6,30.98,15.45,0.6,183.40001,1.53,2.0,38.600002,144.8
-31.554722,29.245556,24-11-2014,29.700000000000003,27.599998,18.08,15.1,146.7,0.82,1.5,37.600002,109.1
-33.818056,19.694722,24-11-2014,14.700000000000001,31.57,16.5,5.2000003,212.5,1.56,0.7000000000000001,14.900001,197.6
-32.502778,19.535833,24-11-2014,2.5,34.37,16.41,0.4,232.90001,2.25,0.1,2.4,230.5
-27.01011111,26.69808333,25-11-2014,46.1,31.179998,16.279999,0.6,185.5,1.54,2.3000000000000003,43.8,141.7
-31.860278,18.6875,25-11-2014,1.8,32.899998,16.52,0.5,229.40001,1.91,0.1,1.7,227.7
-22.91028,29.61111,25-11-2014,38.6,31.199999,19.039999,18.6,165.3,1.38,1.9000000000000001,55.3,110.0
-26.970278,27.211111,25-11-2014,45.800000000000004,30.15,15.65,2.2,176.1,1.4,2.3000000000000003,43.7,132.40001
-26.880278,26.965,25-11-2014,46.800000000000004,30.529999,15.889999,2.1000001,177.5,1.42,2.3000000000000003,44.600002,132.90001
-28.1175,26.719444,25-11-2014,38.0,31.88,16.449999,0.5,191.5,1.75,1.9000000000000001,36.100002,155.40001
-30.568333,29.422778,25-11-2014,35.2,27.38,13.349999,10.400001,153.40001,0.95,1.8,35.8,117.6
-30.570833,29.150556,25-11-2014,37.5,27.17,13.219999,6.2000003,154.1,0.97999996,1.9000000000000001,36.600002,117.5
-31.104278,29.399722,25-11-2014,27.400000000000002,28.49,17.789999,7.4,154.5,0.98999995,1.4000000000000001,27.2,127.3
-33.501667,21.624167,25-11-2014,12.8,30.66,13.889999,0.1,197.90001,1.4599999,0.6000000000000001,12.1,185.8
-34.075556,20.145556,25-11-2014,15.200000000000001,31.279999,17.32,2.1000001,199.2,1.49,0.8,14.6,184.6
-32.595833,19.009444,25-11-2014,3.7,34.079998,16.72,2.9,231.40001,2.06,0.2,3.7,227.7
-25.45963889,28.26430556,25-11-2014,51.6,30.96,16.949999,17.5,172.3,1.4,2.6,62.0,110.3
-25.81048333,27.90955222,26-11-2014,57.0,30.13,16.88,10.2,171.0,1.3399999,2.8000000000000003,57.3,113.700005
-24.282222,28.090278,26-11-2014,55.6,30.609999,17.26,25.0,171.90001,1.36,2.8000000000000003,80.8,91.1
-23.763056,27.908611,26-11-2014,42.7,31.98,18.56,9.7,179.0,1.55,2.1,42.5,136.5
-26.905,32.324722,26-11-2014,74.0,33.88,20.76,4.5,161.2,1.4699999,3.7,70.4,90.8
-27.602222,29.942778,26-11-2014,57.2,29.279999,14.799999,13.900001,162.3,1.12,2.9000000000000004,60.3,102.0
-27.00222,28.76528,26-11-2014,49.0,28.49,13.73,3.6000001,159.6,1.12,2.4000000000000004,46.8,112.8
-26.73806,27.59194,26-11-2014,48.900000000000006,29.3,15.219999,2.8,168.90001,1.29,2.4000000000000004,46.7,122.200005
-26.45,28.085833,26-11-2014,50.6,28.849998,14.78,3.5,164.5,1.2099999,2.5,48.4,116.1
-29.042222,24.6,26-11-2014,29.8,35.29,17.779999,0.1,226.5,2.47,1.5,28.300001,198.2
-29.033333,23.983333,26-11-2014,26.700000000000003,35.67,17.85,0.2,229.8,2.52,1.3,25.4,204.40001
-31.031389,28.883333,26-11-2014,31.700000000000003,28.349998,15.73,4.4,154.40001,1.0699999,1.6,30.5,123.9
-30.86013889,29.07125,26-11-2014,30.5,28.81,16.27,4.0,158.0,1.12,1.5,29.300001,128.7
-30.77586667,29.03221667,26-11-2014,32.0,28.74,15.889999,3.6000001,158.7,1.13,1.6,30.7,128.0
-34.250556,20.9925,26-11-2014,16.6,30.269999,17.34,1.9,188.3,1.17,0.8,15.8,172.5
-33.38056,19.30167,26-11-2014,12.9,29.96,14.19,7.3,206.90001,1.49,0.6000000000000001,13.5,193.40001
-27.169444,29.233889,27-11-2014,50.2,27.8,13.13,3.3,156.2,1.01,2.5,48.0,108.200005
-26.861111,28.884722,27-11-2014,50.7,28.16,13.559999,4.0,158.3,1.0799999,2.5,48.5,109.8
-29.028629,24.638389,27-11-2014,30.8,35.2,17.67,0.1,225.2,2.44,1.5,29.2,196.0
-32.94583,18.33667,27-11-2014,5.5,29.9,16.89,5.1,204.3,1.35,0.30000000000000004,5.9,198.40001
-23.838611,31.640833,28-11-2014,39.1,33.94,21.32,27.6,161.3,1.61,2.0,45.0,116.3
-29.744167,29.905833,28-11-2014,45.800000000000004,28.699999,15.389999,29.1,157.2,1.04,2.3000000000000003,88.3,68.9
-26.648056,27.089444,28-11-2014,48.1,29.929998,15.46,2.7,174.8,1.3399999,2.4000000000000004,45.9,128.90001
-28.116667,26.725278,28-11-2014,38.0,31.88,16.449999,0.5,191.5,1.75,1.9000000000000001,36.100002,155.40001
-27.573056,24.746389,28-11-2014,42.900000000000006,34.78,17.88,0.3,215.40001,2.23,2.1,40.7,174.7
-29.744167,29.905833,01-12-2014,45.800000000000004,28.699999,15.389999,29.1,157.2,1.04,2.3000000000000003,88.3,68.9
-29.380556,30.2775,01-12-2014,49.400000000000006,27.449999,14.5199995,28.300001,149.7,0.82,2.5,88.5,61.2
-26.970278,27.211111,01-12-2014,45.800000000000004,30.15,15.65,2.2,176.1,1.4,2.3000000000000003,43.7,132.40001
-29.160278,26.573333,01-12-2014,33.9,32.719997,15.309999,0.5,200.8,1.91,1.7000000000000002,32.2,168.6
-27.01011111,26.69808333,02-12-2014,46.1,31.179998,16.279999,0.6,185.5,1.54,2.3000000000000003,43.8,141.7
-34.065833,20.404167,02-12-2014,13.600000000000001,32.05,18.029999,1.7,197.5,1.56,0.7000000000000001,13.0,184.5
-25.127778,27.628889,02-12-2014,47.2,32.53,18.359999,6.3,184.3,1.5899999,2.4000000000000004,45.4,138.90001
-24.69514,27.40906,02-12-2014,48.1,32.64,19.4,2.6000001,187.0,1.65,2.4000000000000004,45.7,141.3
-25.49037,30.6986,02-12-2014,67.0,28.58,16.699999,109.5,149.8,0.98999995,3.4000000000000004,116.4,33.4
-26.861111,28.884722,02-12-2014,50.7,28.16,13.559999,4.0,158.3,1.0799999,2.5,48.5,109.8
-26.648056,27.089444,02-12-2014,48.1,29.929998,15.46,2.7,174.8,1.3399999,2.4000000000000004,45.9,128.90001
-26.880278,26.965,02-12-2014,46.800000000000004,30.529999,15.889999,2.1000001,177.5,1.42,2.3000000000000003,44.600002,132.90001
-26.98472222,26.63227778,02-12-2014,47.6,31.34,16.539999,0.6,184.7,1.5699999,2.4000000000000004,45.2,139.5
-27.671111,27.236944,02-12-2014,40.6,30.98,15.45,0.6,183.40001,1.53,2.0,38.600002,144.8
-28.69485,28.23487,02-12-2014,49.2,28.25,13.42,7.0,163.3,1.1999999,2.5,49.9,113.4
-29.615556,27.065278,02-12-2014,36.9,31.38,14.73,0.5,188.8,1.7199999,1.8,35.100002,153.7
-28.883333,27.89,02-12-2014,47.400000000000006,29.38,14.12,7.5,168.90001,1.36,2.4000000000000004,48.4,120.5
-34.092222,21.295278,02-12-2014,16.3,30.49,16.39,1.1,183.90001,1.23,0.8,15.5,168.40001
-33.31388889,19.07472222,02-12-2014,10.700000000000001,32.23,16.789999,9.5,216.6,1.7199999,0.5,11.8,204.8
-33.7075,18.97444444,02-12-2014,16.2,31.46,17.48,10.8,212.0,1.55,0.8,17.5,194.5
-25.20639,27.558,03-12-2014,47.6,32.28,18.19,4.4,182.8,1.55,2.4000000000000004,45.5,137.3
-25.73411,27.21422,03-12-2014,58.5,30.179998,15.71,3.5,172.5,1.3199999,2.9000000000000004,55.9,116.6
-26.45,28.085833,03-12-2014,50.6,28.849998,14.78,3.5,164.5,1.2099999,2.5,48.4,116.1
-27.273889,28.49,03-12-2014,48.1,28.82,14.099999,6.4,162.40001,1.1999999,2.4000000000000004,46.9,115.5
-27.4275,28.525833,03-12-2014,47.7,28.779999,13.83,8.5,162.0,1.1899999,2.4000000000000004,48.600002,113.4
-27.3,28.586944,03-12-2014,48.300000000000004,28.769999,13.94,7.2000003,162.1,1.18,2.4000000000000004,47.7,114.4
-30.160091,27.40124,03-12-2014,36.6,30.88,14.75,0.7,182.6,1.62,1.8,34.7,147.90001
-30.336111,27.359444,03-12-2014,35.9,30.83,14.32,0.7,183.3,1.61,1.8,34.2,149.1
-34.039722,22.133333,03-12-2014,20.3,27.83,17.01,1.4,166.90001,0.85999995,1.0,19.4,147.5
-34.02861,22.22222,03-12-2014,21.0,27.23,16.8,1.5,164.3,0.78999996,1.0,20.0,144.3
-34.405833,19.600556,03-12-2014,23.6,27.0,16.4,7.7000003,173.0,0.89,1.2000000000000002,23.7,149.3
-33.13083,18.86278,03-12-2014,8.700000000000001,32.739998,17.699999,8.5,209.40001,1.81,0.4,9.7,199.7
-33.464444,18.740556,03-12-2014,12.9,30.96,17.27,7.9,210.7,1.53,0.6000000000000001,13.7,197.0
-30.830556,26.921389,04-12-2014,28.5,31.5,14.0,0.6,189.40001,1.6899999,1.4000000000000001,27.1,162.3
-25.362222,31.956667,04-12-2014,58.900000000000006,31.65,19.25,40.9,143.40001,1.12,2.9000000000000004,81.9,61.5
-27.902778,24.615556,04-12-2014,39.0,35.41,18.3,0.2,223.7,2.3999999,2.0,37.100002,186.6
-28.376944,24.303056,04-12-2014,35.7,35.7,18.1,0.2,225.6,2.48,1.8,34.0,191.6
-29.160278,26.573333,04-12-2014,33.9,32.719997,15.309999,0.5,200.8,1.91,1.7000000000000002,32.2,168.6
-30.679722,26.7125,04-12-2014,28.0,32.66,14.63,0.5,194.3,1.88,1.4000000000000001,26.6,167.7
-34.329722,18.990278,04-12-2014,27.3,25.789999,16.01,14.900001,168.3,0.77,1.4000000000000001,29.0,139.3
-29.803611,30.516111,04-12-2014,45.2,28.59,17.449999,30.800001,151.7,0.89,2.3000000000000003,92.3,59.4
-33.897778,20.012778,04-12-2014,13.600000000000001,31.849998,16.81,1.8000001,201.3,1.5699999,0.7000000000000001,13.0,188.3
-26.98472222,26.63227778,05-12-2014,47.6,31.34,16.539999,0.6,184.7,1.5699999,2.4000000000000004,45.2,139.5
-25.99136,27.84208,08-12-2014,58.7,29.21,15.929999,9.8,168.0,1.25,2.9000000000000004,58.9,109.1
-26.45,28.085833,08-12-2014,50.6,28.849998,14.78,3.5,164.5,1.2099999,2.5,48.4,116.1
-28.141944,26.417778,08-12-2014,37.300000000000004,32.079998,16.25,0.5,196.0,1.77,1.9000000000000001,35.4,160.6
-29.042222,24.6,08-12-2014,29.8,35.29,17.779999,0.1,226.5,2.47,1.5,28.300001,198.2
-29.028629,24.638389,08-12-2014,30.8,35.2,17.67,0.1,225.2,2.44,1.5,29.2,196.0
-29.033333,23.983333,08-12-2014,26.700000000000003,35.67,17.85,0.2,229.8,2.52,1.3,25.4,204.40001
-28.460833,21.248889,08-12-2014,16.2,36.899998,20.1,0.0,241.2,3.01,0.8,15.400001,225.8
-30.86013889,29.07125,08-12-2014,30.5,28.81,16.27,4.0,158.0,1.12,1.5,29.300001,128.7
-30.77586667,29.03221667,08-12-2014,32.0,28.74,15.889999,3.6000001,158.7,1.13,1.6,30.7,128.0
-29.140556,31.391944,09-12-2014,113.7,30.42,20.17,5.1,158.3,0.93,5.7,108.4,49.9
-24.183889,30.823889,09-12-2014,46.800000000000004,32.469997,20.47,32.3,159.90001,1.4399999,2.3000000000000003,99.0,60.9
-24.69514,27.40906,09-12-2014,48.1,32.64,19.4,2.6000001,187.0,1.65,2.4000000000000004,45.7,141.3
-25.73411,27.21422,09-12-2014,58.5,30.179998,15.71,3.5,172.5,1.3199999,2.9000000000000004,55.9,116.6
-28.747778,31.745833,09-12-2014,73.10000000000001,31.31,20.27,4.7000003,161.6,1.0699999,3.7,69.8,91.8
-28.801278,31.955389,09-12-2014,71.3,30.96,20.449999,6.3,161.1,0.97999996,3.6,68.4,92.700005
-26.861111,28.884722,09-12-2014,50.7,28.16,13.559999,4.0,158.3,1.0799999,2.5,48.5,109.8
-28.1175,26.719444,09-12-2014,38.0,31.88,16.449999,0.5,191.5,1.75,1.9000000000000001,36.100002,155.40001
-27.398611,26.614722,09-12-2014,41.800000000000004,31.89,16.619999,0.6,193.1,1.68,2.1,39.7,153.40001
-30.568333,29.422778,09-12-2014,35.2,27.38,13.349999,10.400001,153.40001,0.95,1.8,35.8,117.6
-30.570833,29.150556,09-12-2014,37.5,27.17,13.219999,6.2000003,154.1,0.97999996,1.9000000000000001,36.600002,117.5
-31.554722,29.245556,09-12-2014,29.700000000000003,27.599998,18.08,15.1,146.7,0.82,1.5,37.600002,109.1
-25.45963889,28.26430556,09-12-2014,51.6,30.96,16.949999,17.5,172.3,1.4,2.6,62.0,110.3
-27.4,26.624722,09-12-2014,41.800000000000004,31.89,16.619999,0.6,193.1,1.68,2.1,39.7,153.40001
-27.01011111,26.69808333,10-12-2014,46.1,31.179998,16.279999,0.6,185.5,1.54,2.3000000000000003,43.8,141.7
-25.81048333,27.90955222,10-12-2014,57.0,30.13,16.88,10.2,171.0,1.3399999,2.8000000000000003,57.3,113.700005
-29.641944,30.6875,10-12-2014,48.5,29.63,18.99,29.9,155.40001,0.96999997,2.4000000000000004,80.0,75.4
-24.670833,28.560833,10-12-2014,45.7,30.71,16.859999,25.9,172.2,1.3299999,2.3000000000000003,87.9,84.3
-28.404444,30.013056,10-12-2014,50.5,30.439999,15.809999,11.8,165.0,1.26,2.5,53.3,111.700005
-26.648056,27.089444,10-12-2014,48.1,29.929998,15.46,2.7,174.8,1.3399999,2.4000000000000004,45.9,128.90001
-26.970278,27.211111,10-12-2014,45.800000000000004,30.15,15.65,2.2,176.1,1.4,2.3000000000000003,43.7,132.40001
-26.880278,26.965,10-12-2014,46.800000000000004,30.529999,15.889999,2.1000001,177.5,1.42,2.3000000000000003,44.600002,132.90001
-26.98472222,26.63227778,10-12-2014,47.6,31.34,16.539999,0.6,184.7,1.5699999,2.4000000000000004,45.2,139.5
-27.671111,27.236944,10-12-2014,40.6,30.98,15.45,0.6,183.40001,1.53,2.0,38.600002,144.8
-28.058889,30.373611,10-12-2014,58.7,28.82,14.549999,19.2,159.1,1.02,2.9000000000000004,82.0,77.1
-23.658056,31.05,11-12-2014,37.800000000000004,32.88,20.74,19.4,160.1,1.4699999,1.9000000000000001,42.3,117.8
-23.281,30.54305556,11-12-2014,55.2,31.84,20.42,22.6,160.7,1.4,2.8000000000000003,62.2,98.5
-27.5275,30.858056,11-12-2014,110.80000000000001,28.359999,15.58,42.7,152.90001,0.94,5.5,135.40001,17.5
-27.38972222,26.46388889,11-12-2014,41.6,32.04,16.76,0.6,195.40001,1.7099999,2.1,39.5,155.90001
-27.398611,26.614722,11-12-2014,41.800000000000004,31.89,16.619999,0.6,193.1,1.68,2.1,39.7,153.40001
-27.4,26.624722,11-12-2014,41.800000000000004,31.89,16.619999,0.6,193.1,1.68,2.1,39.7,153.40001
-24.679167,30.8025,12-12-2014,80.7,26.789999,15.7,82.8,144.8,0.83,4.0,119.700005,25.1
-29.744167,29.905833,12-12-2014,45.800000000000004,28.699999,15.389999,29.1,157.2,1.04,2.3000000000000003,88.3,68.9
-26.73806,27.59194,15-12-2014,48.900000000000006,29.3,15.219999,2.8,168.90001,1.29,2.4000000000000004,46.7,122.200005
-27.671111,27.236944,15-12-2014,40.6,30.98,15.45,0.6,183.40001,1.53,2.0,38.600002,144.8
-25.127778,27.628889,16-12-2014,47.2,32.53,18.359999,6.3,184.3,1.5899999,2.4000000000000004,45.4,138.90001
-28.44555556,32.325,18-02-2015,13.5,31.01,21.119999,10.3,162.3,1.02,0.7000000000000001,14.7,147.6
-26.970278,27.211111,16-12-2014,45.800000000000004,30.15,15.65,2.2,176.1,1.4,2.3000000000000003,43.7,132.40001
-27.01011111,26.69808333,17-12-2014,46.1,31.179998,16.279999,0.6,185.5,1.54,2.3000000000000003,43.8,141.7
-27.602222,29.942778,17-12-2014,57.2,29.279999,14.799999,13.900001,162.3,1.12,2.9000000000000004,60.3,102.0
-28.75,30.442778,17-12-2014,43.400000000000006,31.91,17.779999,11.3,168.6,1.35,2.2,46.3,122.3
-29.161667,30.629722,17-12-2014,50.7,27.5,15.559999,25.5,148.40001,0.81,2.5,79.9,68.5
-26.648056,27.089444,17-12-2014,48.1,29.929998,15.46,2.7,174.8,1.3399999,2.4000000000000004,45.9,128.90001
-26.880278,26.965,17-12-2014,46.800000000000004,30.529999,15.889999,2.1000001,177.5,1.42,2.3000000000000003,44.600002,132.90001
-26.45,28.085833,17-12-2014,50.6,28.849998,14.78,3.5,164.5,1.2099999,2.5,48.4,116.1
-26.98472222,26.63227778,17-12-2014,47.6,31.34,16.539999,0.6,184.7,1.5699999,2.4000000000000004,45.2,139.5
-33.501667,21.624167,17-12-2014,12.8,30.66,13.889999,0.1,197.90001,1.4599999,0.6000000000000001,12.1,185.8
-29.641944,30.6875,18-12-2014,48.5,29.63,18.99,29.9,155.40001,0.96999997,2.4000000000000004,80.0,75.4
-26.905,32.324722,18-12-2014,74.0,33.88,20.76,4.5,161.2,1.4699999,3.7,70.4,90.8
-27.169444,29.233889,18-12-2014,50.2,27.8,13.13,3.3,156.2,1.01,2.5,48.0,108.200005
-26.861111,28.884722,18-12-2014,50.7,28.16,13.559999,4.0,158.3,1.0799999,2.5,48.5,109.8
-27.00222,28.76528,18-12-2014,49.0,28.49,13.73,3.6000001,159.6,1.12,2.4000000000000004,46.8,112.8
-28.376944,24.303056,18-12-2014,35.7,35.7,18.1,0.2,225.6,2.48,1.8,34.0,191.6
-34.250556,20.9925,18-12-2014,16.6,30.269999,17.34,1.9,188.3,1.17,0.8,15.8,172.5
-27.902778,24.615556,19-12-2014,39.0,35.41,18.3,0.2,223.7,2.3999999,2.0,37.100002,186.6
-22.43772222,31.07805556,21-12-2014,33.9,34.7,21.279999,15.8,176.1,1.74,1.7000000000000002,38.0,138.1
-24.282222,28.090278,22-12-2014,55.6,30.609999,17.26,25.0,171.90001,1.36,2.8000000000000003,80.8,91.1
-30.733889,29.828333,22-12-2014,31.5,28.15,17.109999,23.2,151.0,0.95,1.6,49.9,101.1
-26.970278,27.211111,22-12-2014,45.800000000000004,30.15,15.65,2.2,176.1,1.4,2.3000000000000003,43.7,132.40001
-26.880278,26.965,22-12-2014,46.800000000000004,30.529999,15.889999,2.1000001,177.5,1.42,2.3000000000000003,44.600002,132.90001
-26.45,28.085833,22-12-2014,50.6,28.849998,14.78,3.5,164.5,1.2099999,2.5,48.4,116.1
-27.01011111,26.69808333,23-12-2014,46.1,31.179998,16.279999,0.6,185.5,1.54,2.3000000000000003,43.8,141.7
-25.81048333,27.90955222,23-12-2014,57.0,30.13,16.88,10.2,171.0,1.3399999,2.8000000000000003,57.3,113.700005
-22.225556,29.990556,23-12-2014,25.5,34.27,22.15,0.2,179.5,1.89,1.3,24.2,155.3
-22.91028,29.61111,23-12-2014,38.6,31.199999,19.039999,18.6,165.3,1.38,1.9000000000000001,55.3,110.0
-26.861111,28.884722,23-12-2014,50.7,28.16,13.559999,4.0,158.3,1.0799999,2.5,48.5,109.8
-27.00222,28.76528,23-12-2014,49.0,28.49,13.73,3.6000001,159.6,1.12,2.4000000000000004,46.8,112.8
-26.98472222,26.63227778,23-12-2014,47.6,31.34,16.539999,0.6,184.7,1.5699999,2.4000000000000004,45.2,139.5
-29.744167,29.905833,24-12-2014,45.800000000000004,28.699999,15.389999,29.1,157.2,1.04,2.3000000000000003,88.3,68.9
-29.161667,23.696389,31-12-2014,23.3,36.17,18.47,0.1,236.0,2.6499999,1.2000000000000002,22.1,213.90001
-28.376944,24.303056,01-01-2015,35.7,35.7,18.1,0.2,225.6,2.48,1.8,34.0,191.6
-27.902778,24.615556,02-01-2015,60.800000000000004,33.899998,15.87,0.2,191.1,2.03,3.0,57.7,133.40001
-25.99136,27.84208,05-01-2015,0.9,24.96,5.92,5.1,92.3,1.09,0.0,1.5,90.8
-29.987778,29.851667,05-01-2015,9.5,24.8,6.7999997,18.2,74.3,0.98999995,0.5,15.1,59.2
-29.744167,29.905833,05-01-2015,7.5,25.16,6.92,15.3,76.9,1.0,0.4,11.400001,65.5
-26.970278,27.211111,05-01-2015,1.9000000000000001,25.5,5.2,1.8000001,91.200005,1.16,0.1,1.9,89.3
-28.1175,26.719444,05-01-2015,4.3,25.42,5.24,0.5,89.5,1.18,0.2,4.1,85.4
-27.671111,27.236944,05-01-2015,3.6,25.5,4.91,0.5,90.200005,1.17,0.2,3.4,86.8
-29.140556,31.391944,06-01-2015,31.8,23.769999,11.57,3.9,64.8,0.71,1.6,30.5,34.3
-25.73411,27.21422,06-01-2015,19.1,20.76,3.06,2.5,81.8,0.9,1.0,18.300001,63.5
-30.733889,29.828333,06-01-2015,64.5,20.07,6.74,13.0,65.200005,0.79999995,3.2,61.9,3.3
-27.935,26.126667,06-01-2015,26.1,18.71,-0.22999999,0.5,71.5,0.71,1.3,24.800001,46.7
-28.141944,26.417778,06-01-2015,30.1,18.109999,0.44,0.5,70.0,0.7,1.5,28.6,41.4
-27.398611,26.614722,06-01-2015,36.7,19.859999,2.03,0.5,76.4,0.83,1.8,34.8,41.600002
-29.160278,26.573333,06-01-2015,35.6,17.51,-0.35,0.4,65.8,0.66999996,1.8,33.8,32.0
-28.69485,28.23487,06-01-2015,42.6,16.15,-0.47,2.9,61.5,0.57,2.1,40.8,20.7
-28.883333,27.89,06-01-2015,41.7,15.78,-1.23,3.1000001,58.3,0.53999996,2.1,40.0,18.300001
-27.01011111,26.69808333,07-01-2015,7.7,20.0,2.97,0.5,82.0,0.85999995,0.4,7.4,74.6
-25.81048333,27.90955222,07-01-2015,6.300000000000001,21.869999,3.78,4.4,84.1,0.97999996,0.30000000000000004,6.4,77.700005
-28.747778,31.745833,07-01-2015,118.5,24.119999,12.179999,42.9,73.0,0.81,5.9,73.0,0.0
-28.801278,31.955389,07-01-2015,147.1,24.109999,12.799999,67.8,72.4,0.72999996,14.5,72.4,0.0
-28.404444,30.013056,07-01-2015,15.0,21.369999,4.16,4.4,70.200005,0.89,0.8,14.8,55.4
-26.648056,27.089444,07-01-2015,8.200000000000001,20.0,2.1399999,1.8000001,80.6,0.85999995,0.4,7.9,72.700005
-26.880278,26.965,07-01-2015,9.9,20.119999,2.61,1.5,80.3,0.87,0.5,9.400001,70.9
-26.98472222,26.63227778,07-01-2015,7.9,19.84,2.9099998,0.5,82.1,0.84999996,0.4,7.5,74.6
-28.116667,26.725278,07-01-2015,12.100000000000001,18.58,1.99,0.4,75.8,0.77,0.6000000000000001,11.5,64.3
-30.160091,27.40124,07-01-2015,20.0,15.089999,1.3,0.6,59.4,0.56,1.0,19.0,40.4
-30.336111,27.359444,07-01-2015,22.700000000000003,14.7,0.76,0.6,58.2,0.52,1.1,21.6,36.600002
-29.615556,27.065278,07-01-2015,19.900000000000002,16.63,0.81,0.5,66.700005,0.65999997,1.0,19.0,47.7
-30.830556,26.921389,08-01-2015,27.5,18.33,0.26999998,0.5,89.5,0.85999995,1.4000000000000001,26.1,63.4
-31.000833,26.353056,08-01-2015,31.8,17.75,-0.74,0.3,87.200005,0.81,1.6,30.2,57.0
-30.679722,26.7125,08-01-2015,27.0,18.99,0.19,0.4,90.9,0.89,1.3,25.6,65.3
-23.838611,31.640833,09-01-2015,16.0,29.75,14.08,10.400001,121.3,1.3199999,0.8,16.0,105.3
-27.5275,30.858056,09-01-2015,40.7,25.08,10.21,6.8,108.200005,1.0699999,2.0,39.4,68.8
-29.744167,29.905833,09-01-2015,33.7,24.97,9.099999,8.3,104.3,1.06,1.7000000000000002,33.0,71.3
-30.398056,30.601944,09-01-2015,59.6,24.31,15.9,12.1,99.700005,0.75,3.0,58.9,40.8
-26.98472222,26.63227778,09-01-2015,36.6,26.72,9.62,0.5,148.40001,1.54,1.8,34.8,113.6
-27.573056,24.746389,09-01-2015,17.5,28.5,9.3,0.3,153.3,1.75,0.9,16.6,136.7
-29.658056,25.973333,09-01-2015,12.700000000000001,24.85,6.68,0.4,134.2,1.29,0.6000000000000001,12.1,122.1
-29.803611,30.516111,09-01-2015,42.800000000000004,24.72,11.84,8.0,101.700005,0.90999997,2.1,41.5,60.2
-28.735556,29.820556,12-01-2015,15.8,32.219997,16.84,2.8,180.3,1.49,0.8,15.2,165.1
-26.970278,27.211111,12-01-2015,28.6,32.09,16.359999,1.3000001,199.8,1.63,1.4000000000000001,27.2,172.6
-26.73806,27.59194,12-01-2015,33.9,31.109999,15.799999,1.6,193.3,1.48,1.7000000000000002,32.3,161.0
-25.127778,27.628889,13-01-2015,48.400000000000006,34.579998,18.93,3.1000001,203.40001,1.87,2.4000000000000004,46.100002,157.3
-25.20639,27.558,13-01-2015,48.2,34.52,18.869999,2.6000001,204.40001,1.86,2.4000000000000004,45.9,158.5
-24.69514,27.40906,13-01-2015,47.6,35.25,20.039999,1.9,210.1,2.02,2.4000000000000004,45.3,164.8
-28.141944,26.417778,13-01-2015,13.3,33.989998,16.58,0.4,220.40001,2.04,0.7000000000000001,12.6,207.8
-28.1175,26.719444,13-01-2015,13.9,33.579998,16.869999,0.4,216.3,1.9799999,0.7000000000000001,13.2,203.1
-28.116667,26.725278,13-01-2015,13.9,33.579998,16.869999,0.4,216.3,1.9799999,0.7000000000000001,13.2,203.1
-30.568333,29.422778,13-01-2015,25.400000000000002,28.07,13.9,4.0,157.8,1.0,1.3,24.5,133.3
-30.570833,29.150556,13-01-2015,25.5,27.92,13.75,2.6000001,159.7,1.04,1.3,24.4,135.3
-28.338333,31.373611,13-01-2015,37.0,31.349998,18.449999,4.4,164.90001,1.2099999,1.9000000000000001,35.5,129.40001
-28.068333,31.55,13-01-2015,14.0,33.53,20.9,4.5,176.1,1.5799999,0.7000000000000001,13.6,162.5
-27.01011111,26.69808333,14-01-2015,25.5,32.84,16.93,0.5,210.0,1.76,1.3,24.2,185.8
-29.641944,30.6875,14-01-2015,16.8,30.349998,19.5,6.0,158.7,1.0699999,0.8,16.4,142.3
-24.39619444,27.08983333,14-01-2015,43.300000000000004,35.61,20.32,1.5,208.8,2.09,2.2,41.2,167.6
-25.73411,27.21422,14-01-2015,47.300000000000004,32.07,16.109999,1.9,194.2,1.54,2.4000000000000004,45.0,149.2
-28.44555556,32.325,09-04-2015,13.5,31.01,21.119999,10.3,162.3,1.02,0.7000000000000001,14.7,147.6
-27.602222,29.942778,14-01-2015,35.0,31.789999,15.66,3.5,185.90001,1.42,1.7000000000000002,33.5,152.40001
-28.75,30.442778,14-01-2015,15.600000000000001,33.11,18.56,2.8,181.40001,1.55,0.8,15.0,166.40001
-29.161667,30.629722,14-01-2015,17.6,28.789999,15.98,5.1,155.0,0.95,0.9,17.1,137.90001
-26.648056,27.089444,14-01-2015,32.9,31.9,16.15,1.5,197.3,1.5699999,1.6,31.300001,166.0
-26.45,28.085833,14-01-2015,38.7,30.5,15.23,1.9,186.7,1.36,1.9000000000000001,36.9,149.8
-27.38972222,26.46388889,14-01-2015,19.5,33.79,17.06,0.5,219.6,1.9399999,1.0,18.5,201.1
-26.98472222,26.63227778,14-01-2015,26.200000000000003,32.93,17.02,0.5,207.8,1.77,1.3,24.9,182.90001
-27.398611,26.614722,14-01-2015,19.8,33.59,17.07,0.5,218.2,1.91,1.0,18.800001,199.40001
-31.104278,29.399722,14-01-2015,28.0,29.029999,18.07,5.0,154.2,1.02,1.4000000000000001,27.1,127.1
-31.396,29.2651,14-01-2015,27.8,29.199999,19.42,5.2000003,155.7,1.01,1.4000000000000001,27.1,128.6
-31.554722,29.245556,14-01-2015,29.700000000000003,27.93,18.41,4.8,145.2,0.82,1.5,28.7,116.5
-27.169444,29.233889,15-01-2015,34.4,29.41,13.78,1.8000001,177.0,1.16,1.7000000000000002,32.8,144.2
-27.02314,28.59389,15-01-2015,33.800000000000004,30.33,14.45,2.0,185.5,1.3199999,1.7000000000000002,32.2,153.3
-27.398611,26.614722,15-01-2015,19.8,33.59,17.07,0.5,218.2,1.91,1.0,18.800001,199.40001
-27.573056,24.746389,15-01-2015,14.0,36.17,18.08,0.3,235.0,2.5,0.7000000000000001,13.3,221.7
-28.376944,24.303056,15-01-2015,8.9,36.45,18.26,0.2,230.7,2.6599998,0.4,8.5,222.2
-31.031389,28.883333,15-01-2015,26.6,29.039999,16.16,2.3,161.1,1.12,1.3,25.300001,135.8
-30.86013889,29.07125,15-01-2015,25.700000000000003,29.439999,16.63,2.1000001,161.8,1.16,1.3,24.5,137.3
-30.77586667,29.03221667,15-01-2015,25.700000000000003,29.39,16.359999,2.0,162.90001,1.18,1.3,24.5,138.40001
-26.619444,27.980833,16-01-2015,36.6,30.92,15.65,1.8000001,190.0,1.43,1.8,34.9,155.1
-27.671111,27.236944,16-01-2015,19.0,32.93,16.3,0.5,209.5,1.8,1.0,18.1,191.40001
-27.902778,24.615556,16-01-2015,11.600000000000001,36.51,18.33,0.2,230.90001,2.61,0.6000000000000001,11.0,219.90001
-28.747778,31.745833,17-01-2015,104.7,32.66,21.02,8.5,171.40001,1.3,5.2,100.9,70.5
-25.99136,27.84208,19-01-2015,46.0,31.01,16.18,2.9,187.6,1.41,2.3000000000000003,43.9,143.7
-26.970278,27.211111,19-01-2015,28.6,32.09,16.359999,1.3000001,199.8,1.63,1.4000000000000001,27.2,172.6
-29.028629,24.638389,19-01-2015,7.2,36.37,17.47,0.1,235.6,2.6599998,0.4,6.9,228.7
-29.033333,23.983333,19-01-2015,5.5,36.78,17.77,0.1,230.7,2.74,0.30000000000000004,5.3,225.40001
-33.818056,19.694722,19-01-2015,13.100000000000001,31.279999,15.929999,5.9,202.7,1.61,0.7000000000000001,13.6,189.1
-27.01011111,26.69808333,20-01-2015,25.5,32.84,16.93,0.5,210.0,1.76,1.3,24.2,185.8
-22.225556,29.990556,20-01-2015,29.700000000000003,35.86,22.09,0.2,192.8,2.03,1.5,28.2,164.6
-26.98472222,26.63227778,20-01-2015,26.200000000000003,32.93,17.02,0.5,207.8,1.77,1.3,24.9,182.90001
-27.935,26.126667,20-01-2015,12.9,34.219997,16.25,0.4,222.8,2.05,0.6000000000000001,12.2,210.6
-28.1175,26.719444,20-01-2015,13.9,33.579998,16.869999,0.4,216.3,1.9799999,0.7000000000000001,13.2,203.1
-34.075556,20.145556,20-01-2015,12.700000000000001,30.89,16.68,5.3,182.5,1.53,0.6000000000000001,12.900001,169.6
-32.502778,19.535833,20-01-2015,5.0,34.0,15.36,2.1000001,234.0,2.21,0.30000000000000004,5.0,229.0
-29.161667,23.696389,21-01-2015,4.3,37.1,18.199999,0.0,232.1,2.85,0.2,4.1,228.0
-25.81048333,27.90955222,21-01-2015,46.800000000000004,31.99,17.13,3.0,191.90001,1.53,2.3000000000000003,44.7,147.2
-29.641944,30.6875,21-01-2015,16.8,30.349998,19.5,6.0,158.7,1.0699999,0.8,16.4,142.3
-25.73411,27.21422,21-01-2015,47.300000000000004,32.07,16.109999,1.9,194.2,1.54,2.4000000000000004,45.0,149.2
-26.648056,27.089444,21-01-2015,32.9,31.9,16.15,1.5,197.3,1.5699999,1.6,31.300001,166.0
-29.160278,26.573333,21-01-2015,10.0,33.69,15.73,0.4,220.1,2.05,0.5,9.5,210.6
-29.033333,23.983333,21-01-2015,5.5,36.78,17.77,0.1,230.7,2.74,0.30000000000000004,5.3,225.40001
-26.03611,30.99778,22-01-2015,51.1,31.39,18.43,11.1,173.3,1.3399999,2.6,49.600002,123.700005
-27.363611,31.783333,22-01-2015,16.8,33.2,20.109999,7.6,170.5,1.4399999,0.8,16.5,154.0
-26.905,32.324722,22-01-2015,18.400000000000002,34.71,20.609999,3.2,175.0,1.56,0.9,17.6,157.40001
-28.116667,26.725278,22-01-2015,13.9,33.579998,16.869999,0.4,216.3,1.9799999,0.7000000000000001,13.2,203.1
-23.838611,31.640833,23-01-2015,38.400000000000006,35.579998,21.16,8.5,181.2,1.8,1.9000000000000001,37.100002,144.1
-29.744167,29.905833,23-01-2015,26.900000000000002,29.539999,15.889999,6.3,161.0,1.13,1.3,26.1,134.90001
-28.96362,19.15486,24-01-2015,0.2,38.5,19.16,0.0,253.7,3.31,0.0,0.2,253.5
-26.73806,27.59194,26-01-2015,33.9,31.109999,15.799999,1.6,193.3,1.48,1.7000000000000002,32.3,161.0
-26.45,28.085833,26-01-2015,38.7,30.5,15.23,1.9,186.7,1.36,1.9000000000000001,36.9,149.8
-34.065833,20.404167,27-01-2015,11.8,31.42,17.529999,4.5,177.6,1.5699999,0.6000000000000001,11.7,165.90001
-25.127778,27.628889,27-01-2015,48.400000000000006,34.579998,18.93,3.1000001,203.40001,1.87,2.4000000000000004,46.100002,157.3
-25.20639,27.558,27-01-2015,48.2,34.52,18.869999,2.6000001,204.40001,1.86,2.4000000000000004,45.9,158.5
-24.39619444,27.08983333,27-01-2015,43.300000000000004,35.61,20.32,1.5,208.8,2.09,2.2,41.2,167.6
-24.69514,27.40906,27-01-2015,47.6,35.25,20.039999,1.9,210.1,2.02,2.4000000000000004,45.3,164.8
-27.169444,29.233889,27-01-2015,34.4,29.41,13.78,1.8000001,177.0,1.16,1.7000000000000002,32.8,144.2
-26.861111,28.884722,27-01-2015,35.800000000000004,29.83,14.12,2.2,182.40001,1.24,1.8,34.100002,148.3
-26.970278,27.211111,27-01-2015,28.6,32.09,16.359999,1.3000001,199.8,1.63,1.4000000000000001,27.2,172.6
-26.880278,26.965,27-01-2015,28.6,32.53,16.71,1.2,201.8,1.68,1.4000000000000001,27.300001,174.5
-33.501667,21.624167,27-01-2015,9.0,29.73,13.429999,0.1,189.6,1.4,0.5,8.6,181.0
-32.595833,19.009444,27-01-2015,6.6000000000000005,33.96,15.69,7.7000003,221.2,2.07,0.30000000000000004,7.5,213.7
-29.161667,23.696389,28-01-2015,4.3,37.1,18.199999,0.0,232.1,2.85,0.2,4.1,228.0
-28.7115,24.07288889,28-01-2015,6.7,36.8,18.039999,0.2,231.5,2.74,0.30000000000000004,6.4,225.1
-27.01011111,26.69808333,28-01-2015,25.5,32.84,16.93,0.5,210.0,1.76,1.3,24.2,185.8
-24.282222,28.090278,28-01-2015,51.400000000000006,32.87,17.83,4.8,187.3,1.5999999,2.6,49.2,138.1
-23.763056,27.908611,28-01-2015,43.300000000000004,34.28,19.14,3.6000001,190.7,1.8199999,2.2,41.3,149.40001
-23.658056,31.05,28-01-2015,36.1,34.719997,20.8,5.5,177.1,1.68,1.8,34.7,142.40001
-23.281,30.54305556,28-01-2015,36.7,33.7,20.49,5.8,177.2,1.5799999,1.8,35.2,142.0
-27.937778,31.209444,28-01-2015,15.4,31.42,18.32,5.7000003,170.90001,1.29,0.8,15.1,155.8
-28.404444,30.013056,28-01-2015,15.8,31.949999,16.32,3.0,181.5,1.4599999,0.8,15.2,166.3
-26.648056,27.089444,28-01-2015,32.9,31.9,16.15,1.5,197.3,1.5699999,1.6,31.300001,166.0
-27.273889,28.49,28-01-2015,31.1,30.269999,14.389999,2.3,186.7,1.3299999,1.6,29.7,157.0
-27.4275,28.525833,28-01-2015,29.900000000000002,30.179998,14.21,2.3,186.1,1.31,1.5,28.6,157.5
-27.3,28.586944,28-01-2015,31.1,30.24,14.28,2.3,185.6,1.31,1.6,29.7,155.90001
-26.98472222,26.63227778,28-01-2015,26.200000000000003,32.93,17.02,0.5,207.8,1.77,1.3,24.9,182.90001
-34.405833,19.600556,28-01-2015,17.0,26.47,15.74,8.8,163.0,0.93,0.9,18.0,145.0
-28.068333,31.55,28-01-2015,14.0,33.53,20.9,4.5,176.1,1.5799999,0.7000000000000001,13.6,162.5
-28.058889,30.373611,28-01-2015,22.8,30.81,15.37,3.6000001,176.40001,1.27,1.1,21.9,154.5
-22.935,28.004167,29-01-2015,32.2,35.76,20.47,0.2,199.5,2.05,1.6,30.6,168.90001
-22.225556,29.990556,29-01-2015,29.700000000000003,35.86,22.09,0.2,192.8,2.03,1.5,28.2,164.6
-24.670833,28.560833,29-01-2015,59.1,32.86,17.25,4.8,187.5,1.56,3.0,56.5,131.0
-27.5275,30.858056,29-01-2015,29.900000000000002,29.97,16.4,5.3,166.3,1.11,1.5,28.9,137.40001
-28.376944,24.303056,29-01-2015,8.9,36.45,18.26,0.2,230.7,2.6599998,0.4,8.5,222.2
-34.329722,18.990278,29-01-2015,18.900000000000002,25.51,15.53,17.4,166.40001,0.81,0.9,22.5,143.90001
-33.38056,19.30167,29-01-2015,13.3,29.369999,13.74,8.5,196.40001,1.48,0.7000000000000001,14.5,181.90001
-27.573056,24.746389,30-01-2015,14.0,36.17,18.08,0.3,235.0,2.5,0.7000000000000001,13.3,221.7
-27.902778,24.615556,30-01-2015,11.600000000000001,36.51,18.33,0.2,230.90001,2.61,0.6000000000000001,11.0,219.90001
-25.99136,27.84208,02-02-2015,46.0,31.01,16.18,2.9,187.6,1.41,2.3000000000000003,43.9,143.7
-29.7775,29.470833,02-02-2015,30.400000000000002,27.56,13.36,3.7,157.8,0.96,1.5,29.300001,128.5
-29.744167,29.905833,02-02-2015,26.900000000000002,29.539999,15.889999,6.3,161.0,1.13,1.3,26.1,134.90001
-26.970278,27.211111,02-02-2015,28.6,32.09,16.359999,1.3000001,199.8,1.63,1.4000000000000001,27.2,172.6
-28.116667,26.725278,02-02-2015,13.9,33.579998,16.869999,0.4,216.3,1.9799999,0.7000000000000001,13.2,203.1
-27.671111,27.236944,02-02-2015,19.0,32.93,16.3,0.5,209.5,1.8,1.0,18.1,191.40001
-33.818056,19.694722,02-02-2015,13.100000000000001,31.279999,15.929999,5.9,202.7,1.61,0.7000000000000001,13.6,189.1
-29.140556,31.391944,03-02-2015,112.30000000000001,31.13,20.58,2.9,161.8,1.03,5.6000000000000005,106.8,55.0
-25.73411,27.21422,03-02-2015,47.300000000000004,32.07,16.109999,1.9,194.2,1.54,2.4000000000000004,45.0,149.2
-28.801278,31.955389,03-02-2015,67.5,31.99,20.88,10.2,169.6,1.12,3.4000000000000004,66.1,103.5
-29.987778,29.851667,03-02-2015,28.3,28.689999,15.299999,6.9,155.3,1.01,1.4000000000000001,27.6,127.700005
-26.98472222,26.63227778,03-02-2015,26.200000000000003,32.93,17.02,0.5,207.8,1.77,1.3,24.9,182.90001
-27.398611,26.614722,03-02-2015,19.8,33.59,17.07,0.5,218.2,1.91,1.0,18.800001,199.40001
-33.31388889,19.07472222,03-02-2015,12.9,31.99,16.23,10.900001,207.5,1.76,0.6000000000000001,14.6,192.90001
-25.45963889,28.26430556,03-02-2015,49.300000000000004,32.93,17.21,3.7,192.90001,1.5999999,2.5,47.100002,145.8
-27.4,26.624722,03-02-2015,19.8,33.59,17.07,0.5,218.2,1.91,1.0,18.800001,199.40001
-27.01011111,26.69808333,04-02-2015,25.5,32.84,16.93,0.5,210.0,1.76,1.3,24.2,185.8
-25.81048333,27.90955222,04-02-2015,46.800000000000004,31.99,17.13,3.0,191.90001,1.53,2.3000000000000003,44.7,147.2
-29.641944,30.6875,04-02-2015,16.8,30.349998,19.5,6.0,158.7,1.0699999,0.8,16.4,142.3
-28.747778,31.745833,04-02-2015,104.7,32.66,21.02,8.5,171.40001,1.3,5.2,100.9,70.5
-26.648056,27.089444,04-02-2015,32.9,31.9,16.15,1.5,197.3,1.5699999,1.6,31.300001,166.0
-27.671111,27.236944,04-02-2015,19.0,32.93,16.3,0.5,209.5,1.8,1.0,18.1,191.40001
-28.768056,20.720556,04-02-2015,0.8,38.129997,19.21,0.0,253.7,3.28,0.0,0.7,253.0
-32.94583,18.33667,04-02-2015,7.2,29.56,15.79,5.9,198.90001,1.35,0.4,7.8,191.1
-30.13573889,30.67422222,05-02-2015,25.700000000000003,29.98,20.93,6.7000003,156.6,1.0,1.3,25.0,131.6
-29.160278,26.573333,05-02-2015,10.0,33.69,15.73,0.4,220.1,2.05,0.5,9.5,210.6
-33.13083,18.86278,05-02-2015,10.700000000000001,32.559998,16.93,10.0,209.90001,1.8499999,0.5,12.3,197.6
-29.744167,29.905833,06-02-2015,26.900000000000002,29.539999,15.889999,6.3,161.0,1.13,1.3,26.1,134.90001
-29.380556,30.2775,06-02-2015,20.1,28.42,15.099999,5.7000003,152.7,0.93,1.0,19.5,133.2
-29.803611,30.516111,06-02-2015,22.400000000000002,29.349998,17.82,6.1,152.7,0.97999996,1.1,21.800001,130.90001
-23.838611,31.640833,09-02-2015,38.400000000000006,35.579998,21.16,8.5,181.2,1.8,1.9000000000000001,37.100002,144.1
-25.49037,30.6986,09-02-2015,50.1,30.279999,16.859999,13.7,165.0,1.12,2.5,48.9,116.1
-25.513889,31.224444,09-02-2015,43.7,31.21,18.57,9.2,166.3,1.25,2.2,42.2,124.1
-28.735556,29.820556,09-02-2015,15.8,32.219997,16.84,2.8,180.3,1.49,0.8,15.2,165.1
-26.970278,27.211111,09-02-2015,28.6,32.09,16.359999,1.3000001,199.8,1.63,1.4000000000000001,27.2,172.6
-26.45,28.085833,09-02-2015,38.7,30.5,15.23,1.9,186.7,1.36,1.9000000000000001,36.9,149.8
-25.447222,30.711667,09-02-2015,48.800000000000004,30.82,17.5,12.7,167.0,1.18,2.4000000000000004,47.4,119.6
-28.760833,17.730278,10-02-2015,0.1,37.53,21.24,0.0,248.2,3.27,0.0,0.1,248.1
-27.01011111,26.69808333,10-02-2015,25.5,32.84,16.93,0.5,210.0,1.76,1.3,24.2,185.8
-25.436111,31.982222,10-02-2015,29.3,33.91,19.6,9.2,164.6,1.43,1.5,28.6,136.0
-25.20639,27.558,10-02-2015,48.2,34.52,18.869999,2.6000001,204.40001,1.86,2.4000000000000004,45.9,158.5
-24.69514,27.40906,10-02-2015,47.6,35.25,20.039999,1.9,210.1,2.02,2.4000000000000004,45.3,164.8
-23.281,30.54305556,10-02-2015,36.7,33.7,20.49,5.8,177.2,1.5799999,1.8,35.2,142.0
-25.681111,31.783333,10-02-2015,31.700000000000003,32.89,19.38,8.8,165.1,1.29,1.6,30.7,134.40001
-25.398889,31.610556,10-02-2015,34.300000000000004,32.63,19.699999,8.8,162.90001,1.3,1.7000000000000002,33.3,129.6
-24.99328,30.81444,10-02-2015,64.60000000000001,27.31,14.16,15.2,149.90001,0.79999995,3.2,63.100002,86.8
-27.602222,29.942778,10-02-2015,35.0,31.789999,15.66,3.5,185.90001,1.42,1.7000000000000002,33.5,152.40001
-26.861111,28.884722,10-02-2015,35.800000000000004,29.83,14.12,2.2,182.40001,1.24,1.8,34.100002,148.3
-26.648056,27.089444,10-02-2015,32.9,31.9,16.15,1.5,197.3,1.5699999,1.6,31.300001,166.0
-26.98472222,26.63227778,10-02-2015,26.200000000000003,32.93,17.02,0.5,207.8,1.77,1.3,24.9,182.90001
-28.141944,26.417778,10-02-2015,13.3,33.989998,16.58,0.4,220.40001,2.04,0.7000000000000001,12.6,207.8
-28.1175,26.719444,10-02-2015,13.9,33.579998,16.869999,0.4,216.3,1.9799999,0.7000000000000001,13.2,203.1
-28.116667,26.725278,10-02-2015,13.9,33.579998,16.869999,0.4,216.3,1.9799999,0.7000000000000001,13.2,203.1
-29.1825,23.575556,10-02-2015,3.9000000000000004,37.02,18.25,0.0,236.40001,2.85,0.2,3.7,232.7
-31.396,29.2651,10-02-2015,27.8,29.199999,19.42,5.2000003,155.7,1.01,1.4000000000000001,27.1,128.6
-31.554722,29.245556,10-02-2015,29.700000000000003,27.93,18.41,4.8,145.2,0.82,1.5,28.7,116.5
-34.039722,22.133333,10-02-2015,12.4,27.189999,16.779999,1.0,161.8,0.85999995,0.6000000000000001,11.8,150.0
-29.161667,23.696389,11-02-2015,4.3,37.1,18.199999,0.0,232.1,2.85,0.2,4.1,228.0
-24.670833,28.560833,11-02-2015,59.1,32.86,17.25,4.8,187.5,1.56,3.0,56.5,131.0
-24.39619444,27.08983333,11-02-2015,43.300000000000004,35.61,20.32,1.5,208.8,2.09,2.2,41.2,167.6
-24.058889,31.237222,11-02-2015,42.0,34.55,20.73,6.9,174.1,1.64,2.1,40.4,133.7
-25.362222,31.956667,11-02-2015,29.6,33.3,19.289999,9.0,162.1,1.3199999,1.5,28.800001,133.3
-25.14944444,31.94055556,11-02-2015,30.700000000000003,33.19,19.48,8.6,162.40001,1.3299999,1.5,29.800001,132.6
-28.75,30.442778,11-02-2015,15.600000000000001,33.11,18.56,2.8,181.40001,1.55,0.8,15.0,166.40001
-29.161667,30.629722,11-02-2015,17.6,28.789999,15.98,5.1,155.0,0.95,0.9,17.1,137.90001
-27.38972222,26.46388889,11-02-2015,19.5,33.79,17.06,0.5,219.6,1.9399999,1.0,18.5,201.1
-27.398611,26.614722,11-02-2015,19.8,33.59,17.07,0.5,218.2,1.91,1.0,18.800001,199.40001
-31.104278,29.399722,11-02-2015,28.0,29.029999,18.07,5.0,154.2,1.02,1.4000000000000001,27.1,127.1
-30.77586667,29.03221667,11-02-2015,25.700000000000003,29.39,16.359999,2.0,162.90001,1.18,1.3,24.5,138.40001
-34.005833,22.351111,11-02-2015,14.4,26.23,16.609999,2.5,156.5,0.76,0.7000000000000001,13.8,142.7
-23.658056,31.05,12-02-2015,36.1,34.719997,20.8,5.5,177.1,1.68,1.8,34.7,142.40001
-27.671111,27.236944,12-02-2015,19.0,32.93,16.3,0.5,209.5,1.8,1.0,18.1,191.40001
-28.376944,24.303056,12-02-2015,8.9,36.45,18.26,0.2,230.7,2.6599998,0.4,8.5,222.2
-30.568333,29.422778,12-02-2015,25.400000000000002,28.07,13.9,4.0,157.8,1.0,1.3,24.5,133.3
-31.031389,28.883333,12-02-2015,26.6,29.039999,16.16,2.3,161.1,1.12,1.3,25.300001,135.8
-30.86013889,29.07125,12-02-2015,25.700000000000003,29.439999,16.63,2.1000001,161.8,1.16,1.3,24.5,137.3
-30.570833,29.150556,12-02-2015,25.5,27.92,13.75,2.6000001,159.7,1.04,1.3,24.4,135.3
-28.338333,31.373611,12-02-2015,37.0,31.349998,18.449999,4.4,164.90001,1.2099999,1.9000000000000001,35.5,129.40001
-24.679167,30.8025,13-02-2015,68.60000000000001,29.26,16.06,11.400001,162.7,1.06,3.4000000000000004,66.4,96.3
-22.769722,30.886944,13-02-2015,46.6,34.85,20.65,6.6,183.1,1.7199999,2.3000000000000003,44.8,138.3
-24.768889,31.39,13-02-2015,44.400000000000006,32.989998,19.76,8.2,166.0,1.4,2.2,42.8,123.200005
-24.9675,31.516667,13-02-2015,39.0,33.34,20.41,8.2,167.90001,1.4699999,1.9000000000000001,37.7,130.2
-27.573056,24.746389,13-02-2015,14.0,36.17,18.08,0.3,235.0,2.5,0.7000000000000001,13.3,221.7
-27.902778,24.615556,13-02-2015,11.600000000000001,36.51,18.33,0.2,230.90001,2.61,0.6000000000000001,11.0,219.90001
-28.96362,19.15486,14-02-2015,0.2,38.5,19.16,0.0,253.7,3.31,0.0,0.2,253.5
-25.99136,27.84208,16-02-2015,46.0,31.01,16.18,2.9,187.6,1.41,2.3000000000000003,43.9,143.7
-26.970278,27.211111,16-02-2015,28.6,32.09,16.359999,1.3000001,199.8,1.63,1.4000000000000001,27.2,172.6
-26.73806,27.59194,16-02-2015,33.9,31.109999,15.799999,1.6,193.3,1.48,1.7000000000000002,32.3,161.0
-26.45,28.085833,16-02-2015,38.7,30.5,15.23,1.9,186.7,1.36,1.9000000000000001,36.9,149.8
-27.671111,27.236944,16-02-2015,19.0,32.93,16.3,0.5,209.5,1.8,1.0,18.1,191.40001
-32.502778,19.535833,16-02-2015,5.0,34.0,15.36,2.1000001,234.0,2.21,0.30000000000000004,5.0,229.0
-27.01011111,26.69808333,17-02-2015,25.5,32.84,16.93,0.5,210.0,1.76,1.3,24.2,185.8
-27.169444,29.233889,17-02-2015,34.4,29.41,13.78,1.8000001,177.0,1.16,1.7000000000000002,32.8,144.2
-26.861111,28.884722,17-02-2015,35.800000000000004,29.83,14.12,2.2,182.40001,1.24,1.8,34.100002,148.3
-27.02314,28.59389,17-02-2015,33.800000000000004,30.33,14.45,2.0,185.5,1.3199999,1.7000000000000002,32.2,153.3
-26.98472222,26.63227778,17-02-2015,26.200000000000003,32.93,17.02,0.5,207.8,1.77,1.3,24.9,182.90001
-29.160278,26.573333,17-02-2015,10.0,33.69,15.73,0.4,220.1,2.05,0.5,9.5,210.6
-28.69485,28.23487,17-02-2015,18.1,29.46,14.17,1.7,186.40001,1.3399999,0.9,17.300001,169.1
-28.883333,27.89,17-02-2015,16.7,30.16,14.66,1.9,190.6,1.4399999,0.8,16.0,174.6
-31.436944,20.474722,17-02-2015,5.1000000000000005,33.149998,14.0,0.0,235.8,2.28,0.30000000000000004,4.8,231.0
-34.075556,20.145556,17-02-2015,12.700000000000001,30.89,16.68,5.3,182.5,1.53,0.6000000000000001,12.900001,169.6
-32.595833,19.009444,17-02-2015,6.6000000000000005,33.96,15.69,7.7000003,221.2,2.07,0.30000000000000004,7.5,213.7
-25.45963889,28.26430556,17-02-2015,49.300000000000004,32.93,17.21,3.7,192.90001,1.5999999,2.5,47.100002,145.8
-28.068333,31.55,17-02-2015,14.0,33.53,20.9,4.5,176.1,1.5799999,0.7000000000000001,13.6,162.5
-29.161667,23.696389,18-02-2015,4.3,37.1,18.199999,0.0,232.1,2.85,0.2,4.1,228.0
-25.81048333,27.90955222,18-02-2015,46.800000000000004,31.99,17.13,3.0,191.90001,1.53,2.3000000000000003,44.7,147.2
-22.225556,29.990556,18-02-2015,29.700000000000003,35.86,22.09,0.2,192.8,2.03,1.5,28.2,164.6
-29.641944,30.6875,18-02-2015,16.8,30.349998,19.5,6.0,158.7,1.0699999,0.8,16.4,142.3
-25.73411,27.21422,18-02-2015,47.300000000000004,32.07,16.109999,1.9,194.2,1.54,2.4000000000000004,45.0,149.2
-28.44555556,32.325,07-05-2015,13.5,31.01,21.119999,10.3,162.3,1.02,0.7000000000000001,14.7,147.6
-26.648056,27.089444,18-02-2015,32.9,31.9,16.15,1.5,197.3,1.5699999,1.6,31.300001,166.0
-26.880278,26.965,18-02-2015,28.6,32.53,16.71,1.2,201.8,1.68,1.4000000000000001,27.300001,174.5
-28.116667,26.725278,18-02-2015,13.9,33.579998,16.869999,0.4,216.3,1.9799999,0.7000000000000001,13.2,203.1
-29.033333,23.983333,18-02-2015,5.5,36.78,17.77,0.1,230.7,2.74,0.30000000000000004,5.3,225.40001
-30.160091,27.40124,18-02-2015,13.200000000000001,31.57,15.13,0.5,201.2,1.6999999,0.7000000000000001,12.6,188.6
-30.336111,27.359444,18-02-2015,13.4,31.58,14.67,0.6,201.5,1.68,0.7000000000000001,12.8,188.7
-29.615556,27.065278,18-02-2015,11.700000000000001,32.219997,15.049999,0.4,208.7,1.8199999,0.6000000000000001,11.1,197.6
-25.57877778,29.12747222,18-02-2015,50.2,32.3,16.31,3.4,186.90001,1.51,2.5,48.0,138.90001
-30.830556,26.921389,19-02-2015,11.100000000000001,32.04,14.16,0.5,205.40001,1.73,0.6000000000000001,10.6,194.8
-28.141944,26.417778,19-02-2015,13.3,33.989998,16.58,0.4,220.40001,2.04,0.7000000000000001,12.6,207.8
-31.000833,26.353056,19-02-2015,7.9,31.769999,13.509999,0.3,208.7,1.74,0.4,7.5,201.2
-30.679722,26.7125,19-02-2015,9.9,32.93,14.69,0.4,211.40001,1.88,0.5,9.5,201.90001
-34.250556,20.9925,19-02-2015,14.0,29.32,17.13,6.1,180.8,1.16,0.7000000000000001,14.0,166.8
-33.31388889,19.07472222,19-02-2015,12.9,31.99,16.23,10.900001,207.5,1.76,0.6000000000000001,14.6,192.90001
-28.308889,31.9025,19-02-2015,21.6,33.18,21.49,8.2,171.8,1.4699999,1.1,21.9,149.90001
-22.43772222,31.07805556,20-02-2015,43.0,36.73,21.65,4.3,196.40001,2.02,2.1,41.100002,155.3
-29.744167,29.905833,20-02-2015,26.900000000000002,29.539999,15.889999,6.3,161.0,1.13,1.3,26.1,134.90001
-29.658056,25.973333,20-02-2015,6.9,33.42,15.7,0.4,217.1,2.07,0.30000000000000004,6.6,210.5
-29.7775,29.470833,23-02-2015,30.400000000000002,27.56,13.36,3.7,157.8,0.96,1.5,29.300001,128.5
-29.987778,29.851667,23-02-2015,28.3,28.689999,15.299999,6.9,155.3,1.01,1.4000000000000001,27.6,127.700005
-29.744167,29.905833,23-02-2015,26.900000000000002,29.539999,15.889999,6.3,161.0,1.13,1.3,26.1,134.90001
-26.45,28.085833,23-02-2015,38.7,30.5,15.23,1.9,186.7,1.36,1.9000000000000001,36.9,149.8
-29.042222,24.6,23-02-2015,6.9,36.43,17.55,0.1,236.1,2.6699998,0.30000000000000004,6.6,229.5
-29.033333,23.983333,23-02-2015,5.5,36.78,17.77,0.1,230.7,2.74,0.30000000000000004,5.3,225.40001
-34.031944,22.053333,23-02-2015,12.200000000000001,27.359999,16.42,1.0,162.7,0.9,0.6000000000000001,11.6,151.1
-33.38056,19.30167,23-02-2015,13.3,29.369999,13.74,8.5,196.40001,1.48,0.7000000000000001,14.5,181.90001
-30.733889,29.828333,24-02-2015,29.6,28.769999,17.44,5.9,151.7,0.98999995,1.5,28.7,123.0
-26.861111,28.884722,24-02-2015,35.800000000000004,29.83,14.12,2.2,182.40001,1.24,1.8,34.100002,148.3
-27.00222,28.76528,24-02-2015,34.300000000000004,30.07,14.29,2.0,183.40001,1.28,1.7000000000000002,32.7,150.7
-26.970278,27.211111,24-02-2015,28.6,32.09,16.359999,1.3000001,199.8,1.63,1.4000000000000001,27.2,172.6
-26.619444,27.980833,24-02-2015,36.6,30.92,15.65,1.8000001,190.0,1.43,1.8,34.9,155.1
-29.028629,24.638389,24-02-2015,7.2,36.37,17.47,0.1,235.6,2.6599998,0.4,6.9,228.7
-33.13083,18.86278,24-02-2015,10.700000000000001,32.559998,16.93,10.0,209.90001,1.8499999,0.5,12.3,197.6
-29.161667,23.696389,25-02-2015,4.3,37.1,18.199999,0.0,232.1,2.85,0.2,4.1,228.0
-27.01011111,26.69808333,25-02-2015,25.5,32.84,16.93,0.5,210.0,1.76,1.3,24.2,185.8
-23.23572222,27.717,25-02-2015,32.4,35.829998,20.74,0.4,201.2,2.08,1.6,30.800001,170.40001
-22.548889,28.898056,25-02-2015,33.0,35.2,19.73,0.1,195.0,1.86,1.7000000000000002,31.4,163.6
-22.91028,29.61111,25-02-2015,44.0,33.36,19.38,3.6000001,179.1,1.5899999,2.2,42.100002,137.0
-27.937778,31.209444,25-02-2015,15.4,31.42,18.32,5.7000003,170.90001,1.29,0.8,15.1,155.8
-26.905,32.324722,25-02-2015,18.400000000000002,34.71,20.609999,3.2,175.0,1.56,0.9,17.6,157.40001
-28.404444,30.013056,25-02-2015,15.8,31.949999,16.32,3.0,181.5,1.4599999,0.8,15.2,166.3
-30.398056,30.601944,25-02-2015,30.8,29.64,21.05,8.2,155.2,0.95,1.5,30.2,125.0
-26.648056,27.089444,25-02-2015,32.9,31.9,16.15,1.5,197.3,1.5699999,1.6,31.300001,166.0
-26.98472222,26.63227778,25-02-2015,26.200000000000003,32.93,17.02,0.5,207.8,1.77,1.3,24.9,182.90001
-34.405833,19.600556,25-02-2015,17.0,26.47,15.74,8.8,163.0,0.93,0.9,18.0,145.0
-32.94583,18.33667,25-02-2015,7.2,29.56,15.79,5.9,198.90001,1.35,0.4,7.8,191.1
-24.282222,28.090278,26-02-2015,51.400000000000006,32.87,17.83,4.8,187.3,1.5999999,2.6,49.2,138.1
-23.763056,27.908611,26-02-2015,43.300000000000004,34.28,19.14,3.6000001,190.7,1.8199999,2.2,41.3,149.40001
-25.127778,27.628889,26-02-2015,48.400000000000006,34.579998,18.93,3.1000001,203.40001,1.87,2.4000000000000004,46.100002,157.3
-25.20639,27.558,26-02-2015,48.2,34.52,18.869999,2.6000001,204.40001,1.86,2.4000000000000004,45.9,158.5
-25.73411,27.21422,26-02-2015,47.300000000000004,32.07,16.109999,1.9,194.2,1.54,2.4000000000000004,45.0,149.2
-27.5275,30.858056,26-02-2015,29.900000000000002,29.97,16.4,5.3,166.3,1.11,1.5,28.9,137.40001
-27.363611,31.783333,26-02-2015,16.8,33.2,20.109999,7.6,170.5,1.4399999,0.8,16.5,154.0
-30.13573889,30.67422222,26-02-2015,25.700000000000003,29.98,20.93,6.7000003,156.6,1.0,1.3,25.0,131.6
-28.376944,24.303056,26-02-2015,8.9,36.45,18.26,0.2,230.7,2.6599998,0.4,8.5,222.2
-34.329722,18.990278,26-02-2015,18.900000000000002,25.51,15.53,17.4,166.40001,0.81,0.9,22.5,143.90001
-24.69514,27.40906,27-02-2015,47.6,35.25,20.039999,1.9,210.1,2.02,2.4000000000000004,45.3,164.8
-27.573056,24.746389,27-02-2015,14.0,36.17,18.08,0.3,235.0,2.5,0.7000000000000001,13.3,221.7
-27.902778,24.615556,27-02-2015,11.600000000000001,36.51,18.33,0.2,230.90001,2.61,0.6000000000000001,11.0,219.90001
-28.058889,30.373611,27-02-2015,22.8,30.81,15.37,3.6000001,176.40001,1.27,1.1,21.9,154.5
-29.803611,30.516111,27-02-2015,22.400000000000002,29.349998,17.82,6.1,152.7,0.97999996,1.1,21.800001,130.90001
-29.140556,31.391944,03-03-2015,112.30000000000001,31.13,20.58,2.9,161.8,1.03,5.6000000000000005,106.8,55.0
-26.03611,30.99778,03-03-2015,51.1,31.39,18.43,11.1,173.3,1.3399999,2.6,49.600002,123.700005
-28.801278,31.955389,03-03-2015,67.5,31.99,20.88,10.2,169.6,1.12,3.4000000000000004,66.1,103.5
-26.970278,27.211111,03-03-2015,28.6,32.09,16.359999,1.3000001,199.8,1.63,1.4000000000000001,27.2,172.6
-27.671111,27.236944,03-03-2015,19.0,32.93,16.3,0.5,209.5,1.8,1.0,18.1,191.40001
-34.031944,22.053333,03-03-2015,12.200000000000001,27.359999,16.42,1.0,162.7,0.9,0.6000000000000001,11.6,151.1
-34.039722,22.133333,03-03-2015,12.4,27.189999,16.779999,1.0,161.8,0.85999995,0.6000000000000001,11.8,150.0
-25.45963889,28.26430556,03-03-2015,49.300000000000004,32.93,17.21,3.7,192.90001,1.5999999,2.5,47.100002,145.8
-27.01011111,26.69808333,04-03-2015,25.5,32.84,16.93,0.5,210.0,1.76,1.3,24.2,185.8
-25.81048333,27.90955222,04-03-2015,46.800000000000004,31.99,17.13,3.0,191.90001,1.53,2.3000000000000003,44.7,147.2
-29.641944,30.6875,04-03-2015,16.8,30.349998,19.5,6.0,158.7,1.0699999,0.8,16.4,142.3
-28.747778,31.745833,04-03-2015,104.7,32.66,21.02,8.5,171.40001,1.3,5.2,100.9,70.5
-26.648056,27.089444,04-03-2015,32.9,31.9,16.15,1.5,197.3,1.5699999,1.6,31.300001,166.0
-26.880278,26.965,04-03-2015,28.6,32.53,16.71,1.2,201.8,1.68,1.4000000000000001,27.300001,174.5
-26.98472222,26.63227778,04-03-2015,26.200000000000003,32.93,17.02,0.5,207.8,1.77,1.3,24.9,182.90001
-27.398611,26.614722,04-03-2015,19.8,33.59,17.07,0.5,218.2,1.91,1.0,18.800001,199.40001
-27.671111,27.236944,04-03-2015,19.0,32.93,16.3,0.5,209.5,1.8,1.0,18.1,191.40001
-34.02861,22.22222,04-03-2015,13.3,26.75,16.55,1.1,159.2,0.79999995,0.7000000000000001,12.7,146.5
-27.4,26.624722,04-03-2015,19.8,33.59,17.07,0.5,218.2,1.91,1.0,18.800001,199.40001
-29.380556,30.2775,05-03-2015,20.1,28.42,15.099999,5.7000003,152.7,0.93,1.0,19.5,133.2
-26.73806,27.59194,05-03-2015,33.9,31.109999,15.799999,1.6,193.3,1.48,1.7000000000000002,32.3,161.0
-26.45,28.085833,05-03-2015,38.7,30.5,15.23,1.9,186.7,1.36,1.9000000000000001,36.9,149.8
-34.005833,22.351111,05-03-2015,14.4,26.23,16.609999,2.5,156.5,0.76,0.7000000000000001,13.8,142.7
-29.744167,29.905833,06-03-2015,26.900000000000002,29.539999,15.889999,6.3,161.0,1.13,1.3,26.1,134.90001
-27.00222,28.76528,06-03-2015,34.300000000000004,30.07,14.29,2.0,183.40001,1.28,1.7000000000000002,32.7,150.7
-27.02314,28.59389,06-03-2015,33.800000000000004,30.33,14.45,2.0,185.5,1.3199999,1.7000000000000002,32.2,153.3
-34.250556,20.9925,17-02-2011,17.6,27.33,15.65,10.1,179.40001,1.11,0.9,18.9,160.5
-22.43772222,31.07805556,09-03-2015,43.0,36.73,21.65,4.3,196.40001,2.02,2.1,41.100002,155.3
-24.99328,30.81444,09-03-2015,64.60000000000001,27.31,14.16,15.2,149.90001,0.79999995,3.2,63.100002,86.8
-28.735556,29.820556,09-03-2015,15.8,32.219997,16.84,2.8,180.3,1.49,0.8,15.2,165.1
-26.970278,27.211111,09-03-2015,28.6,32.09,16.359999,1.3000001,199.8,1.63,1.4000000000000001,27.2,172.6
-26.880278,26.965,09-03-2015,28.6,32.53,16.71,1.2,201.8,1.68,1.4000000000000001,27.300001,174.5
-26.510278,28.351389,09-03-2015,39.2,30.359999,14.49,2.3,183.8,1.3199999,2.0,37.3,146.5
-26.73806,27.59194,09-03-2015,33.9,31.109999,15.799999,1.6,193.3,1.48,1.7000000000000002,32.3,161.0
-26.45,28.085833,09-03-2015,38.7,30.5,15.23,1.9,186.7,1.36,1.9000000000000001,36.9,149.8
-26.98472222,26.63227778,09-03-2015,26.200000000000003,32.93,17.02,0.5,207.8,1.77,1.3,24.9,182.90001
-29.160278,26.573333,09-03-2015,10.0,33.69,15.73,0.4,220.1,2.05,0.5,9.5,210.6
-27.01011111,26.69808333,10-03-2015,25.5,32.84,16.93,0.5,210.0,1.76,1.3,24.2,185.8
-25.20639,27.558,10-03-2015,48.2,34.52,18.869999,2.6000001,204.40001,1.86,2.4000000000000004,45.9,158.5
-26.861111,28.884722,10-03-2015,35.800000000000004,29.83,14.12,2.2,182.40001,1.24,1.8,34.100002,148.3
-26.648056,27.089444,10-03-2015,32.9,31.9,16.15,1.5,197.3,1.5699999,1.6,31.300001,166.0
-27.802778,28.768333,10-03-2015,27.900000000000002,29.769999,13.71,2.0,181.8,1.26,1.4000000000000001,26.6,155.2
-26.98472222,26.63227778,10-03-2015,26.200000000000003,32.93,17.02,0.5,207.8,1.77,1.3,24.9,182.90001
-28.141944,26.417778,10-03-2015,13.3,33.989998,16.58,0.4,220.40001,2.04,0.7000000000000001,12.6,207.8
-34.250556,20.9925,21-08-2013,51.7,29.67,18.33,3.1000001,168.1,1.09,2.6,49.3,118.8
-28.1175,26.719444,10-03-2015,13.9,33.579998,16.869999,0.4,216.3,1.9799999,0.7000000000000001,13.2,203.1
-28.69485,28.23487,10-03-2015,18.1,29.46,14.17,1.7,186.40001,1.3399999,0.9,17.300001,169.1
-29.615556,27.065278,10-03-2015,11.700000000000001,32.219997,15.049999,0.4,208.7,1.8199999,0.6000000000000001,11.1,197.6
-28.883333,27.89,10-03-2015,16.7,30.16,14.66,1.9,190.6,1.4399999,0.8,16.0,174.6
-34.250556,20.9925,15-04-2014,9.0,28.07,16.09,2.0,174.6,1.03,0.4,8.6,166.0
-34.250556,20.9925,20-05-2014,9.0,28.07,16.09,2.0,174.6,1.03,0.4,8.6,166.0
-34.250556,20.9925,19-06-2014,9.0,28.07,16.09,2.0,174.6,1.03,0.4,8.6,166.0
-34.250556,20.9925,15-07-2014,16.6,30.269999,17.34,1.9,188.3,1.17,0.8,15.8,172.5
-34.250556,20.9925,25-09-2014,16.6,30.269999,17.34,1.9,188.3,1.17,0.8,15.8,172.5
-31.396,29.2651,10-03-2015,27.8,29.199999,19.42,5.2000003,155.7,1.01,1.4000000000000001,27.1,128.6
-31.554722,29.245556,10-03-2015,29.700000000000003,27.93,18.41,4.8,145.2,0.82,1.5,28.7,116.5
-28.338333,31.373611,10-03-2015,37.0,31.349998,18.449999,4.4,164.90001,1.2099999,1.9000000000000001,35.5,129.40001
-28.068333,31.55,10-03-2015,14.0,33.53,20.9,4.5,176.1,1.5799999,0.7000000000000001,13.6,162.5
-29.161667,23.696389,11-03-2015,4.3,37.1,18.199999,0.0,232.1,2.85,0.2,4.1,228.0
-24.282222,28.090278,11-03-2015,51.400000000000006,32.87,17.83,4.8,187.3,1.5999999,2.6,49.2,138.1
-22.769722,30.886944,11-03-2015,46.6,34.85,20.65,6.6,183.1,1.7199999,2.3000000000000003,44.8,138.3
-28.44555556,32.325,11-03-2015,13.5,31.01,21.119999,10.3,162.3,1.02,0.7000000000000001,14.7,147.6
-27.00222,28.76528,11-03-2015,34.300000000000004,30.07,14.29,2.0,183.40001,1.28,1.7000000000000002,32.7,150.7
-27.02314,28.59389,11-03-2015,33.800000000000004,30.33,14.45,2.0,185.5,1.3199999,1.7000000000000002,32.2,153.3
-27.273889,28.49,11-03-2015,31.1,30.269999,14.389999,2.3,186.7,1.3299999,1.6,29.7,157.0
-27.4275,28.525833,11-03-2015,29.900000000000002,30.179998,14.21,2.3,186.1,1.31,1.5,28.6,157.5
-27.3,28.586944,11-03-2015,31.1,30.24,14.28,2.3,185.6,1.31,1.6,29.7,155.90001
-28.141944,26.417778,11-03-2015,13.3,33.989998,16.58,0.4,220.40001,2.04,0.7000000000000001,12.6,207.8
-28.1175,26.719444,11-03-2015,13.9,33.579998,16.869999,0.4,216.3,1.9799999,0.7000000000000001,13.2,203.1
-28.116667,26.725278,11-03-2015,13.9,33.579998,16.869999,0.4,216.3,1.9799999,0.7000000000000001,13.2,203.1
-27.671111,27.236944,11-03-2015,19.0,32.93,16.3,0.5,209.5,1.8,1.0,18.1,191.40001
-34.092222,21.295278,29-11-2011,12.600000000000001,30.72,17.33,4.6,181.40001,1.25,0.6000000000000001,12.7,168.7
-34.092222,21.295278,18-04-2012,14.3,28.38,16.029999,4.7000003,167.0,1.06,0.7000000000000001,14.400001,152.6
-30.160091,27.40124,11-03-2015,13.200000000000001,31.57,15.13,0.5,201.2,1.6999999,0.7000000000000001,12.6,188.6
-34.092222,21.295278,12-06-2012,14.3,28.38,16.029999,4.7000003,167.0,1.06,0.7000000000000001,14.400001,152.6
-30.336111,27.359444,11-03-2015,13.4,31.58,14.67,0.6,201.5,1.68,0.7000000000000001,12.8,188.7
-30.568333,29.422778,11-03-2015,25.400000000000002,28.07,13.9,4.0,157.8,1.0,1.3,24.5,133.3
-30.570833,29.150556,11-03-2015,25.5,27.92,13.75,2.6000001,159.7,1.04,1.3,24.4,135.3
-31.104278,29.399722,11-03-2015,28.0,29.029999,18.07,5.0,154.2,1.02,1.4000000000000001,27.1,127.1
-30.830556,26.921389,12-03-2015,11.100000000000001,32.04,14.16,0.5,205.40001,1.73,0.6000000000000001,10.6,194.8
-24.670833,28.560833,12-03-2015,59.1,32.86,17.25,4.8,187.5,1.56,3.0,56.5,131.0
-28.75,30.442778,12-03-2015,15.600000000000001,33.11,18.56,2.8,181.40001,1.55,0.8,15.0,166.40001
-29.161667,30.629722,12-03-2015,17.6,28.789999,15.98,5.1,155.0,0.95,0.9,17.1,137.90001
-26.619444,27.980833,12-03-2015,36.6,30.92,15.65,1.8000001,190.0,1.43,1.8,34.9,155.1
-34.092222,21.295278,05-11-2013,55.7,29.89,17.47,1.7,163.8,1.15,2.8000000000000003,53.0,110.8
-27.38972222,26.46388889,12-03-2015,19.5,33.79,17.06,0.5,219.6,1.9399999,1.0,18.5,201.1
-34.092222,21.295278,07-01-2014,19.1,20.13,5.35,1.3000001,55.600002,0.62,1.0,18.2,37.4
-28.1175,26.719444,12-03-2015,13.9,33.579998,16.869999,0.4,216.3,1.9799999,0.7000000000000001,13.2,203.1
-27.398611,26.614722,12-03-2015,19.8,33.59,17.07,0.5,218.2,1.91,1.0,18.800001,199.40001
-29.160278,26.573333,12-03-2015,10.0,33.69,15.73,0.4,220.1,2.05,0.5,9.5,210.6
-31.000833,26.353056,12-03-2015,7.9,31.769999,13.509999,0.3,208.7,1.74,0.4,7.5,201.2
-30.679722,26.7125,12-03-2015,9.9,32.93,14.69,0.4,211.40001,1.88,0.5,9.5,201.90001
-31.031389,28.883333,12-03-2015,26.6,29.039999,16.16,2.3,161.1,1.12,1.3,25.300001,135.8
-30.86013889,29.07125,12-03-2015,25.700000000000003,29.439999,16.63,2.1000001,161.8,1.16,1.3,24.5,137.3
-30.77586667,29.03221667,12-03-2015,25.700000000000003,29.39,16.359999,2.0,162.90001,1.18,1.3,24.5,138.40001
-34.250556,20.9925,12-03-2015,14.0,29.32,17.13,6.1,180.8,1.16,0.7000000000000001,14.0,166.8
-28.308889,31.9025,12-03-2015,21.6,33.18,21.49,8.2,171.8,1.4699999,1.1,21.9,149.90001
-27.4,26.624722,12-03-2015,19.8,33.59,17.07,0.5,218.2,1.91,1.0,18.800001,199.40001
-28.116667,26.725278,13-03-2015,13.9,33.579998,16.869999,0.4,216.3,1.9799999,0.7000000000000001,13.2,203.1
-27.573056,24.746389,13-03-2015,14.0,36.17,18.08,0.3,235.0,2.5,0.7000000000000001,13.3,221.7
-27.902778,24.615556,13-03-2015,11.600000000000001,36.51,18.33,0.2,230.90001,2.61,0.6000000000000001,11.0,219.90001
-29.987778,29.851667,14-03-2015,28.3,28.689999,15.299999,6.9,155.3,1.01,1.4000000000000001,27.6,127.700005
-25.99136,27.84208,16-03-2015,46.0,31.01,16.18,2.9,187.6,1.41,2.3000000000000003,43.9,143.7
-26.45,28.085833,16-03-2015,38.7,30.5,15.23,1.9,186.7,1.36,1.9000000000000001,36.9,149.8
-32.502778,19.535833,16-03-2015,5.0,34.0,15.36,2.1000001,234.0,2.21,0.30000000000000004,5.0,229.0
-22.225556,29.990556,17-03-2015,29.700000000000003,35.86,22.09,0.2,192.8,2.03,1.5,28.2,164.6
-24.183889,30.823889,17-03-2015,45.5,34.07,20.18,6.0,173.7,1.5799999,2.3000000000000003,43.7,130.0
-26.861111,28.884722,17-03-2015,35.800000000000004,29.83,14.12,2.2,182.40001,1.24,1.8,34.100002,148.3
-27.802778,28.768333,17-03-2015,27.900000000000002,29.769999,13.71,2.0,181.8,1.26,1.4000000000000001,26.6,155.2
-34.075556,20.145556,17-03-2015,12.700000000000001,30.89,16.68,5.3,182.5,1.53,0.6000000000000001,12.900001,169.6
-32.595833,19.009444,17-03-2015,6.6000000000000005,33.96,15.69,7.7000003,221.2,2.07,0.30000000000000004,7.5,213.7
-25.45963889,28.26430556,17-03-2015,49.300000000000004,32.93,17.21,3.7,192.90001,1.5999999,2.5,47.100002,145.8
-25.81048333,27.90955222,18-03-2015,46.800000000000004,31.99,17.13,3.0,191.90001,1.53,2.3000000000000003,44.7,147.2
-29.641944,30.6875,18-03-2015,16.8,30.349998,19.5,6.0,158.7,1.0699999,0.8,16.4,142.3
-26.905,32.324722,18-03-2015,18.400000000000002,34.71,20.609999,3.2,175.0,1.56,0.9,17.6,157.40001
-29.758889,30.935278,18-03-2015,47.300000000000004,29.89,20.689999,5.8,153.6,0.93,2.4000000000000004,45.4,108.200005
-27.00222,28.76528,18-03-2015,34.300000000000004,30.07,14.29,2.0,183.40001,1.28,1.7000000000000002,32.7,150.7
-26.619444,27.980833,18-03-2015,36.6,30.92,15.65,1.8000001,190.0,1.43,1.8,34.9,155.1
-33.13083,18.86278,18-03-2015,10.700000000000001,32.559998,16.93,10.0,209.90001,1.8499999,0.5,12.3,197.6
-27.01011111,26.69808333,19-03-2015,25.5,32.84,16.93,0.5,210.0,1.76,1.3,24.2,185.8
-23.658056,31.05,19-03-2015,36.1,34.719997,20.8,5.5,177.1,1.68,1.8,34.7,142.40001
-24.058889,31.237222,19-03-2015,42.0,34.55,20.73,6.9,174.1,1.64,2.1,40.4,133.7
-27.363611,31.783333,19-03-2015,16.8,33.2,20.109999,7.6,170.5,1.4399999,0.8,16.5,154.0
-26.648056,27.089444,19-03-2015,32.9,31.9,16.15,1.5,197.3,1.5699999,1.6,31.300001,166.0
-26.970278,27.211111,19-03-2015,28.6,32.09,16.359999,1.3000001,199.8,1.63,1.4000000000000001,27.2,172.6
-26.880278,26.965,19-03-2015,28.6,32.53,16.71,1.2,201.8,1.68,1.4000000000000001,27.300001,174.5
-27.4275,28.525833,19-03-2015,29.900000000000002,30.179998,14.21,2.3,186.1,1.31,1.5,28.6,157.5
-26.98472222,26.63227778,19-03-2015,26.200000000000003,32.93,17.02,0.5,207.8,1.77,1.3,24.9,182.90001
-24.679167,30.8025,20-03-2015,68.60000000000001,29.26,16.06,11.400001,162.7,1.06,3.4000000000000004,66.4,96.3
-29.744167,29.905833,20-03-2015,26.900000000000002,29.539999,15.889999,6.3,161.0,1.13,1.3,26.1,134.90001
-28.96362,19.15486,21-03-2015,0.2,38.5,19.16,0.0,253.7,3.31,0.0,0.2,253.5
-25.49037,30.6986,23-03-2015,50.1,30.279999,16.859999,13.7,165.0,1.12,2.5,48.9,116.1
-29.744167,29.905833,23-03-2015,26.900000000000002,29.539999,15.889999,6.3,161.0,1.13,1.3,26.1,134.90001
-26.970278,27.211111,23-03-2015,28.6,32.09,16.359999,1.3000001,199.8,1.63,1.4000000000000001,27.2,172.6
-29.042222,24.6,23-03-2015,6.9,36.43,17.55,0.1,236.1,2.6699998,0.30000000000000004,6.6,229.5
-29.033333,23.983333,23-03-2015,5.5,36.78,17.77,0.1,230.7,2.74,0.30000000000000004,5.3,225.40001
-33.501667,21.624167,23-03-2015,9.0,29.73,13.429999,0.1,189.6,1.4,0.5,8.6,181.0
-33.38056,19.30167,23-03-2015,13.3,29.369999,13.74,8.5,196.40001,1.48,0.7000000000000001,14.5,181.90001
-27.01011111,26.69808333,24-03-2015,25.5,32.84,16.93,0.5,210.0,1.76,1.3,24.2,185.8
-22.935,28.004167,24-03-2015,32.2,35.76,20.47,0.2,199.5,2.05,1.6,30.6,168.90001
-34.065833,20.404167,24-03-2015,11.8,31.42,17.529999,4.5,177.6,1.5699999,0.6000000000000001,11.7,165.90001
-23.763056,27.908611,24-03-2015,43.300000000000004,34.28,19.14,3.6000001,190.7,1.8199999,2.2,41.3,149.40001
-23.23572222,27.717,24-03-2015,32.4,35.829998,20.74,0.4,201.2,2.08,1.6,30.800001,170.40001
-25.127778,27.628889,24-03-2015,48.400000000000006,34.579998,18.93,3.1000001,203.40001,1.87,2.4000000000000004,46.100002,157.3
-25.20639,27.558,24-03-2015,48.2,34.52,18.869999,2.6000001,204.40001,1.86,2.4000000000000004,45.9,158.5
-24.69514,27.40906,24-03-2015,47.6,35.25,20.039999,1.9,210.1,2.02,2.4000000000000004,45.3,164.8
-25.681111,31.783333,24-03-2015,31.700000000000003,32.89,19.38,8.8,165.1,1.29,1.6,30.7,134.40001
-25.67386,31.57527,24-03-2015,33.800000000000004,33.559998,20.48,8.7,171.40001,1.51,1.7000000000000002,32.8,138.6
-30.733889,29.828333,24-03-2015,29.6,28.769999,17.44,5.9,151.7,0.98999995,1.5,28.7,123.0
-29.987778,29.851667,24-03-2015,28.3,28.689999,15.299999,6.9,155.3,1.01,1.4000000000000001,27.6,127.700005
-26.648056,27.089444,24-03-2015,32.9,31.9,16.15,1.5,197.3,1.5699999,1.6,31.300001,166.0
-26.880278,26.965,24-03-2015,28.6,32.53,16.71,1.2,201.8,1.68,1.4000000000000001,27.300001,174.5
-26.73806,27.59194,24-03-2015,33.9,31.109999,15.799999,1.6,193.3,1.48,1.7000000000000002,32.3,161.0
-26.45,28.085833,24-03-2015,38.7,30.5,15.23,1.9,186.7,1.36,1.9000000000000001,36.9,149.8
-27.273889,28.49,24-03-2015,31.1,30.269999,14.389999,2.3,186.7,1.3299999,1.6,29.7,157.0
-27.3,28.586944,24-03-2015,31.1,30.24,14.28,2.3,185.6,1.31,1.6,29.7,155.90001
-26.98472222,26.63227778,24-03-2015,26.200000000000003,32.93,17.02,0.5,207.8,1.77,1.3,24.9,182.90001
-29.028629,24.638389,24-03-2015,7.2,36.37,17.47,0.1,235.6,2.6599998,0.4,6.9,228.7
-33.31388889,19.07472222,24-03-2015,12.9,31.99,16.23,10.900001,207.5,1.76,0.6000000000000001,14.6,192.90001
-22.225556,29.990556,25-03-2015,29.700000000000003,35.86,22.09,0.2,192.8,2.03,1.5,28.2,164.6
-25.436111,31.982222,25-03-2015,29.3,33.91,19.6,9.2,164.6,1.43,1.5,28.6,136.0
-22.548889,28.898056,25-03-2015,33.0,35.2,19.73,0.1,195.0,1.86,1.7000000000000002,31.4,163.6
-22.91028,29.61111,25-03-2015,44.0,33.36,19.38,3.6000001,179.1,1.5899999,2.2,42.100002,137.0
-25.362222,31.956667,25-03-2015,29.6,33.3,19.289999,9.0,162.1,1.3199999,1.5,28.800001,133.3
-25.14944444,31.94055556,25-03-2015,30.700000000000003,33.19,19.48,8.6,162.40001,1.3299999,1.5,29.800001,132.6
-28.404444,30.013056,25-03-2015,15.8,31.949999,16.32,3.0,181.5,1.4599999,0.8,15.2,166.3
-30.398056,30.601944,25-03-2015,30.8,29.64,21.05,8.2,155.2,0.95,1.5,30.2,125.0
-27.169444,29.233889,25-03-2015,34.4,29.41,13.78,1.8000001,177.0,1.16,1.7000000000000002,32.8,144.2
-26.861111,28.884722,25-03-2015,35.800000000000004,29.83,14.12,2.2,182.40001,1.24,1.8,34.100002,148.3
-27.00222,28.76528,25-03-2015,34.300000000000004,30.07,14.29,2.0,183.40001,1.28,1.7000000000000002,32.7,150.7
-27.4275,28.525833,25-03-2015,29.900000000000002,30.179998,14.21,2.3,186.1,1.31,1.5,28.6,157.5
-34.405833,19.600556,25-03-2015,17.0,26.47,15.74,8.8,163.0,0.93,0.9,18.0,145.0
-32.94583,18.33667,25-03-2015,7.2,29.56,15.79,5.9,198.90001,1.35,0.4,7.8,191.1
-25.57877778,29.12747222,25-03-2015,50.2,32.3,16.31,3.4,186.90001,1.51,2.5,48.0,138.90001
-26.03611,30.99778,26-03-2015,51.1,31.39,18.43,11.1,173.3,1.3399999,2.6,49.600002,123.700005
-27.937778,31.209444,26-03-2015,15.4,31.42,18.32,5.7000003,170.90001,1.29,0.8,15.1,155.8
-30.13573889,30.67422222,26-03-2015,25.700000000000003,29.98,20.93,6.7000003,156.6,1.0,1.3,25.0,131.6
-26.619444,27.980833,26-03-2015,36.6,30.92,15.65,1.8000001,190.0,1.43,1.8,34.9,155.1
-28.376944,24.303056,26-03-2015,8.9,36.45,18.26,0.2,230.7,2.6599998,0.4,8.5,222.2
-34.329722,18.990278,26-03-2015,18.900000000000002,25.51,15.53,17.4,166.40001,0.81,0.9,22.5,143.90001
-33.897778,20.012778,26-03-2015,11.4,31.66,16.289999,4.7000003,195.6,1.64,0.6000000000000001,11.6,184.0
-27.573056,24.746389,27-03-2015,14.0,36.17,18.08,0.3,235.0,2.5,0.7000000000000001,13.3,221.7
-27.902778,24.615556,27-03-2015,11.600000000000001,36.51,18.33,0.2,230.90001,2.61,0.6000000000000001,11.0,219.90001
-29.803611,30.516111,27-03-2015,22.400000000000002,29.349998,17.82,6.1,152.7,0.97999996,1.1,21.800001,130.90001
-25.99136,27.84208,30-03-2015,46.0,31.01,16.18,2.9,187.6,1.41,2.3000000000000003,43.9,143.7
-29.380556,30.2775,30-03-2015,20.1,28.42,15.099999,5.7000003,152.7,0.93,1.0,19.5,133.2
-29.140556,31.391944,31-03-2015,112.30000000000001,31.13,20.58,2.9,161.8,1.03,5.6000000000000005,106.8,55.0
-28.801278,31.955389,31-03-2015,67.5,31.99,20.88,10.2,169.6,1.12,3.4000000000000004,66.1,103.5
-26.45,28.085833,31-03-2015,38.7,30.5,15.23,1.9,186.7,1.36,1.9000000000000001,36.9,149.8
-25.45963889,28.26430556,31-03-2015,49.300000000000004,32.93,17.21,3.7,192.90001,1.5999999,2.5,47.100002,145.8
-34.031944,22.053333,04-12-2014,19.700000000000003,28.019999,16.609999,1.3000001,168.5,0.89,1.0,18.7,149.8
-29.161667,23.696389,01-04-2015,4.3,37.1,18.199999,0.0,232.1,2.85,0.2,4.1,228.0
-25.81048333,27.90955222,01-04-2015,46.800000000000004,31.99,17.13,3.0,191.90001,1.53,2.3000000000000003,44.7,147.2
-28.747778,31.745833,01-04-2015,104.7,32.66,21.02,8.5,171.40001,1.3,5.2,100.9,70.5
-26.861111,28.884722,01-04-2015,35.800000000000004,29.83,14.12,2.2,182.40001,1.24,1.8,34.100002,148.3
-27.00222,28.76528,01-04-2015,34.300000000000004,30.07,14.29,2.0,183.40001,1.28,1.7000000000000002,32.7,150.7
-29.033333,23.983333,01-04-2015,5.5,36.78,17.77,0.1,230.7,2.74,0.30000000000000004,5.3,225.40001
-29.744167,29.905833,02-04-2015,26.900000000000002,29.539999,15.889999,6.3,161.0,1.13,1.3,26.1,134.90001
-28.96362,19.15486,04-04-2015,0.2,38.5,19.16,0.0,253.7,3.31,0.0,0.2,253.5
-34.039722,22.133333,19-01-2011,21.1,25.16,15.12,7.3,156.0,0.82,1.1,21.6,134.40001
-25.127778,27.628889,07-04-2015,48.400000000000006,34.579998,18.93,3.1000001,203.40001,1.87,2.4000000000000004,46.100002,157.3
-25.20639,27.558,07-04-2015,48.2,34.52,18.869999,2.6000001,204.40001,1.86,2.4000000000000004,45.9,158.5
-24.69514,27.40906,07-04-2015,47.6,35.25,20.039999,1.9,210.1,2.02,2.4000000000000004,45.3,164.8
-24.99328,30.81444,07-04-2015,64.60000000000001,27.31,14.16,15.2,149.90001,0.79999995,3.2,63.100002,86.8
-28.735556,29.820556,07-04-2015,15.8,32.219997,16.84,2.8,180.3,1.49,0.8,15.2,165.1
-26.73806,27.59194,07-04-2015,33.9,31.109999,15.799999,1.6,193.3,1.48,1.7000000000000002,32.3,161.0
-27.398611,26.614722,07-04-2015,19.8,33.59,17.07,0.5,218.2,1.91,1.0,18.800001,199.40001
-27.671111,27.236944,07-04-2015,19.0,32.93,16.3,0.5,209.5,1.8,1.0,18.1,191.40001
-31.396,29.2651,07-04-2015,27.8,29.199999,19.42,5.2000003,155.7,1.01,1.4000000000000001,27.1,128.6
-31.554722,29.245556,07-04-2015,29.700000000000003,27.93,18.41,4.8,145.2,0.82,1.5,28.7,116.5
-28.338333,31.373611,07-04-2015,37.0,31.349998,18.449999,4.4,164.90001,1.2099999,1.9000000000000001,35.5,129.40001
-28.068333,31.55,07-04-2015,14.0,33.53,20.9,4.5,176.1,1.5799999,0.7000000000000001,13.6,162.5
-25.73411,27.21422,08-04-2015,47.300000000000004,32.07,16.109999,1.9,194.2,1.54,2.4000000000000004,45.0,149.2
-27.169444,29.233889,08-04-2015,34.4,29.41,13.78,1.8000001,177.0,1.16,1.7000000000000002,32.8,144.2
-26.861111,28.884722,08-04-2015,35.800000000000004,29.83,14.12,2.2,182.40001,1.24,1.8,34.100002,148.3
-26.98472222,26.63227778,08-04-2015,26.200000000000003,32.93,17.02,0.5,207.8,1.77,1.3,24.9,182.90001
-27.398611,26.614722,08-04-2015,19.8,33.59,17.07,0.5,218.2,1.91,1.0,18.800001,199.40001
-30.568333,29.422778,08-04-2015,25.400000000000002,28.07,13.9,4.0,157.8,1.0,1.3,24.5,133.3
-30.570833,29.150556,08-04-2015,25.5,27.92,13.75,2.6000001,159.7,1.04,1.3,24.4,135.3
-31.104278,29.399722,08-04-2015,28.0,29.029999,18.07,5.0,154.2,1.02,1.4000000000000001,27.1,127.1
-34.031944,22.053333,08-04-2015,12.200000000000001,27.359999,16.42,1.0,162.7,0.9,0.6000000000000001,11.6,151.1
-27.4,26.624722,08-04-2015,19.8,33.59,17.07,0.5,218.2,1.91,1.0,18.800001,199.40001
-27.01011111,26.69808333,09-04-2015,25.5,32.84,16.93,0.5,210.0,1.76,1.3,24.2,185.8
-24.768889,31.39,09-04-2015,44.400000000000006,32.989998,19.76,8.2,166.0,1.4,2.2,42.8,123.200005
-28.44555556,32.325,04-06-2015,13.5,31.01,21.119999,10.3,162.3,1.02,0.7000000000000001,14.7,147.6
-27.602222,29.942778,09-04-2015,35.0,31.789999,15.66,3.5,185.90001,1.42,1.7000000000000002,33.5,152.40001
-28.75,30.442778,09-04-2015,15.600000000000001,33.11,18.56,2.8,181.40001,1.55,0.8,15.0,166.40001
-29.161667,30.629722,09-04-2015,17.6,28.789999,15.98,5.1,155.0,0.95,0.9,17.1,137.90001
-26.648056,27.089444,09-04-2015,32.9,31.9,16.15,1.5,197.3,1.5699999,1.6,31.300001,166.0
-26.970278,27.211111,09-04-2015,28.6,32.09,16.359999,1.3000001,199.8,1.63,1.4000000000000001,27.2,172.6
-26.880278,26.965,09-04-2015,28.6,32.53,16.71,1.2,201.8,1.68,1.4000000000000001,27.300001,174.5
-28.376944,24.303056,09-04-2015,8.9,36.45,18.26,0.2,230.7,2.6599998,0.4,8.5,222.2
-29.1825,23.575556,09-04-2015,3.9000000000000004,37.02,18.25,0.0,236.40001,2.85,0.2,3.7,232.7
-31.031389,28.883333,09-04-2015,26.6,29.039999,16.16,2.3,161.1,1.12,1.3,25.300001,135.8
-30.86013889,29.07125,09-04-2015,25.700000000000003,29.439999,16.63,2.1000001,161.8,1.16,1.3,24.5,137.3
-30.77586667,29.03221667,09-04-2015,25.700000000000003,29.39,16.359999,2.0,162.90001,1.18,1.3,24.5,138.40001
-28.308889,31.9025,09-04-2015,21.6,33.18,21.49,8.2,171.8,1.4699999,1.1,21.9,149.90001
-27.671111,27.236944,10-04-2015,19.0,32.93,16.3,0.5,209.5,1.8,1.0,18.1,191.40001
-27.573056,24.746389,10-04-2015,14.0,36.17,18.08,0.3,235.0,2.5,0.7000000000000001,13.3,221.7
-34.039722,22.133333,08-04-2015,12.4,27.189999,16.779999,1.0,161.8,0.85999995,0.6000000000000001,11.8,150.0
-27.902778,24.615556,10-04-2015,11.600000000000001,36.51,18.33,0.2,230.90001,2.61,0.6000000000000001,11.0,219.90001
-34.02861,22.22222,10-04-2015,13.3,26.75,16.55,1.1,159.2,0.79999995,0.7000000000000001,12.7,146.5
-24.679167,30.8025,13-04-2015,68.60000000000001,29.26,16.06,11.400001,162.7,1.06,3.4000000000000004,66.4,96.3
-25.99136,27.84208,13-04-2015,46.0,31.01,16.18,2.9,187.6,1.41,2.3000000000000003,43.9,143.7
-34.02861,22.22222,20-01-2011,23.3,24.699999,14.87,7.7000003,152.8,0.76,1.2000000000000002,23.800001,129.0
-34.02861,22.22222,17-03-2011,23.3,24.699999,14.87,7.7000003,152.8,0.76,1.2000000000000002,23.800001,129.0
-34.02861,22.22222,19-04-2011,23.3,24.699999,14.87,7.7000003,152.8,0.76,1.2000000000000002,23.800001,129.0
-34.02861,22.22222,19-05-2011,23.3,24.699999,14.87,7.7000003,152.8,0.76,1.2000000000000002,23.800001,129.0
-34.02861,22.22222,14-06-2011,23.3,24.699999,14.87,7.7000003,152.8,0.76,1.2000000000000002,23.800001,129.0
-26.970278,27.211111,13-04-2015,28.6,32.09,16.359999,1.3000001,199.8,1.63,1.4000000000000001,27.2,172.6
-26.45,28.085833,13-04-2015,38.7,30.5,15.23,1.9,186.7,1.36,1.9000000000000001,36.9,149.8
-34.02861,22.22222,12-10-2011,18.8,27.289999,17.75,6.6,162.2,0.78,0.9,19.0,143.2
-28.1175,26.719444,13-04-2015,13.9,33.579998,16.869999,0.4,216.3,1.9799999,0.7000000000000001,13.2,203.1
-28.116667,26.725278,13-04-2015,13.9,33.579998,16.869999,0.4,216.3,1.9799999,0.7000000000000001,13.2,203.1
-33.818056,19.694722,13-04-2015,13.100000000000001,31.279999,15.929999,5.9,202.7,1.61,0.7000000000000001,13.6,189.1
-27.01011111,26.69808333,14-04-2015,25.5,32.84,16.93,0.5,210.0,1.76,1.3,24.2,185.8
-34.02861,22.22222,24-04-2012,14.200000000000001,25.66,15.96,6.3,143.1,0.65,0.7000000000000001,14.5,128.6
-34.02861,22.22222,26-06-2012,14.200000000000001,25.66,15.96,6.3,143.1,0.65,0.7000000000000001,14.5,128.6
-24.058889,31.237222,14-04-2015,42.0,34.55,20.73,6.9,174.1,1.64,2.1,40.4,133.7
-25.681111,31.783333,14-04-2015,31.700000000000003,32.89,19.38,8.8,165.1,1.29,1.6,30.7,134.40001
-34.02861,22.22222,11-10-2012,31.8,26.23,16.9,5.5,156.6,0.7,1.6,30.9,125.700005
-25.362222,31.956667,14-04-2015,29.6,33.3,19.289999,9.0,162.1,1.3199999,1.5,28.800001,133.3
-34.02861,22.22222,06-12-2012,31.8,26.23,16.9,5.5,156.6,0.7,1.6,30.9,125.700005
-34.02861,22.22222,07-01-2013,24.200000000000003,21.4,9.429999,3.2,70.5,0.74,1.2000000000000002,23.2,47.3
-25.398889,31.610556,14-04-2015,34.300000000000004,32.63,19.699999,8.8,162.90001,1.3,1.7000000000000002,33.3,129.6
-34.02861,22.22222,06-02-2013,12.4,25.3,15.66,2.4,150.40001,0.65999997,0.6000000000000001,11.900001,138.5
-34.02861,22.22222,07-03-2013,12.4,25.3,15.66,2.4,150.40001,0.65999997,0.6000000000000001,11.900001,138.5
-26.861111,28.884722,14-04-2015,35.800000000000004,29.83,14.12,2.2,182.40001,1.24,1.8,34.100002,148.3
-26.648056,27.089444,14-04-2015,32.9,31.9,16.15,1.5,197.3,1.5699999,1.6,31.300001,166.0
-34.02861,22.22222,05-06-2013,12.4,25.3,15.66,2.4,150.40001,0.65999997,0.6000000000000001,11.900001,138.5
-34.02861,22.22222,03-07-2013,12.4,25.3,15.66,2.4,150.40001,0.65999997,0.6000000000000001,11.900001,138.5
-26.98472222,26.63227778,14-04-2015,26.200000000000003,32.93,17.02,0.5,207.8,1.77,1.3,24.9,182.90001
-27.935,26.126667,14-04-2015,12.9,34.219997,16.25,0.4,222.8,2.05,0.6000000000000001,12.2,210.6
-28.141944,26.417778,14-04-2015,13.3,33.989998,16.58,0.4,220.40001,2.04,0.7000000000000001,12.6,207.8
-28.1175,26.719444,14-04-2015,13.9,33.579998,16.869999,0.4,216.3,1.9799999,0.7000000000000001,13.2,203.1
-34.02861,22.22222,13-12-2013,75.60000000000001,26.63,17.94,2.3,147.90001,0.7,3.8000000000000003,71.9,76.0
-29.160278,26.573333,14-04-2015,10.0,33.69,15.73,0.4,220.1,2.05,0.5,9.5,210.6
-28.69485,28.23487,14-04-2015,18.1,29.46,14.17,1.7,186.40001,1.3399999,0.9,17.300001,169.1
-28.883333,27.89,14-04-2015,16.7,30.16,14.66,1.9,190.6,1.4399999,0.8,16.0,174.6
-34.02861,22.22222,03-04-2014,24.8,25.449999,15.25,1.5,149.2,0.7,1.2000000000000002,23.6,125.6
-34.02861,22.22222,08-05-2014,24.8,25.449999,15.25,1.5,149.2,0.7,1.2000000000000002,23.6,125.6
-34.02861,22.22222,04-06-2014,24.8,25.449999,15.25,1.5,149.2,0.7,1.2000000000000002,23.6,125.6
-34.075556,20.145556,14-04-2015,12.700000000000001,30.89,16.68,5.3,182.5,1.53,0.6000000000000001,12.900001,169.6
-32.595833,19.009444,14-04-2015,6.6000000000000005,33.96,15.69,7.7000003,221.2,2.07,0.30000000000000004,7.5,213.7
-25.45963889,28.26430556,14-04-2015,49.300000000000004,32.93,17.21,3.7,192.90001,1.5999999,2.5,47.100002,145.8
-34.02861,22.22222,12-01-2015,13.3,26.75,16.55,1.1,159.2,0.79999995,0.7000000000000001,12.7,146.5
-34.02861,22.22222,29-01-2015,13.3,26.75,16.55,1.1,159.2,0.79999995,0.7000000000000001,12.7,146.5
-25.81048333,27.90955222,15-04-2015,46.800000000000004,31.99,17.13,3.0,191.90001,1.53,2.3000000000000003,44.7,147.2
-22.935,28.004167,15-04-2015,32.2,35.76,20.47,0.2,199.5,2.05,1.6,30.6,168.90001
-29.641944,30.6875,15-04-2015,16.8,30.349998,19.5,6.0,158.7,1.0699999,0.8,16.4,142.3
-23.23572222,27.717,15-04-2015,32.4,35.829998,20.74,0.4,201.2,2.08,1.6,30.800001,170.40001
-22.548889,28.898056,15-04-2015,33.0,35.2,19.73,0.1,195.0,1.86,1.7000000000000002,31.4,163.6
-22.91028,29.61111,15-04-2015,44.0,33.36,19.38,3.6000001,179.1,1.5899999,2.2,42.100002,137.0
-22.769722,30.886944,15-04-2015,46.6,34.85,20.65,6.6,183.1,1.7199999,2.3000000000000003,44.8,138.3
-34.02861,22.22222,04-11-2015,13.3,26.75,16.55,1.1,159.2,0.79999995,0.7000000000000001,12.7,146.5
-25.49037,30.6986,15-04-2015,50.1,30.279999,16.859999,13.7,165.0,1.12,2.5,48.9,116.1
-25.513889,31.224444,15-04-2015,43.7,31.21,18.57,9.2,166.3,1.25,2.2,42.2,124.1
-27.00222,28.76528,15-04-2015,34.300000000000004,30.07,14.29,2.0,183.40001,1.28,1.7000000000000002,32.7,150.7
-27.38972222,26.46388889,15-04-2015,19.5,33.79,17.06,0.5,219.6,1.9399999,1.0,18.5,201.1
-27.398611,26.614722,15-04-2015,19.8,33.59,17.07,0.5,218.2,1.91,1.0,18.800001,199.40001
-30.160091,27.40124,15-04-2015,13.200000000000001,31.57,15.13,0.5,201.2,1.6999999,0.7000000000000001,12.6,188.6
-30.336111,27.359444,15-04-2015,13.4,31.58,14.67,0.6,201.5,1.68,0.7000000000000001,12.8,188.7
-29.615556,27.065278,15-04-2015,11.700000000000001,32.219997,15.049999,0.4,208.7,1.8199999,0.6000000000000001,11.1,197.6
-34.092222,21.295278,15-04-2015,13.100000000000001,29.34,16.34,3.2,173.5,1.2099999,0.7000000000000001,12.8,160.7
-25.447222,30.711667,15-04-2015,48.800000000000004,30.82,17.5,12.7,167.0,1.18,2.4000000000000004,47.4,119.6
-29.641944,30.6875,16-04-2015,16.8,30.349998,19.5,6.0,158.7,1.0699999,0.8,16.4,142.3
-30.830556,26.921389,16-04-2015,11.100000000000001,32.04,14.16,0.5,205.40001,1.73,0.6000000000000001,10.6,194.8
-24.282222,28.090278,16-04-2015,51.400000000000006,32.87,17.83,4.8,187.3,1.5999999,2.6,49.2,138.1
-23.763056,27.908611,16-04-2015,43.300000000000004,34.28,19.14,3.6000001,190.7,1.8199999,2.2,41.3,149.40001
-27.671111,27.236944,16-04-2015,19.0,32.93,16.3,0.5,209.5,1.8,1.0,18.1,191.40001
-31.000833,26.353056,16-04-2015,7.9,31.769999,13.509999,0.3,208.7,1.74,0.4,7.5,201.2
-30.679722,26.7125,16-04-2015,9.9,32.93,14.69,0.4,211.40001,1.88,0.5,9.5,201.90001
-34.405833,19.600556,13-02-2013,8.9,25.57,15.29,10.8,162.8,0.81,0.4,11.5,151.3
-34.405833,19.600556,13-03-2013,8.9,25.57,15.29,10.8,162.8,0.81,0.4,11.5,151.3
-34.405833,19.600556,10-04-2013,8.9,25.57,15.29,10.8,162.8,0.81,0.4,11.5,151.3
-34.405833,19.600556,08-05-2013,8.9,25.57,15.29,10.8,162.8,0.81,0.4,11.5,151.3
-34.250556,20.9925,16-04-2015,14.0,29.32,17.13,6.1,180.8,1.16,0.7000000000000001,14.0,166.8
-33.13083,18.86278,16-04-2015,10.700000000000001,32.559998,16.93,10.0,209.90001,1.8499999,0.5,12.3,197.6
-29.744167,29.905833,17-04-2015,26.900000000000002,29.539999,15.889999,6.3,161.0,1.13,1.3,26.1,134.90001
-29.658056,25.973333,17-04-2015,6.9,33.42,15.7,0.4,217.1,2.07,0.30000000000000004,6.6,210.5
-34.405833,19.600556,25-09-2013,53.800000000000004,26.449999,17.199999,8.900001,156.6,0.82,2.7,53.0,103.6
-29.7775,29.470833,20-04-2015,30.400000000000002,27.56,13.36,3.7,157.8,0.96,1.5,29.300001,128.5
-29.987778,29.851667,20-04-2015,28.3,28.689999,15.299999,6.9,155.3,1.01,1.4000000000000001,27.6,127.700005
-29.744167,29.905833,20-04-2015,26.900000000000002,29.539999,15.889999,6.3,161.0,1.13,1.3,26.1,134.90001
-34.405833,19.600556,12-02-2014,3.2,25.16,14.839999,9.0,158.3,0.81,0.2,5.0,153.3
-34.405833,19.600556,12-03-2014,3.2,25.16,14.839999,9.0,158.3,0.81,0.2,5.0,153.3
-33.38056,19.30167,20-04-2015,13.3,29.369999,13.74,8.5,196.40001,1.48,0.7000000000000001,14.5,181.90001
-28.760833,17.730278,21-04-2015,0.1,37.53,21.24,0.0,248.2,3.27,0.0,0.1,248.1
-34.065833,20.404167,21-04-2015,11.8,31.42,17.529999,4.5,177.6,1.5699999,0.6000000000000001,11.7,165.90001
-25.127778,27.628889,21-04-2015,48.400000000000006,34.579998,18.93,3.1000001,203.40001,1.87,2.4000000000000004,46.100002,157.3
-25.20639,27.558,21-04-2015,48.2,34.52,18.869999,2.6000001,204.40001,1.86,2.4000000000000004,45.9,158.5
-24.39619444,27.08983333,21-04-2015,43.300000000000004,35.61,20.32,1.5,208.8,2.09,2.2,41.2,167.6
-24.69514,27.40906,21-04-2015,47.6,35.25,20.039999,1.9,210.1,2.02,2.4000000000000004,45.3,164.8
-26.03611,30.99778,21-04-2015,51.1,31.39,18.43,11.1,173.3,1.3399999,2.6,49.600002,123.700005
-27.937778,31.209444,21-04-2015,15.4,31.42,18.32,5.7000003,170.90001,1.29,0.8,15.1,155.8
-30.733889,29.828333,21-04-2015,29.6,28.769999,17.44,5.9,151.7,0.98999995,1.5,28.7,123.0
-26.98472222,26.63227778,21-04-2015,26.200000000000003,32.93,17.02,0.5,207.8,1.77,1.3,24.9,182.90001
-33.31388889,19.07472222,21-04-2015,12.9,31.99,16.23,10.900001,207.5,1.76,0.6000000000000001,14.6,192.90001
-27.01011111,26.69808333,22-04-2015,25.5,32.84,16.93,0.5,210.0,1.76,1.3,24.2,185.8
-28.404444,30.013056,22-04-2015,15.8,31.949999,16.32,3.0,181.5,1.4599999,0.8,15.2,166.3
-30.398056,30.601944,22-04-2015,30.8,29.64,21.05,8.2,155.2,0.95,1.5,30.2,125.0
-34.329722,18.990278,06-07-2011,23.5,23.05,13.58,17.9,158.2,0.72999996,1.2000000000000002,27.2,131.0
-26.648056,27.089444,22-04-2015,32.9,31.9,16.15,1.5,197.3,1.5699999,1.6,31.300001,166.0
-34.329722,18.990278,28-09-2011,8.200000000000001,26.39,16.8,14.8,170.40001,0.79999995,0.4,10.900001,159.5
-34.329722,18.990278,25-10-2011,8.200000000000001,26.39,16.8,14.8,170.40001,0.79999995,0.4,10.900001,159.5
-34.329722,18.990278,24-11-2011,8.200000000000001,26.39,16.8,14.8,170.40001,0.79999995,0.4,10.900001,159.5
-34.329722,18.990278,22-12-2011,8.200000000000001,26.39,16.8,14.8,170.40001,0.79999995,0.4,10.900001,159.5
-26.970278,27.211111,22-04-2015,28.6,32.09,16.359999,1.3000001,199.8,1.63,1.4000000000000001,27.2,172.6
-26.880278,26.965,22-04-2015,28.6,32.53,16.71,1.2,201.8,1.68,1.4000000000000001,27.300001,174.5
-34.329722,18.990278,04-04-2012,7.2,25.1,15.71,23.4,163.0,0.71999997,0.4,16.7,146.3
-34.329722,18.990278,03-05-2012,7.2,25.1,15.71,23.4,163.0,0.71999997,0.4,16.7,146.3
-34.329722,18.990278,24-05-2012,7.2,25.1,15.71,23.4,163.0,0.71999997,0.4,16.7,146.3
-34.329722,18.990278,19-07-2012,27.1,25.0,16.01,18.2,164.0,0.7,1.4000000000000001,30.9,133.1
-34.329722,18.990278,16-08-2012,27.1,25.0,16.01,18.2,164.0,0.7,1.4000000000000001,30.9,133.1
-34.405833,19.600556,22-04-2015,17.0,26.47,15.74,8.8,163.0,0.93,0.9,18.0,145.0
-34.329722,18.990278,11-10-2012,27.1,25.0,16.01,18.2,164.0,0.7,1.4000000000000001,30.9,133.1
-33.7075,18.97444444,22-04-2015,17.5,31.14,16.73,11.7,203.1,1.5899999,0.9,19.1,184.0
-28.058889,30.373611,22-04-2015,22.8,30.81,15.37,3.6000001,176.40001,1.27,1.1,21.9,154.5
-25.57877778,29.12747222,22-04-2015,50.2,32.3,16.31,3.4,186.90001,1.51,2.5,48.0,138.90001
-27.5275,30.858056,23-04-2015,29.900000000000002,29.97,16.4,5.3,166.3,1.11,1.5,28.9,137.40001
-30.13573889,30.67422222,23-04-2015,25.700000000000003,29.98,20.93,6.7000003,156.6,1.0,1.3,25.0,131.6
-34.329722,18.990278,11-04-2013,8.700000000000001,24.8,15.17,22.1,164.2,0.71999997,0.4,16.7,147.5
-34.329722,18.990278,09-05-2013,8.700000000000001,24.8,15.17,22.1,164.2,0.71999997,0.4,16.7,147.5
-34.329722,18.990278,06-06-2013,8.700000000000001,24.8,15.17,22.1,164.2,0.71999997,0.4,16.7,147.5
-28.376944,24.303056,23-04-2015,8.9,36.45,18.26,0.2,230.7,2.6599998,0.4,8.5,222.2
-34.329722,18.990278,01-08-2013,55.0,25.34,16.859999,17.5,154.90001,0.71,2.7,56.9,98.0
-34.329722,18.990278,29-08-2013,55.0,25.34,16.859999,17.5,154.90001,0.71,2.7,56.9,98.0
-34.329722,18.990278,26-09-2013,55.0,25.34,16.859999,17.5,154.90001,0.71,2.7,56.9,98.0
-34.329722,18.990278,23-04-2015,18.900000000000002,25.51,15.53,17.4,166.40001,0.81,0.9,22.5,143.90001
-34.329722,18.990278,23-01-2014,3.4000000000000004,24.109999,14.63,18.0,157.6,0.68,0.2,8.3,149.3
-32.94583,18.33667,23-04-2015,7.2,29.56,15.79,5.9,198.90001,1.35,0.4,7.8,191.1
-33.897778,20.012778,23-04-2015,11.4,31.66,16.289999,4.7000003,195.6,1.64,0.6000000000000001,11.6,184.0
-27.573056,24.746389,24-04-2015,14.0,36.17,18.08,0.3,235.0,2.5,0.7000000000000001,13.3,221.7
-27.902778,24.615556,24-04-2015,11.600000000000001,36.51,18.33,0.2,230.90001,2.61,0.6000000000000001,11.0,219.90001
-33.870833,20.003333,27-04-2015,12.0,31.99,16.51,4.8,192.6,1.68,0.6000000000000001,12.2,180.40001
-29.140556,31.391944,28-04-2015,112.30000000000001,31.13,20.58,2.9,161.8,1.03,5.6000000000000005,106.8,55.0
-25.99136,27.84208,28-04-2015,46.0,31.01,16.18,2.9,187.6,1.41,2.3000000000000003,43.9,143.7
-28.801278,31.955389,28-04-2015,67.5,31.99,20.88,10.2,169.6,1.12,3.4000000000000004,66.1,103.5
-26.970278,27.211111,28-04-2015,28.6,32.09,16.359999,1.3000001,199.8,1.63,1.4000000000000001,27.2,172.6
-26.73806,27.59194,28-04-2015,33.9,31.109999,15.799999,1.6,193.3,1.48,1.7000000000000002,32.3,161.0
-26.45,28.085833,28-04-2015,38.7,30.5,15.23,1.9,186.7,1.36,1.9000000000000001,36.9,149.8
-33.501667,21.624167,28-04-2015,9.0,29.73,13.429999,0.1,189.6,1.4,0.5,8.6,181.0
-28.760833,17.730278,29-04-2015,0.1,37.53,21.24,0.0,248.2,3.27,0.0,0.1,248.1
-34.329722,18.990278,25-06-2015,18.900000000000002,25.51,15.53,17.4,166.40001,0.81,0.9,22.5,143.90001
-34.329722,18.990278,23-07-2015,18.900000000000002,25.51,15.53,17.4,166.40001,0.81,0.9,22.5,143.90001
-34.329722,18.990278,27-08-2015,18.900000000000002,25.51,15.53,17.4,166.40001,0.81,0.9,22.5,143.90001
-34.329722,18.990278,01-10-2015,18.900000000000002,25.51,15.53,17.4,166.40001,0.81,0.9,22.5,143.90001
-28.7115,24.07288889,29-04-2015,6.7,36.8,18.039999,0.2,231.5,2.74,0.30000000000000004,6.4,225.1
-27.01011111,26.69808333,29-04-2015,25.5,32.84,16.93,0.5,210.0,1.76,1.3,24.2,185.8
-25.73411,27.21422,29-04-2015,47.300000000000004,32.07,16.109999,1.9,194.2,1.54,2.4000000000000004,45.0,149.2
-28.747778,31.745833,29-04-2015,104.7,32.66,21.02,8.5,171.40001,1.3,5.2,100.9,70.5
-26.861111,28.884722,29-04-2015,35.800000000000004,29.83,14.12,2.2,182.40001,1.24,1.8,34.100002,148.3
-27.00222,28.76528,29-04-2015,34.300000000000004,30.07,14.29,2.0,183.40001,1.28,1.7000000000000002,32.7,150.7
-26.648056,27.089444,29-04-2015,32.9,31.9,16.15,1.5,197.3,1.5699999,1.6,31.300001,166.0
-26.880278,26.965,29-04-2015,28.6,32.53,16.71,1.2,201.8,1.68,1.4000000000000001,27.300001,174.5
-26.98472222,26.63227778,29-04-2015,26.200000000000003,32.93,17.02,0.5,207.8,1.77,1.3,24.9,182.90001
-27.935,26.126667,29-04-2015,12.9,34.219997,16.25,0.4,222.8,2.05,0.6000000000000001,12.2,210.6
-28.141944,26.417778,29-04-2015,13.3,33.989998,16.58,0.4,220.40001,2.04,0.7000000000000001,12.6,207.8
-28.1175,26.719444,29-04-2015,13.9,33.579998,16.869999,0.4,216.3,1.9799999,0.7000000000000001,13.2,203.1
-29.1825,23.575556,29-04-2015,3.9000000000000004,37.02,18.25,0.0,236.40001,2.85,0.2,3.7,232.7
-25.45963889,28.26430556,29-04-2015,49.300000000000004,32.93,17.21,3.7,192.90001,1.5999999,2.5,47.100002,145.8
-25.81048333,27.90955222,30-04-2015,46.800000000000004,31.99,17.13,3.0,191.90001,1.53,2.3000000000000003,44.7,147.2
-29.744167,29.905833,30-04-2015,26.900000000000002,29.539999,15.889999,6.3,161.0,1.13,1.3,26.1,134.90001
-29.380556,30.2775,30-04-2015,20.1,28.42,15.099999,5.7000003,152.7,0.93,1.0,19.5,133.2
-27.602222,29.942778,01-05-2015,35.0,31.789999,15.66,3.5,185.90001,1.42,1.7000000000000002,33.5,152.40001
-28.735556,29.820556,04-05-2015,15.8,32.219997,16.84,2.8,180.3,1.49,0.8,15.2,165.1
-26.510278,28.351389,04-05-2015,39.2,30.359999,14.49,2.3,183.8,1.3199999,2.0,37.3,146.5
-26.73806,27.59194,04-05-2015,33.9,31.109999,15.799999,1.6,193.3,1.48,1.7000000000000002,32.3,161.0
-27.671111,27.236944,04-05-2015,19.0,32.93,16.3,0.5,209.5,1.8,1.0,18.1,191.40001
-25.127778,27.628889,05-05-2015,48.400000000000006,34.579998,18.93,3.1000001,203.40001,1.87,2.4000000000000004,46.100002,157.3
-25.20639,27.558,05-05-2015,48.2,34.52,18.869999,2.6000001,204.40001,1.86,2.4000000000000004,45.9,158.5
-24.69514,27.40906,05-05-2015,47.6,35.25,20.039999,1.9,210.1,2.02,2.4000000000000004,45.3,164.8
-27.169444,29.233889,05-05-2015,34.4,29.41,13.78,1.8000001,177.0,1.16,1.7000000000000002,32.8,144.2
-27.802778,28.768333,05-05-2015,27.900000000000002,29.769999,13.71,2.0,181.8,1.26,1.4000000000000001,26.6,155.2
-27.398611,26.614722,05-05-2015,19.8,33.59,17.07,0.5,218.2,1.91,1.0,18.800001,199.40001
-34.031944,22.053333,05-05-2015,12.200000000000001,27.359999,16.42,1.0,162.7,0.9,0.6000000000000001,11.6,151.1
-34.039722,22.133333,05-05-2015,12.4,27.189999,16.779999,1.0,161.8,0.85999995,0.6000000000000001,11.8,150.0
-28.338333,31.373611,05-05-2015,37.0,31.349998,18.449999,4.4,164.90001,1.2099999,1.9000000000000001,35.5,129.40001
-28.068333,31.55,05-05-2015,14.0,33.53,20.9,4.5,176.1,1.5799999,0.7000000000000001,13.6,162.5
-27.4,26.624722,05-05-2015,19.8,33.59,17.07,0.5,218.2,1.91,1.0,18.800001,199.40001
-27.01011111,26.69808333,06-05-2015,25.5,32.84,16.93,0.5,210.0,1.76,1.3,24.2,185.8
-29.641944,30.6875,06-05-2015,16.8,30.349998,19.5,6.0,158.7,1.0699999,0.8,16.4,142.3
-24.39619444,27.08983333,06-05-2015,43.300000000000004,35.61,20.32,1.5,208.8,2.09,2.2,41.2,167.6
-28.75,30.442778,06-05-2015,15.600000000000001,33.11,18.56,2.8,181.40001,1.55,0.8,15.0,166.40001
-27.02314,28.59389,06-05-2015,33.800000000000004,30.33,14.45,2.0,185.5,1.3199999,1.7000000000000002,32.2,153.3
-26.648056,27.089444,06-05-2015,32.9,31.9,16.15,1.5,197.3,1.5699999,1.6,31.300001,166.0
-26.970278,27.211111,06-05-2015,28.6,32.09,16.359999,1.3000001,199.8,1.63,1.4000000000000001,27.2,172.6
-26.880278,26.965,06-05-2015,28.6,32.53,16.71,1.2,201.8,1.68,1.4000000000000001,27.300001,174.5
-27.4275,28.525833,06-05-2015,29.900000000000002,30.179998,14.21,2.3,186.1,1.31,1.5,28.6,157.5
-27.3,28.586944,06-05-2015,31.1,30.24,14.28,2.3,185.6,1.31,1.6,29.7,155.90001
-26.98472222,26.63227778,06-05-2015,26.200000000000003,32.93,17.02,0.5,207.8,1.77,1.3,24.9,182.90001
-33.870833,20.003333,31-03-2011,11.3,29.58,14.78,5.3,193.5,1.5999999,0.6000000000000001,11.8,181.7
-33.870833,20.003333,23-08-2011,6.4,32.68,17.72,4.6,199.5,1.66,0.30000000000000004,6.8,192.7
-33.870833,20.003333,20-09-2011,6.4,32.68,17.72,4.6,199.5,1.66,0.30000000000000004,6.8,192.7
-33.870833,20.003333,26-10-2011,6.4,32.68,17.72,4.6,199.5,1.66,0.30000000000000004,6.8,192.7
-33.870833,20.003333,16-11-2011,6.4,32.68,17.72,4.6,199.5,1.66,0.30000000000000004,6.8,192.7
-33.870833,20.003333,02-04-2012,11.9,31.099998,16.47,5.5,190.90001,1.51,0.6000000000000001,12.5,178.40001
-33.870833,20.003333,01-05-2012,11.9,31.099998,16.47,5.5,190.90001,1.51,0.6000000000000001,12.5,178.40001
-33.870833,20.003333,22-05-2012,11.9,31.099998,16.47,5.5,190.90001,1.51,0.6000000000000001,12.5,178.40001
-33.870833,20.003333,19-06-2012,11.9,31.099998,16.47,5.5,190.90001,1.51,0.6000000000000001,12.5,178.40001
-34.005833,22.351111,06-05-2015,14.4,26.23,16.609999,2.5,156.5,0.76,0.7000000000000001,13.8,142.7
-33.870833,20.003333,10-09-2012,14.8,31.429998,17.0,4.7000003,198.6,1.52,0.7000000000000001,14.8,183.8
-33.870833,20.003333,08-10-2012,14.8,31.429998,17.0,4.7000003,198.6,1.52,0.7000000000000001,14.8,183.8
-33.870833,20.003333,05-11-2012,14.8,31.429998,17.0,4.7000003,198.6,1.52,0.7000000000000001,14.8,183.8
-33.870833,20.003333,06-02-2013,8.8,30.9,16.09,5.6,195.0,1.51,0.4,9.6,185.40001
-33.870833,20.003333,12-02-2013,8.8,30.9,16.09,5.6,195.0,1.51,0.4,9.6,185.40001
-33.870833,20.003333,11-03-2013,8.8,30.9,16.09,5.6,195.0,1.51,0.4,9.6,185.40001
-33.870833,20.003333,08-04-2013,8.8,30.9,16.09,5.6,195.0,1.51,0.4,9.6,185.40001
-33.870833,20.003333,03-06-2013,8.8,30.9,16.09,5.6,195.0,1.51,0.4,9.6,185.40001
-33.870833,20.003333,29-07-2013,36.2,31.73,17.81,4.7000003,180.40001,1.54,1.8,35.3,145.1
-33.870833,20.003333,29-08-2013,36.2,31.73,17.81,4.7000003,180.40001,1.54,1.8,35.3,145.1
-33.870833,20.003333,23-09-2013,36.2,31.73,17.81,4.7000003,180.40001,1.54,1.8,35.3,145.1
-33.870833,20.003333,21-10-2013,36.2,31.73,17.81,4.7000003,180.40001,1.54,1.8,35.3,145.1
-28.44555556,32.325,30-06-2015,13.5,31.01,21.119999,10.3,162.3,1.02,0.7000000000000001,14.7,147.6
-33.870833,20.003333,20-01-2014,2.1,30.64,15.589999,1.8000001,191.2,1.51,0.1,2.1000001,189.1
-33.870833,20.003333,10-02-2014,2.1,30.64,15.589999,1.8000001,191.2,1.51,0.1,2.1000001,189.1
-33.870833,20.003333,10-03-2014,2.1,30.64,15.589999,1.8000001,191.2,1.51,0.1,2.1000001,189.1
-33.870833,20.003333,07-04-2014,2.1,30.64,15.589999,1.8000001,191.2,1.51,0.1,2.1000001,189.1
-33.870833,20.003333,19-05-2014,2.1,30.64,15.589999,1.8000001,191.2,1.51,0.1,2.1000001,189.1
-33.870833,20.003333,26-06-2014,2.1,30.64,15.589999,1.8000001,191.2,1.51,0.1,2.1000001,189.1
-33.870833,20.003333,31-07-2014,12.700000000000001,32.19,16.949999,1.7,201.1,1.62,0.6000000000000001,12.1,189.0
-33.870833,20.003333,04-09-2014,12.700000000000001,32.19,16.949999,1.7,201.1,1.62,0.6000000000000001,12.1,189.0
-33.870833,20.003333,02-10-2014,12.700000000000001,32.19,16.949999,1.7,201.1,1.62,0.6000000000000001,12.1,189.0
-33.870833,20.003333,26-02-2015,12.0,31.99,16.51,4.8,192.6,1.68,0.6000000000000001,12.2,180.40001
-29.161667,30.629722,07-05-2015,17.6,28.789999,15.98,5.1,155.0,0.95,0.9,17.1,137.90001
-33.870833,20.003333,25-06-2015,12.0,31.99,16.51,4.8,192.6,1.68,0.6000000000000001,12.2,180.40001
-33.870833,20.003333,23-07-2015,12.0,31.99,16.51,4.8,192.6,1.68,0.6000000000000001,12.2,180.40001
-33.870833,20.003333,27-08-2015,12.0,31.99,16.51,4.8,192.6,1.68,0.6000000000000001,12.2,180.40001
-33.870833,20.003333,29-10-2015,12.0,31.99,16.51,4.8,192.6,1.68,0.6000000000000001,12.2,180.40001
-33.870833,20.003333,03-12-2015,12.0,31.99,16.51,4.8,192.6,1.68,0.6000000000000001,12.2,180.40001
-26.619444,27.980833,07-05-2015,36.6,30.92,15.65,1.8000001,190.0,1.43,1.8,34.9,155.1
-27.573056,24.746389,07-05-2015,14.0,36.17,18.08,0.3,235.0,2.5,0.7000000000000001,13.3,221.7
-28.376944,24.303056,07-05-2015,8.9,36.45,18.26,0.2,230.7,2.6599998,0.4,8.5,222.2
-34.02861,22.22222,07-05-2015,13.3,26.75,16.55,1.1,159.2,0.79999995,0.7000000000000001,12.7,146.5
-28.308889,31.9025,07-05-2015,21.6,33.18,21.49,8.2,171.8,1.4699999,1.1,21.9,149.90001
-27.902778,24.615556,08-05-2015,11.600000000000001,36.51,18.33,0.2,230.90001,2.61,0.6000000000000001,11.0,219.90001
-28.058889,30.373611,10-05-2015,22.8,30.81,15.37,3.6000001,176.40001,1.27,1.1,21.9,154.5
-29.161667,23.696389,11-05-2015,4.3,37.1,18.199999,0.0,232.1,2.85,0.2,4.1,228.0
-24.058889,31.237222,11-05-2015,42.0,34.55,20.73,6.9,174.1,1.64,2.1,40.4,133.7
-25.49037,30.6986,11-05-2015,50.1,30.279999,16.859999,13.7,165.0,1.12,2.5,48.9,116.1
-24.99328,30.81444,11-05-2015,64.60000000000001,27.31,14.16,15.2,149.90001,0.79999995,3.2,63.100002,86.8
-26.648056,27.089444,11-05-2015,32.9,31.9,16.15,1.5,197.3,1.5699999,1.6,31.300001,166.0
-26.970278,27.211111,11-05-2015,28.6,32.09,16.359999,1.3000001,199.8,1.63,1.4000000000000001,27.2,172.6
-26.880278,26.965,11-05-2015,28.6,32.53,16.71,1.2,201.8,1.68,1.4000000000000001,27.300001,174.5
-29.160278,26.573333,11-05-2015,10.0,33.69,15.73,0.4,220.1,2.05,0.5,9.5,210.6
-31.396,29.2651,11-05-2015,27.8,29.199999,19.42,5.2000003,155.7,1.01,1.4000000000000001,27.1,128.6
-31.554722,29.245556,11-05-2015,29.700000000000003,27.93,18.41,4.8,145.2,0.82,1.5,28.7,116.5
-33.818056,19.694722,11-05-2015,13.100000000000001,31.279999,15.929999,5.9,202.7,1.61,0.7000000000000001,13.6,189.1
-32.502778,19.535833,11-05-2015,5.0,34.0,15.36,2.1000001,234.0,2.21,0.30000000000000004,5.0,229.0
-25.447222,30.711667,11-05-2015,48.800000000000004,30.82,17.5,12.7,167.0,1.18,2.4000000000000004,47.4,119.6
-33.818056,19.694722,03-06-2013,9.1,30.23,15.54,6.4,203.90001,1.4399999,0.5,10.0,193.90001
-33.818056,19.694722,29-07-2013,38.1,31.07,17.3,5.4,193.40001,1.48,1.9000000000000001,37.100002,156.3
-28.7115,24.07288889,12-05-2015,6.7,36.8,18.039999,0.2,231.5,2.74,0.30000000000000004,6.4,225.1
-27.01011111,26.69808333,12-05-2015,25.5,32.84,16.93,0.5,210.0,1.76,1.3,24.2,185.8
-25.81048333,27.90955222,12-05-2015,46.800000000000004,31.99,17.13,3.0,191.90001,1.53,2.3000000000000003,44.7,147.2
-25.99136,27.84208,12-05-2015,46.0,31.01,16.18,2.9,187.6,1.41,2.3000000000000003,43.9,143.7
-25.681111,31.783333,12-05-2015,31.700000000000003,32.89,19.38,8.8,165.1,1.29,1.6,30.7,134.40001
-25.67386,31.57527,12-05-2015,33.800000000000004,33.559998,20.48,8.7,171.40001,1.51,1.7000000000000002,32.8,138.6
-25.513889,31.224444,12-05-2015,43.7,31.21,18.57,9.2,166.3,1.25,2.2,42.2,124.1
-24.768889,31.39,12-05-2015,44.400000000000006,32.989998,19.76,8.2,166.0,1.4,2.2,42.8,123.200005
-24.9675,31.516667,12-05-2015,39.0,33.34,20.41,8.2,167.90001,1.4699999,1.9000000000000001,37.7,130.2
-27.363611,31.783333,12-05-2015,16.8,33.2,20.109999,7.6,170.5,1.4399999,0.8,16.5,154.0
-26.73806,27.59194,12-05-2015,33.9,31.109999,15.799999,1.6,193.3,1.48,1.7000000000000002,32.3,161.0
-26.45,28.085833,12-05-2015,38.7,30.5,15.23,1.9,186.7,1.36,1.9000000000000001,36.9,149.8
-26.98472222,26.63227778,12-05-2015,26.200000000000003,32.93,17.02,0.5,207.8,1.77,1.3,24.9,182.90001
-28.69485,28.23487,12-05-2015,18.1,29.46,14.17,1.7,186.40001,1.3399999,0.9,17.300001,169.1
-29.615556,27.065278,12-05-2015,11.700000000000001,32.219997,15.049999,0.4,208.7,1.8199999,0.6000000000000001,11.1,197.6
-28.883333,27.89,12-05-2015,16.7,30.16,14.66,1.9,190.6,1.4399999,0.8,16.0,174.6
-29.1825,23.575556,12-05-2015,3.9000000000000004,37.02,18.25,0.0,236.40001,2.85,0.2,3.7,232.7
-30.570833,29.150556,12-05-2015,25.5,27.92,13.75,2.6000001,159.7,1.04,1.3,24.4,135.3
-31.104278,29.399722,12-05-2015,28.0,29.029999,18.07,5.0,154.2,1.02,1.4000000000000001,27.1,127.1
-34.075556,20.145556,12-05-2015,12.700000000000001,30.89,16.68,5.3,182.5,1.53,0.6000000000000001,12.900001,169.6
-32.595833,19.009444,12-05-2015,6.6000000000000005,33.96,15.69,7.7000003,221.2,2.07,0.30000000000000004,7.5,213.7
-34.075556,20.145556,26-01-2011,13.3,28.57,14.969999,6.2000003,183.2,1.4399999,0.7000000000000001,13.8,169.40001
-34.075556,20.145556,23-02-2011,13.3,28.57,14.969999,6.2000003,183.2,1.4399999,0.7000000000000001,13.8,169.40001
-25.436111,31.982222,13-05-2015,29.3,33.91,19.6,9.2,164.6,1.43,1.5,28.6,136.0
-25.362222,31.956667,13-05-2015,29.6,33.3,19.289999,9.0,162.1,1.3199999,1.5,28.800001,133.3
-34.075556,20.145556,28-06-2011,13.3,28.57,14.969999,6.2000003,183.2,1.4399999,0.7000000000000001,13.8,169.40001
-25.398889,31.610556,13-05-2015,34.300000000000004,32.63,19.699999,8.8,162.90001,1.3,1.7000000000000002,33.3,129.6
-25.14944444,31.94055556,13-05-2015,30.700000000000003,33.19,19.48,8.6,162.40001,1.3299999,1.5,29.800001,132.6
-26.861111,28.884722,13-05-2015,35.800000000000004,29.83,14.12,2.2,182.40001,1.24,1.8,34.100002,148.3
-27.273889,28.49,13-05-2015,31.1,30.269999,14.389999,2.3,186.7,1.3299999,1.6,29.7,157.0
-27.802778,28.768333,13-05-2015,27.900000000000002,29.769999,13.71,2.0,181.8,1.26,1.4000000000000001,26.6,155.2
-27.935,26.126667,13-05-2015,12.9,34.219997,16.25,0.4,222.8,2.05,0.6000000000000001,12.2,210.6
-30.160091,27.40124,13-05-2015,13.200000000000001,31.57,15.13,0.5,201.2,1.6999999,0.7000000000000001,12.6,188.6
-30.336111,27.359444,13-05-2015,13.4,31.58,14.67,0.6,201.5,1.68,0.7000000000000001,12.8,188.7
-30.568333,29.422778,13-05-2015,25.400000000000002,28.07,13.9,4.0,157.8,1.0,1.3,24.5,133.3
-31.031389,28.883333,13-05-2015,26.6,29.039999,16.16,2.3,161.1,1.12,1.3,25.300001,135.8
-30.86013889,29.07125,13-05-2015,25.700000000000003,29.439999,16.63,2.1000001,161.8,1.16,1.3,24.5,137.3
-30.77586667,29.03221667,13-05-2015,25.700000000000003,29.39,16.359999,2.0,162.90001,1.18,1.3,24.5,138.40001
-33.38056,19.30167,13-05-2015,13.3,29.369999,13.74,8.5,196.40001,1.48,0.7000000000000001,14.5,181.90001
-33.08883333,19.21878333,13-05-2015,11.0,28.91,12.849999,7.5,200.1,1.4599999,0.6000000000000001,11.900001,188.2
-25.45963889,28.26430556,13-05-2015,49.300000000000004,32.93,17.21,3.7,192.90001,1.5999999,2.5,47.100002,145.8
-29.641944,30.6875,14-05-2015,16.8,30.349998,19.5,6.0,158.7,1.0699999,0.8,16.4,142.3
-30.830556,26.921389,14-05-2015,11.100000000000001,32.04,14.16,0.5,205.40001,1.73,0.6000000000000001,10.6,194.8
-24.282222,28.090278,14-05-2015,51.400000000000006,32.87,17.83,4.8,187.3,1.5999999,2.6,49.2,138.1
-23.658056,31.05,14-05-2015,36.1,34.719997,20.8,5.5,177.1,1.68,1.8,34.7,142.40001
-27.273889,28.49,14-05-2015,31.1,30.269999,14.389999,2.3,186.7,1.3299999,1.6,29.7,157.0
-31.000833,26.353056,14-05-2015,7.9,31.769999,13.509999,0.3,208.7,1.74,0.4,7.5,201.2
-30.534167,24.961944,14-05-2015,3.0,34.48,15.87,0.0,229.2,2.28,0.2,2.9,226.3
-33.7075,18.97444444,14-05-2015,17.5,31.14,16.73,11.7,203.1,1.5899999,0.9,19.1,184.0
-29.744167,29.905833,15-05-2015,26.900000000000002,29.539999,15.889999,6.3,161.0,1.13,1.3,26.1,134.90001
-29.7775,29.470833,18-05-2015,30.400000000000002,27.56,13.36,3.7,157.8,0.96,1.5,29.300001,128.5
-29.744167,29.905833,18-05-2015,26.900000000000002,29.539999,15.889999,6.3,161.0,1.13,1.3,26.1,134.90001
-34.065833,20.404167,19-05-2015,11.8,31.42,17.529999,4.5,177.6,1.5699999,0.6000000000000001,11.7,165.90001
-34.075556,20.145556,23-09-2013,43.1,30.789999,18.199999,5.6,178.0,1.42,2.2,41.8,136.2
-24.679167,30.8025,19-05-2015,68.60000000000001,29.26,16.06,11.400001,162.7,1.06,3.4000000000000004,66.4,96.3
-25.127778,27.628889,19-05-2015,48.400000000000006,34.579998,18.93,3.1000001,203.40001,1.87,2.4000000000000004,46.100002,157.3
-25.20639,27.558,19-05-2015,48.2,34.52,18.869999,2.6000001,204.40001,1.86,2.4000000000000004,45.9,158.5
-24.39619444,27.08983333,19-05-2015,43.300000000000004,35.61,20.32,1.5,208.8,2.09,2.2,41.2,167.6
-24.69514,27.40906,19-05-2015,47.6,35.25,20.039999,1.9,210.1,2.02,2.4000000000000004,45.3,164.8
-30.733889,29.828333,19-05-2015,29.6,28.769999,17.44,5.9,151.7,0.98999995,1.5,28.7,123.0
-29.987778,29.851667,19-05-2015,28.3,28.689999,15.299999,6.9,155.3,1.01,1.4000000000000001,27.6,127.700005
-27.02314,28.59389,19-05-2015,33.800000000000004,30.33,14.45,2.0,185.5,1.3199999,1.7000000000000002,32.2,153.3
-28.141944,26.417778,19-05-2015,13.3,33.989998,16.58,0.4,220.40001,2.04,0.7000000000000001,12.6,207.8
-28.1175,26.719444,19-05-2015,13.9,33.579998,16.869999,0.4,216.3,1.9799999,0.7000000000000001,13.2,203.1
-34.092222,21.295278,19-05-2015,13.100000000000001,29.34,16.34,3.2,173.5,1.2099999,0.7000000000000001,12.8,160.7
-33.31388889,19.07472222,19-05-2015,12.9,31.99,16.23,10.900001,207.5,1.76,0.6000000000000001,14.6,192.90001
-29.161667,23.696389,20-05-2015,4.3,37.1,18.199999,0.0,232.1,2.85,0.2,4.1,228.0
-22.225556,29.990556,20-05-2015,29.700000000000003,35.86,22.09,0.2,192.8,2.03,1.5,28.2,164.6
-24.183889,30.823889,20-05-2015,45.5,34.07,20.18,6.0,173.7,1.5799999,2.3000000000000003,43.7,130.0
-24.058889,31.237222,20-05-2015,42.0,34.55,20.73,6.9,174.1,1.64,2.1,40.4,133.7
-26.03611,30.99778,20-05-2015,51.1,31.39,18.43,11.1,173.3,1.3399999,2.6,49.600002,123.700005
-34.075556,20.145556,09-06-2015,12.700000000000001,30.89,16.68,5.3,182.5,1.53,0.6000000000000001,12.900001,169.6
-27.937778,31.209444,20-05-2015,15.4,31.42,18.32,5.7000003,170.90001,1.29,0.8,15.1,155.8
-28.404444,30.013056,20-05-2015,15.8,31.949999,16.32,3.0,181.5,1.4599999,0.8,15.2,166.3
-32.595833,19.009444,17-03-2011,7.300000000000001,30.83,13.759999,6.1,218.5,1.8199999,0.4,7.6,210.90001
-32.595833,19.009444,13-04-2011,7.300000000000001,30.83,13.759999,6.1,218.5,1.8199999,0.4,7.6,210.90001
-26.880278,26.965,20-05-2015,28.6,32.53,16.71,1.2,201.8,1.68,1.4000000000000001,27.300001,174.5
-32.595833,19.009444,14-06-2011,7.300000000000001,30.83,13.759999,6.1,218.5,1.8199999,0.4,7.6,210.90001
-32.595833,19.009444,15-07-2011,2.3000000000000003,34.62,17.34,5.5,231.3,2.11,0.1,2.8,228.5
-32.595833,19.009444,11-08-2011,2.3000000000000003,34.62,17.34,5.5,231.3,2.11,0.1,2.8,228.5
-32.595833,19.009444,05-10-2011,2.3000000000000003,34.62,17.34,5.5,231.3,2.11,0.1,2.8,228.5
-28.96362,19.15486,20-05-2015,0.2,38.5,19.16,0.0,253.7,3.31,0.0,0.2,253.5
-34.405833,19.600556,20-05-2015,17.0,26.47,15.74,8.8,163.0,0.93,0.9,18.0,145.0
-33.13083,18.86278,20-05-2015,10.700000000000001,32.559998,16.93,10.0,209.90001,1.8499999,0.5,12.3,197.6
-27.5275,30.858056,21-05-2015,29.900000000000002,29.97,16.4,5.3,166.3,1.11,1.5,28.9,137.40001
-30.13573889,30.67422222,21-05-2015,25.700000000000003,29.98,20.93,6.7000003,156.6,1.0,1.3,25.0,131.6
-32.595833,19.009444,10-04-2012,19.700000000000003,33.0,16.38,5.1,213.8,1.89,1.0,19.2,194.6
-32.595833,19.009444,08-05-2012,19.700000000000003,33.0,16.38,5.1,213.8,1.89,1.0,19.2,194.6
-27.38972222,26.46388889,21-05-2015,19.5,33.79,17.06,0.5,219.6,1.9399999,1.0,18.5,201.1
-32.595833,19.009444,24-07-2012,3.4000000000000004,33.48,16.75,4.6,237.40001,1.9699999,0.2,3.7,233.7
-32.595833,19.009444,22-08-2012,3.4000000000000004,33.48,16.75,4.6,237.40001,1.9699999,0.2,3.7,233.7
-27.398611,26.614722,21-05-2015,19.8,33.59,17.07,0.5,218.2,1.91,1.0,18.800001,199.40001
-28.376944,24.303056,21-05-2015,8.9,36.45,18.26,0.2,230.7,2.6599998,0.4,8.5,222.2
-34.250556,20.9925,21-05-2015,14.0,29.32,17.13,6.1,180.8,1.16,0.7000000000000001,14.0,166.8
-34.329722,18.990278,21-05-2015,18.900000000000002,25.51,15.53,17.4,166.40001,0.81,0.9,22.5,143.90001
-32.94583,18.33667,21-05-2015,7.2,29.56,15.79,5.9,198.90001,1.35,0.4,7.8,191.1
-27.4,26.624722,21-05-2015,19.8,33.59,17.07,0.5,218.2,1.91,1.0,18.800001,199.40001
-27.902778,24.615556,22-05-2015,11.600000000000001,36.51,18.33,0.2,230.90001,2.61,0.6000000000000001,11.0,219.90001
-29.803611,30.516111,22-05-2015,22.400000000000002,29.349998,17.82,6.1,152.7,0.97999996,1.1,21.800001,130.90001
-33.501667,21.624167,23-05-2015,9.0,29.73,13.429999,0.1,189.6,1.4,0.5,8.6,181.0
-25.99136,27.84208,25-05-2015,46.0,31.01,16.18,2.9,187.6,1.41,2.3000000000000003,43.9,143.7
-26.970278,27.211111,25-05-2015,28.6,32.09,16.359999,1.3000001,199.8,1.63,1.4000000000000001,27.2,172.6
-32.595833,19.009444,20-08-2013,18.400000000000002,33.63,17.34,6.2000003,215.3,1.9699999,0.9,18.2,197.1
-26.880278,26.965,25-05-2015,28.6,32.53,16.71,1.2,201.8,1.68,1.4000000000000001,27.300001,174.5
-32.595833,19.009444,08-10-2013,18.400000000000002,33.63,17.34,6.2000003,215.3,1.9699999,0.9,18.2,197.1
-26.73806,27.59194,25-05-2015,33.9,31.109999,15.799999,1.6,193.3,1.48,1.7000000000000002,32.3,161.0
-26.45,28.085833,25-05-2015,38.7,30.5,15.23,1.9,186.7,1.36,1.9000000000000001,36.9,149.8
-27.01011111,26.69808333,26-05-2015,25.5,32.84,16.93,0.5,210.0,1.76,1.3,24.2,185.8
-29.380556,30.2775,26-05-2015,20.1,28.42,15.099999,5.7000003,152.7,0.93,1.0,19.5,133.2
-26.861111,28.884722,26-05-2015,35.800000000000004,29.83,14.12,2.2,182.40001,1.24,1.8,34.100002,148.3
-26.648056,27.089444,26-05-2015,32.9,31.9,16.15,1.5,197.3,1.5699999,1.6,31.300001,166.0
-32.595833,19.009444,24-06-2014,0.9,32.48,15.0199995,3.1000001,223.1,1.86,0.0,1.0,222.1
-32.595833,19.009444,23-09-2014,3.7,34.079998,16.72,2.9,231.40001,2.06,0.2,3.7,227.7
-26.98472222,26.63227778,26-05-2015,26.200000000000003,32.93,17.02,0.5,207.8,1.77,1.3,24.9,182.90001
-28.141944,26.417778,26-05-2015,13.3,33.989998,16.58,0.4,220.40001,2.04,0.7000000000000001,12.6,207.8
-25.45963889,28.26430556,26-05-2015,49.300000000000004,32.93,17.21,3.7,192.90001,1.5999999,2.5,47.100002,145.8
-25.81048333,27.90955222,27-05-2015,46.800000000000004,31.99,17.13,3.0,191.90001,1.53,2.3000000000000003,44.7,147.2
-32.595833,19.009444,09-06-2015,6.6000000000000005,33.96,15.69,7.7000003,221.2,2.07,0.30000000000000004,7.5,213.7
-32.595833,19.009444,21-07-2015,6.6000000000000005,33.96,15.69,7.7000003,221.2,2.07,0.30000000000000004,7.5,213.7
-32.595833,19.009444,18-08-2015,6.6000000000000005,33.96,15.69,7.7000003,221.2,2.07,0.30000000000000004,7.5,213.7
-22.225556,29.990556,27-05-2015,29.700000000000003,35.86,22.09,0.2,192.8,2.03,1.5,28.2,164.6
-24.282222,28.090278,27-05-2015,51.400000000000006,32.87,17.83,4.8,187.3,1.5999999,2.6,49.2,138.1
-28.747778,31.745833,27-05-2015,104.7,32.66,21.02,8.5,171.40001,1.3,5.2,100.9,70.5
-27.00222,28.76528,27-05-2015,34.300000000000004,30.07,14.29,2.0,183.40001,1.28,1.7000000000000002,32.7,150.7
-27.273889,28.49,27-05-2015,31.1,30.269999,14.389999,2.3,186.7,1.3299999,1.6,29.7,157.0
-29.033333,23.983333,27-05-2015,5.5,36.78,17.77,0.1,230.7,2.74,0.30000000000000004,5.3,225.40001
-33.08883333,19.21878333,15-10-2013,31.5,29.019999,14.07,7.0,189.8,1.43,1.6,31.1,158.7
-25.57877778,29.12747222,28-05-2015,50.2,32.3,16.31,3.4,186.90001,1.51,2.5,48.0,138.90001
-29.744167,29.905833,29-05-2015,26.900000000000002,29.539999,15.889999,6.3,161.0,1.13,1.3,26.1,134.90001
-28.768056,20.720556,29-05-2015,0.8,38.129997,19.21,0.0,253.7,3.28,0.0,0.7,253.0
-22.225556,29.990556,01-06-2015,29.700000000000003,35.86,22.09,0.2,192.8,2.03,1.5,28.2,164.6
-33.08883333,19.21878333,23-06-2014,1.7000000000000002,27.48,12.15,5.6,198.90001,1.31,0.1,2.4,196.5
-26.510278,28.351389,01-06-2015,39.2,30.359999,14.49,2.3,183.8,1.3199999,2.0,37.3,146.5
-33.08883333,19.21878333,12-08-2014,9.3,29.49,13.37,5.0,205.3,1.5,0.5,9.400001,195.90001
-33.08883333,19.21878333,10-09-2014,9.3,29.49,13.37,5.0,205.3,1.5,0.5,9.400001,195.90001
-33.08883333,19.21878333,22-10-2014,9.3,29.49,13.37,5.0,205.3,1.5,0.5,9.400001,195.90001
-33.08883333,19.21878333,20-11-2014,9.3,29.49,13.37,5.0,205.3,1.5,0.5,9.400001,195.90001
-33.08883333,19.21878333,14-01-2015,11.0,28.91,12.849999,7.5,200.1,1.4599999,0.6000000000000001,11.900001,188.2
-33.08883333,19.21878333,18-02-2015,11.0,28.91,12.849999,7.5,200.1,1.4599999,0.6000000000000001,11.900001,188.2
-33.08883333,19.21878333,19-03-2015,11.0,28.91,12.849999,7.5,200.1,1.4599999,0.6000000000000001,11.900001,188.2
-33.08883333,19.21878333,15-04-2015,11.0,28.91,12.849999,7.5,200.1,1.4599999,0.6000000000000001,11.900001,188.2
-27.671111,27.236944,01-06-2015,19.0,32.93,16.3,0.5,209.5,1.8,1.0,18.1,191.40001
-33.08883333,19.21878333,19-08-2015,11.0,28.91,12.849999,7.5,200.1,1.4599999,0.6000000000000001,11.900001,188.2
-33.08883333,19.21878333,16-09-2015,11.0,28.91,12.849999,7.5,200.1,1.4599999,0.6000000000000001,11.900001,188.2
-30.568333,29.422778,01-06-2015,25.400000000000002,28.07,13.9,4.0,157.8,1.0,1.3,24.5,133.3
-33.08883333,19.21878333,25-11-2015,11.0,28.91,12.849999,7.5,200.1,1.4599999,0.6000000000000001,11.900001,188.2
-31.396,29.2651,01-06-2015,27.8,29.199999,19.42,5.2000003,155.7,1.01,1.4000000000000001,27.1,128.6
-25.127778,27.628889,02-06-2015,48.400000000000006,34.579998,18.93,3.1000001,203.40001,1.87,2.4000000000000004,46.100002,157.3
-25.20639,27.558,02-06-2015,48.2,34.52,18.869999,2.6000001,204.40001,1.86,2.4000000000000004,45.9,158.5
-32.502778,19.535833,13-06-2011,4.800000000000001,30.92,13.57,1.3000001,233.40001,2.0,0.2,4.7000003,228.7
-24.69514,27.40906,02-06-2015,47.6,35.25,20.039999,1.9,210.1,2.02,2.4000000000000004,45.3,164.8
-27.935,26.126667,02-06-2015,12.9,34.219997,16.25,0.4,222.8,2.05,0.6000000000000001,12.2,210.6
-28.1175,26.719444,02-06-2015,13.9,33.579998,16.869999,0.4,216.3,1.9799999,0.7000000000000001,13.2,203.1
-27.398611,26.614722,02-06-2015,19.8,33.59,17.07,0.5,218.2,1.91,1.0,18.800001,199.40001
-30.160091,27.40124,02-06-2015,13.200000000000001,31.57,15.13,0.5,201.2,1.6999999,0.7000000000000001,12.6,188.6
-30.336111,27.359444,02-06-2015,13.4,31.58,14.67,0.6,201.5,1.68,0.7000000000000001,12.8,188.7
-31.104278,29.399722,02-06-2015,28.0,29.029999,18.07,5.0,154.2,1.02,1.4000000000000001,27.1,127.1
-32.502778,19.535833,27-07-2012,2.6,33.739998,16.43,0.7,237.5,2.1599998,0.1,2.5,235.0
-34.031944,22.053333,02-06-2015,12.200000000000001,27.359999,16.42,1.0,162.7,0.9,0.6000000000000001,11.6,151.1
-34.039722,22.133333,02-06-2015,12.4,27.189999,16.779999,1.0,161.8,0.85999995,0.6000000000000001,11.8,150.0
-34.02861,22.22222,02-06-2015,13.3,26.75,16.55,1.1,159.2,0.79999995,0.7000000000000001,12.7,146.5
-28.338333,31.373611,02-06-2015,37.0,31.349998,18.449999,4.4,164.90001,1.2099999,1.9000000000000001,35.5,129.40001
-28.068333,31.55,02-06-2015,14.0,33.53,20.9,4.5,176.1,1.5799999,0.7000000000000001,13.6,162.5
-27.4,26.624722,02-06-2015,19.8,33.59,17.07,0.5,218.2,1.91,1.0,18.800001,199.40001
-30.830556,26.921389,03-06-2015,11.100000000000001,32.04,14.16,0.5,205.40001,1.73,0.6000000000000001,10.6,194.8
-24.670833,28.560833,03-06-2015,59.1,32.86,17.25,4.8,187.5,1.56,3.0,56.5,131.0
-24.39619444,27.08983333,03-06-2015,43.300000000000004,35.61,20.32,1.5,208.8,2.09,2.2,41.2,167.6
-28.75,30.442778,03-06-2015,15.600000000000001,33.11,18.56,2.8,181.40001,1.55,0.8,15.0,166.40001
-29.161667,30.629722,03-06-2015,17.6,28.789999,15.98,5.1,155.0,0.95,0.9,17.1,137.90001
-27.802778,28.768333,03-06-2015,27.900000000000002,29.769999,13.71,2.0,181.8,1.26,1.4000000000000001,26.6,155.2
-31.000833,26.353056,03-06-2015,7.9,31.769999,13.509999,0.3,208.7,1.74,0.4,7.5,201.2
-30.679722,26.7125,03-06-2015,9.9,32.93,14.69,0.4,211.40001,1.88,0.5,9.5,201.90001
-30.570833,29.150556,03-06-2015,25.5,27.92,13.75,2.6000001,159.7,1.04,1.3,24.4,135.3
-28.058889,30.373611,03-06-2015,22.8,30.81,15.37,3.6000001,176.40001,1.27,1.1,21.9,154.5
-28.760833,17.730278,04-06-2015,0.1,37.53,21.24,0.0,248.2,3.27,0.0,0.1,248.1
-32.502778,19.535833,09-06-2014,0.6000000000000001,32.55,14.71,0.4,233.8,2.01,0.0,0.6,233.2
-28.44555556,32.325,28-07-2015,13.5,31.01,21.119999,10.3,162.3,1.02,0.7000000000000001,14.7,147.6
-27.273889,28.49,04-06-2015,31.1,30.269999,14.389999,2.3,186.7,1.3299999,1.6,29.7,157.0
-27.573056,24.746389,04-06-2015,14.0,36.17,18.08,0.3,235.0,2.5,0.7000000000000001,13.3,221.7
-28.376944,24.303056,04-06-2015,8.9,36.45,18.26,0.2,230.7,2.6599998,0.4,8.5,222.2
-31.031389,28.883333,04-06-2015,26.6,29.039999,16.16,2.3,161.1,1.12,1.3,25.300001,135.8
-30.86013889,29.07125,04-06-2015,25.700000000000003,29.439999,16.63,2.1000001,161.8,1.16,1.3,24.5,137.3
-32.502778,19.535833,13-04-2015,5.0,34.0,15.36,2.1000001,234.0,2.21,0.30000000000000004,5.0,229.0
-30.77586667,29.03221667,04-06-2015,25.700000000000003,29.39,16.359999,2.0,162.90001,1.18,1.3,24.5,138.40001
-32.502778,19.535833,08-06-2015,5.0,34.0,15.36,2.1000001,234.0,2.21,0.30000000000000004,5.0,229.0
-27.902778,24.615556,05-06-2015,11.600000000000001,36.51,18.33,0.2,230.90001,2.61,0.6000000000000001,11.0,219.90001
-32.502778,19.535833,17-08-2015,5.0,34.0,15.36,2.1000001,234.0,2.21,0.30000000000000004,5.0,229.0
-31.554722,29.245556,05-06-2015,29.700000000000003,27.93,18.41,4.8,145.2,0.82,1.5,28.7,116.5
-32.502778,19.535833,19-10-2015,5.0,34.0,15.36,2.1000001,234.0,2.21,0.30000000000000004,5.0,229.0
-25.99136,27.84208,08-06-2015,46.0,31.01,16.18,2.9,187.6,1.41,2.3000000000000003,43.9,143.7
-31.5653,18.3306,05-01-2011,19.6,25.689999,12.36,0.3,90.5,1.04,1.0,18.6,71.9
-31.5653,18.3306,09-02-2011,2.9000000000000004,28.32,13.7,0.3,208.7,1.38,0.1,2.7,206.0
-31.5653,18.3306,16-03-2011,2.9000000000000004,28.32,13.7,0.3,208.7,1.38,0.1,2.7,206.0
-31.5653,18.3306,12-04-2011,2.9000000000000004,28.32,13.7,0.3,208.7,1.38,0.1,2.7,206.0
-26.970278,27.211111,08-06-2015,28.6,32.09,16.359999,1.3000001,199.8,1.63,1.4000000000000001,27.2,172.6
-26.880278,26.965,08-06-2015,28.6,32.53,16.71,1.2,201.8,1.68,1.4000000000000001,27.300001,174.5
-26.73806,27.59194,08-06-2015,33.9,31.109999,15.799999,1.6,193.3,1.48,1.7000000000000002,32.3,161.0
-26.45,28.085833,08-06-2015,38.7,30.5,15.23,1.9,186.7,1.36,1.9000000000000001,36.9,149.8
-33.818056,19.694722,08-06-2015,13.100000000000001,31.279999,15.929999,5.9,202.7,1.61,0.7000000000000001,13.6,189.1
-31.5653,18.3306,09-11-2011,0.7000000000000001,31.98,17.21,0.3,222.7,1.66,0.0,0.7,222.0
-31.5653,18.3306,21-12-2011,0.7000000000000001,31.98,17.21,0.3,222.7,1.66,0.0,0.7,222.0
-31.5653,18.3306,17-01-2012,13.100000000000001,29.98,16.119999,0.2,203.2,1.39,0.7000000000000001,12.400001,190.8
-31.5653,18.3306,15-02-2012,13.100000000000001,29.98,16.119999,0.2,203.2,1.39,0.7000000000000001,12.400001,190.8
-31.5653,18.3306,13-03-2012,13.100000000000001,29.98,16.119999,0.2,203.2,1.39,0.7000000000000001,12.400001,190.8
-31.5653,18.3306,17-04-2012,13.100000000000001,29.98,16.119999,0.2,203.2,1.39,0.7000000000000001,12.400001,190.8
-31.5653,18.3306,17-05-2012,13.100000000000001,29.98,16.119999,0.2,203.2,1.39,0.7000000000000001,12.400001,190.8
-31.5653,18.3306,29-05-2012,13.100000000000001,29.98,16.119999,0.2,203.2,1.39,0.7000000000000001,12.400001,190.8
-27.01011111,26.69808333,09-06-2015,25.5,32.84,16.93,0.5,210.0,1.76,1.3,24.2,185.8
-25.73411,27.21422,09-06-2015,47.300000000000004,32.07,16.109999,1.9,194.2,1.54,2.4000000000000004,45.0,149.2
-27.363611,31.783333,09-06-2015,16.8,33.2,20.109999,7.6,170.5,1.4399999,0.8,16.5,154.0
-26.861111,28.884722,09-06-2015,35.800000000000004,29.83,14.12,2.2,182.40001,1.24,1.8,34.100002,148.3
-31.5653,18.3306,23-10-2012,0.5,31.15,16.57,0.2,226.8,1.55,0.0,0.5,226.3
-31.5653,18.3306,13-11-2012,0.5,31.15,16.57,0.2,226.8,1.55,0.0,0.5,226.3
-31.5653,18.3306,04-12-2012,0.5,31.15,16.57,0.2,226.8,1.55,0.0,0.5,226.3
-31.5653,18.3306,26-03-2013,4.7,30.029999,15.66,0.2,211.6,1.39,0.2,4.5,207.1
-31.5653,18.3306,23-04-2013,4.7,30.029999,15.66,0.2,211.6,1.39,0.2,4.5,207.1
-31.5653,18.3306,21-05-2013,4.7,30.029999,15.66,0.2,211.6,1.39,0.2,4.5,207.1
-27.00222,28.76528,09-06-2015,34.300000000000004,30.07,14.29,2.0,183.40001,1.28,1.7000000000000002,32.7,150.7
-27.02314,28.59389,09-06-2015,33.800000000000004,30.33,14.45,2.0,185.5,1.3199999,1.7000000000000002,32.2,153.3
-31.5653,18.3306,28-01-2014,0.6000000000000001,29.73,14.589999,0.2,213.1,1.4,0.0,0.5,212.6
-31.5653,18.3306,12-02-2014,0.6000000000000001,29.73,14.589999,0.2,213.1,1.4,0.0,0.5,212.6
-31.5653,18.3306,04-03-2014,0.6000000000000001,29.73,14.589999,0.2,213.1,1.4,0.0,0.5,212.6
-31.5653,18.3306,01-04-2014,0.6000000000000001,29.73,14.589999,0.2,213.1,1.4,0.0,0.5,212.6
-31.5653,18.3306,13-05-2014,0.6000000000000001,29.73,14.589999,0.2,213.1,1.4,0.0,0.5,212.6
-26.648056,27.089444,09-06-2015,32.9,31.9,16.15,1.5,197.3,1.5699999,1.6,31.300001,166.0
-26.98472222,26.63227778,09-06-2015,26.200000000000003,32.93,17.02,0.5,207.8,1.77,1.3,24.9,182.90001
-27.935,26.126667,09-06-2015,12.9,34.219997,16.25,0.4,222.8,2.05,0.6000000000000001,12.2,210.6
-28.141944,26.417778,09-06-2015,13.3,33.989998,16.58,0.4,220.40001,2.04,0.7000000000000001,12.6,207.8
-31.5653,18.3306,21-10-2014,1.2000000000000002,31.42,16.65,0.2,219.2,1.5899999,0.1,1.1,218.1
-31.5653,18.3306,25-11-2014,1.2000000000000002,31.42,16.65,0.2,219.2,1.5899999,0.1,1.1,218.1
-31.5653,18.3306,27-01-2015,2.1,31.24,15.36,0.2,214.3,1.5799999,0.1,2.0,212.3
-31.5653,18.3306,17-02-2015,2.1,31.24,15.36,0.2,214.3,1.5799999,0.1,2.0,212.3
-31.5653,18.3306,17-03-2015,2.1,31.24,15.36,0.2,214.3,1.5799999,0.1,2.0,212.3
-31.5653,18.3306,14-04-2015,2.1,31.24,15.36,0.2,214.3,1.5799999,0.1,2.0,212.3
-31.5653,18.3306,12-05-2015,2.1,31.24,15.36,0.2,214.3,1.5799999,0.1,2.0,212.3
-31.5653,18.3306,09-06-2015,2.1,31.24,15.36,0.2,214.3,1.5799999,0.1,2.0,212.3
-28.1175,26.719444,09-06-2015,13.9,33.579998,16.869999,0.4,216.3,1.9799999,0.7000000000000001,13.2,203.1
-29.160278,26.573333,09-06-2015,10.0,33.69,15.73,0.4,220.1,2.05,0.5,9.5,210.6
-31.5653,18.3306,15-09-2015,2.1,31.24,15.36,0.2,214.3,1.5799999,0.1,2.0,212.3
-31.5653,18.3306,20-10-2015,2.1,31.24,15.36,0.2,214.3,1.5799999,0.1,2.0,212.3
-31.5653,18.3306,24-11-2015,2.1,31.24,15.36,0.2,214.3,1.5799999,0.1,2.0,212.3
-32.601389,18.750556,10-05-2011,7.9,30.01,13.84,4.9,216.40001,1.65,0.4,8.1,208.3
-32.601389,18.750556,13-06-2011,7.9,30.01,13.84,4.9,216.40001,1.65,0.4,8.1,208.3
-32.601389,18.750556,12-07-2011,2.3000000000000003,33.89,17.57,4.4,230.90001,1.9799999,0.1,2.6000001,228.3
-32.601389,18.750556,10-08-2011,2.3000000000000003,33.89,17.57,4.4,230.90001,1.9799999,0.1,2.6000001,228.3
-32.601389,18.750556,06-09-2011,2.3000000000000003,33.89,17.57,4.4,230.90001,1.9799999,0.1,2.6000001,228.3
-32.601389,18.750556,03-11-2011,2.3000000000000003,33.89,17.57,4.4,230.90001,1.9799999,0.1,2.6000001,228.3
-32.601389,18.750556,29-05-2012,18.900000000000002,32.29,16.539999,2.7,215.8,1.77,0.9,18.1,197.7
-32.601389,18.750556,03-07-2012,18.900000000000002,32.29,16.539999,2.7,215.8,1.77,0.9,18.1,197.7
-32.601389,18.750556,31-07-2012,3.6,32.76,16.949999,2.5,235.6,1.8399999,0.2,3.5,232.1
-32.601389,18.750556,28-08-2012,3.6,32.76,16.949999,2.5,235.6,1.8399999,0.2,3.5,232.1
-32.601389,18.750556,26-09-2012,3.6,32.76,16.949999,2.5,235.6,1.8399999,0.2,3.5,232.1
-32.601389,18.750556,23-10-2012,3.6,32.76,16.949999,2.5,235.6,1.8399999,0.2,3.5,232.1
-28.69485,28.23487,09-06-2015,18.1,29.46,14.17,1.7,186.40001,1.3399999,0.9,17.300001,169.1
-32.601389,18.750556,16-07-2013,18.3,32.899998,17.57,5.8,214.90001,1.8499999,0.9,18.2,196.7
-32.601389,18.750556,13-08-2013,18.3,32.899998,17.57,5.8,214.90001,1.8499999,0.9,18.2,196.7
-32.601389,18.750556,10-09-2013,18.3,32.899998,17.57,5.8,214.90001,1.8499999,0.9,18.2,196.7
-32.601389,18.750556,09-10-2013,18.3,32.899998,17.57,5.8,214.90001,1.8499999,0.9,18.2,196.7
-32.601389,18.750556,05-11-2013,18.3,32.899998,17.57,5.8,214.90001,1.8499999,0.9,18.2,196.7
-32.601389,18.750556,26-11-2013,18.3,32.899998,17.57,5.8,214.90001,1.8499999,0.9,18.2,196.7
-32.601389,18.750556,12-06-2014,1.0,31.679998,15.15,2.5,223.40001,1.7199999,0.1,1.1,222.3
-32.601389,18.750556,17-07-2014,4.0,33.36,16.97,2.4,229.7,1.93,0.2,4.0,225.7
-32.601389,18.750556,28-08-2014,4.0,33.36,16.97,2.4,229.7,1.93,0.2,4.0,225.7
-32.601389,18.750556,25-09-2014,4.0,33.36,16.97,2.4,229.7,1.93,0.2,4.0,225.7
-32.601389,18.750556,23-10-2014,4.0,33.36,16.97,2.4,229.7,1.93,0.2,4.0,225.7
-32.601389,18.750556,27-11-2014,4.0,33.36,16.97,2.4,229.7,1.93,0.2,4.0,225.7
-32.601389,18.750556,25-02-2015,6.6000000000000005,33.149998,15.82,5.9,222.5,1.92,0.30000000000000004,7.2000003,215.3
-32.601389,18.750556,21-05-2015,6.6000000000000005,33.149998,15.82,5.9,222.5,1.92,0.30000000000000004,7.2000003,215.3
-32.601389,18.750556,26-06-2015,6.6000000000000005,33.149998,15.82,5.9,222.5,1.92,0.30000000000000004,7.2000003,215.3
-32.601389,18.750556,30-07-2015,6.6000000000000005,33.149998,15.82,5.9,222.5,1.92,0.30000000000000004,7.2000003,215.3
-32.601389,18.750556,27-08-2015,6.6000000000000005,33.149998,15.82,5.9,222.5,1.92,0.30000000000000004,7.2000003,215.3
-32.601389,18.750556,29-10-2015,6.6000000000000005,33.149998,15.82,5.9,222.5,1.92,0.30000000000000004,7.2000003,215.3
-28.883333,27.89,09-06-2015,16.7,30.16,14.66,1.9,190.6,1.4399999,0.8,16.0,174.6
-25.45963889,28.26430556,09-06-2015,49.300000000000004,32.93,17.21,3.7,192.90001,1.5999999,2.5,47.100002,145.8
-25.81048333,27.90955222,10-06-2015,46.800000000000004,31.99,17.13,3.0,191.90001,1.53,2.3000000000000003,44.7,147.2
-29.641944,30.6875,10-06-2015,16.8,30.349998,19.5,6.0,158.7,1.0699999,0.8,16.4,142.3
-24.282222,28.090278,10-06-2015,51.400000000000006,32.87,17.83,4.8,187.3,1.5999999,2.6,49.2,138.1
-23.763056,27.908611,10-06-2015,43.300000000000004,34.28,19.14,3.6000001,190.7,1.8199999,2.2,41.3,149.40001
-23.23572222,27.717,10-06-2015,32.4,35.829998,20.74,0.4,201.2,2.08,1.6,30.800001,170.40001
-24.058889,31.237222,10-06-2015,42.0,34.55,20.73,6.9,174.1,1.64,2.1,40.4,133.7
-27.802778,28.768333,10-06-2015,27.900000000000002,29.769999,13.71,2.0,181.8,1.26,1.4000000000000001,26.6,155.2
-27.671111,27.236944,10-06-2015,19.0,32.93,16.3,0.5,209.5,1.8,1.0,18.1,191.40001
-30.160091,27.40124,10-06-2015,13.200000000000001,31.57,15.13,0.5,201.2,1.6999999,0.7000000000000001,12.6,188.6
-30.336111,27.359444,10-06-2015,13.4,31.58,14.67,0.6,201.5,1.68,0.7000000000000001,12.8,188.7
-29.615556,27.065278,10-06-2015,11.700000000000001,32.219997,15.049999,0.4,208.7,1.8199999,0.6000000000000001,11.1,197.6
-33.38056,19.30167,10-06-2015,13.3,29.369999,13.74,8.5,196.40001,1.48,0.7000000000000001,14.5,181.90001
-33.08883333,19.21878333,10-06-2015,11.0,28.91,12.849999,7.5,200.1,1.4599999,0.6000000000000001,11.900001,188.2
-25.57877778,29.12747222,10-06-2015,50.2,32.3,16.31,3.4,186.90001,1.51,2.5,48.0,138.90001
-22.225556,29.990556,11-06-2015,29.700000000000003,35.86,22.09,0.2,192.8,2.03,1.5,28.2,164.6
-30.830556,26.921389,11-06-2015,11.100000000000001,32.04,14.16,0.5,205.40001,1.73,0.6000000000000001,10.6,194.8
-24.95861111,29.39527778,11-06-2015,50.2,33.96,18.44,2.6000001,191.2,1.6899999,2.5,47.9,143.3
-27.02314,28.59389,11-06-2015,33.800000000000004,30.33,14.45,2.0,185.5,1.3199999,1.7000000000000002,32.2,153.3
-27.4275,28.525833,11-06-2015,29.900000000000002,30.179998,14.21,2.3,186.1,1.31,1.5,28.6,157.5
-27.3,28.586944,11-06-2015,31.1,30.24,14.28,2.3,185.6,1.31,1.6,29.7,155.90001
-27.38972222,26.46388889,11-06-2015,19.5,33.79,17.06,0.5,219.6,1.9399999,1.0,18.5,201.1
-27.398611,26.614722,11-06-2015,19.8,33.59,17.07,0.5,218.2,1.91,1.0,18.800001,199.40001
-31.000833,26.353056,11-06-2015,7.9,31.769999,13.509999,0.3,208.7,1.74,0.4,7.5,201.2
-30.679722,26.7125,11-06-2015,9.9,32.93,14.69,0.4,211.40001,1.88,0.5,9.5,201.90001
-30.534167,24.961944,11-06-2015,3.0,34.48,15.87,0.0,229.2,2.28,0.2,2.9,226.3
-33.7075,18.97444444,11-06-2015,17.5,31.14,16.73,11.7,203.1,1.5899999,0.9,19.1,184.0
-33.72266667,18.61691667,11-06-2015,14.5,29.06,16.68,9.7,195.0,1.26,0.7000000000000001,15.8,179.2
-27.356667,27.286389,11-06-2015,22.900000000000002,32.5,16.38,0.5,208.3,1.7099999,1.1,21.800001,186.5
-29.641944,30.6875,12-06-2015,16.8,30.349998,19.5,6.0,158.7,1.0699999,0.8,16.4,142.3
-29.744167,29.905833,12-06-2015,26.900000000000002,29.539999,15.889999,6.3,161.0,1.13,1.3,26.1,134.90001
-26.619444,27.980833,12-06-2015,36.6,30.92,15.65,1.8000001,190.0,1.43,1.8,34.9,155.1
-27.573056,24.746389,12-06-2015,14.0,36.17,18.08,0.3,235.0,2.5,0.7000000000000001,13.3,221.7
-29.658056,25.973333,12-06-2015,6.9,33.42,15.7,0.4,217.1,2.07,0.30000000000000004,6.6,210.5
-23.658056,31.05,15-06-2015,36.1,34.719997,20.8,5.5,177.1,1.68,1.8,34.7,142.40001
-29.7775,29.470833,15-06-2015,30.400000000000002,27.56,13.36,3.7,157.8,0.96,1.5,29.300001,128.5
-29.987778,29.851667,15-06-2015,28.3,28.689999,15.299999,6.9,155.3,1.01,1.4000000000000001,27.6,127.700005
-29.744167,29.905833,15-06-2015,26.900000000000002,29.539999,15.889999,6.3,161.0,1.13,1.3,26.1,134.90001
-24.679167,30.8025,16-06-2015,68.60000000000001,29.26,16.06,11.400001,162.7,1.06,3.4000000000000004,66.4,96.3
-25.127778,27.628889,16-06-2015,48.400000000000006,34.579998,18.93,3.1000001,203.40001,1.87,2.4000000000000004,46.100002,157.3
-25.20639,27.558,16-06-2015,48.2,34.52,18.869999,2.6000001,204.40001,1.86,2.4000000000000004,45.9,158.5
-24.39619444,27.08983333,16-06-2015,43.300000000000004,35.61,20.32,1.5,208.8,2.09,2.2,41.2,167.6
-24.69514,27.40906,16-06-2015,47.6,35.25,20.039999,1.9,210.1,2.02,2.4000000000000004,45.3,164.8
-22.769722,30.886944,17-06-2015,46.6,34.85,20.65,6.6,183.1,1.7199999,2.3000000000000003,44.8,138.3
-24.058889,31.237222,17-06-2015,42.0,34.55,20.73,6.9,174.1,1.64,2.1,40.4,133.7
-28.404444,30.013056,17-06-2015,15.8,31.949999,16.32,3.0,181.5,1.4599999,0.8,15.2,166.3
-30.733889,29.828333,17-06-2015,29.6,28.769999,17.44,5.9,151.7,0.98999995,1.5,28.7,123.0
-30.398056,30.601944,17-06-2015,30.8,29.64,21.05,8.2,155.2,0.95,1.5,30.2,125.0
-27.273889,28.49,17-06-2015,31.1,30.269999,14.389999,2.3,186.7,1.3299999,1.6,29.7,157.0
-34.092222,21.295278,17-06-2015,13.100000000000001,29.34,16.34,3.2,173.5,1.2099999,0.7000000000000001,12.8,160.7
-28.058889,30.373611,17-06-2015,22.8,30.81,15.37,3.6000001,176.40001,1.27,1.1,21.9,154.5
-27.5275,30.858056,18-06-2015,29.900000000000002,29.97,16.4,5.3,166.3,1.11,1.5,28.9,137.40001
-30.13573889,30.67422222,18-06-2015,25.700000000000003,29.98,20.93,6.7000003,156.6,1.0,1.3,25.0,131.6
-26.880278,26.965,18-06-2015,28.6,32.53,16.71,1.2,201.8,1.68,1.4000000000000001,27.300001,174.5
-28.1175,26.719444,18-06-2015,13.9,33.579998,16.869999,0.4,216.3,1.9799999,0.7000000000000001,13.2,203.1
-28.376944,24.303056,18-06-2015,8.9,36.45,18.26,0.2,230.7,2.6599998,0.4,8.5,222.2
-31.394444,20.947222,18-06-2015,5.300000000000001,33.77,14.88,0.0,238.6,2.3899999,0.30000000000000004,5.0,233.6
-29.651389,22.746389,18-06-2015,2.1,37.05,19.119999,0.0,248.3,2.98,0.1,2.0,246.3
-34.250556,20.9925,18-06-2015,14.0,29.32,17.13,6.1,180.8,1.16,0.7000000000000001,14.0,166.8
-33.13083,18.86278,04-07-2012,17.5,31.89,17.529999,10.3,209.40001,1.7199999,0.9,18.9,190.5
-24.183889,30.823889,19-06-2015,45.5,34.07,20.18,6.0,173.7,1.5799999,2.3000000000000003,43.7,130.0
-27.902778,24.615556,19-06-2015,11.600000000000001,36.51,18.33,0.2,230.90001,2.61,0.6000000000000001,11.0,219.90001
-29.803611,30.516111,19-06-2015,22.400000000000002,29.349998,17.82,6.1,152.7,0.97999996,1.1,21.800001,130.90001
-25.99136,27.84208,22-06-2015,46.0,31.01,16.18,2.9,187.6,1.41,2.3000000000000003,43.9,143.7
-25.49037,30.6986,22-06-2015,50.1,30.279999,16.859999,13.7,165.0,1.12,2.5,48.9,116.1
-24.99328,30.81444,22-06-2015,64.60000000000001,27.31,14.16,15.2,149.90001,0.79999995,3.2,63.100002,86.8
-26.970278,27.211111,22-06-2015,28.6,32.09,16.359999,1.3000001,199.8,1.63,1.4000000000000001,27.2,172.6
-26.880278,26.965,22-06-2015,28.6,32.53,16.71,1.2,201.8,1.68,1.4000000000000001,27.300001,174.5
-26.73806,27.59194,22-06-2015,33.9,31.109999,15.799999,1.6,193.3,1.48,1.7000000000000002,32.3,161.0
-26.45,28.085833,22-06-2015,38.7,30.5,15.23,1.9,186.7,1.36,1.9000000000000001,36.9,149.8
-27.273889,28.49,22-06-2015,31.1,30.269999,14.389999,2.3,186.7,1.3299999,1.6,29.7,157.0
-27.01011111,26.69808333,23-06-2015,25.5,32.84,16.93,0.5,210.0,1.76,1.3,24.2,185.8
-25.436111,31.982222,23-06-2015,29.3,33.91,19.6,9.2,164.6,1.43,1.5,28.6,136.0
-29.140556,31.391944,23-06-2015,112.30000000000001,31.13,20.58,2.9,161.8,1.03,5.6000000000000005,106.8,55.0
-34.065833,20.404167,23-06-2015,11.8,31.42,17.529999,4.5,177.6,1.5699999,0.6000000000000001,11.7,165.90001
-22.43772222,31.07805556,23-06-2015,43.0,36.73,21.65,4.3,196.40001,2.02,2.1,41.100002,155.3
-25.681111,31.783333,23-06-2015,31.700000000000003,32.89,19.38,8.8,165.1,1.29,1.6,30.7,134.40001
-25.67386,31.57527,23-06-2015,33.800000000000004,33.559998,20.48,8.7,171.40001,1.51,1.7000000000000002,32.8,138.6
-25.398889,31.610556,23-06-2015,34.300000000000004,32.63,19.699999,8.8,162.90001,1.3,1.7000000000000002,33.3,129.6
-28.801278,31.955389,23-06-2015,67.5,31.99,20.88,10.2,169.6,1.12,3.4000000000000004,66.1,103.5
-27.00222,28.76528,23-06-2015,34.300000000000004,30.07,14.29,2.0,183.40001,1.28,1.7000000000000002,32.7,150.7
-26.98472222,26.63227778,23-06-2015,26.200000000000003,32.93,17.02,0.5,207.8,1.77,1.3,24.9,182.90001
-28.1175,26.719444,23-06-2015,13.9,33.579998,16.869999,0.4,216.3,1.9799999,0.7000000000000001,13.2,203.1
-25.45963889,28.26430556,23-06-2015,49.300000000000004,32.93,17.21,3.7,192.90001,1.5999999,2.5,47.100002,145.8
-29.161667,23.696389,24-06-2015,4.3,37.1,18.199999,0.0,232.1,2.85,0.2,4.1,228.0
-31.860278,18.6875,24-06-2015,3.5,32.75,15.2699995,0.4,221.2,1.9,0.2,3.3,217.90001
-25.362222,31.956667,24-06-2015,29.6,33.3,19.289999,9.0,162.1,1.3199999,1.5,28.800001,133.3
-24.768889,31.39,24-06-2015,44.400000000000006,32.989998,19.76,8.2,166.0,1.4,2.2,42.8,123.200005
-24.9675,31.516667,24-06-2015,39.0,33.34,20.41,8.2,167.90001,1.4699999,1.9000000000000001,37.7,130.2
-28.747778,31.745833,24-06-2015,104.7,32.66,21.02,8.5,171.40001,1.3,5.2,100.9,70.5
-27.273889,28.49,24-06-2015,31.1,30.269999,14.389999,2.3,186.7,1.3299999,1.6,29.7,157.0
-29.033333,23.983333,24-06-2015,5.5,36.78,17.77,0.1,230.7,2.74,0.30000000000000004,5.3,225.40001
-26.03611,30.99778,25-06-2015,51.1,31.39,18.43,11.1,173.3,1.3399999,2.6,49.600002,123.700005
-33.7075,18.97444444,17-02-2011,19.6,28.39,14.78,11.8,200.3,1.42,1.0,21.2,179.1
-26.648056,27.089444,25-06-2015,32.9,31.9,16.15,1.5,197.3,1.5699999,1.6,31.300001,166.0
-28.460833,21.248889,25-06-2015,0.7000000000000001,37.76,19.65,0.0,246.8,3.23,0.0,0.7,246.1
-32.94583,18.33667,25-06-2015,7.2,29.56,15.79,5.9,198.90001,1.35,0.4,7.8,191.1
-33.897778,20.012778,25-06-2015,11.4,31.66,16.289999,4.7000003,195.6,1.64,0.6000000000000001,11.6,184.0
-33.7075,18.97444444,25-01-2012,13.5,30.619999,17.16,14.2,204.7,1.4699999,0.7000000000000001,16.9,187.8
-33.7075,18.97444444,22-02-2012,13.5,30.619999,17.16,14.2,204.7,1.4699999,0.7000000000000001,16.9,187.8
-33.7075,18.97444444,21-03-2012,13.5,30.619999,17.16,14.2,204.7,1.4699999,0.7000000000000001,16.9,187.8
-29.744167,29.905833,26-06-2015,26.900000000000002,29.539999,15.889999,6.3,161.0,1.13,1.3,26.1,134.90001
-25.81048333,27.90955222,29-06-2015,46.800000000000004,31.99,17.13,3.0,191.90001,1.53,2.3000000000000003,44.7,147.2
-26.510278,28.351389,29-06-2015,39.2,30.359999,14.49,2.3,183.8,1.3199999,2.0,37.3,146.5
-26.45,28.085833,29-06-2015,38.7,30.5,15.23,1.9,186.7,1.36,1.9000000000000001,36.9,149.8
-27.671111,27.236944,29-06-2015,19.0,32.93,16.3,0.5,209.5,1.8,1.0,18.1,191.40001
-25.127778,27.628889,30-06-2015,48.400000000000006,34.579998,18.93,3.1000001,203.40001,1.87,2.4000000000000004,46.100002,157.3
-25.20639,27.558,30-06-2015,48.2,34.52,18.869999,2.6000001,204.40001,1.86,2.4000000000000004,45.9,158.5
-24.69514,27.40906,30-06-2015,47.6,35.25,20.039999,1.9,210.1,2.02,2.4000000000000004,45.3,164.8
-28.735556,29.820556,30-06-2015,15.8,32.219997,16.84,2.8,180.3,1.49,0.8,15.2,165.1
-26.861111,28.884722,30-06-2015,35.800000000000004,29.83,14.12,2.2,182.40001,1.24,1.8,34.100002,148.3
-27.00222,28.76528,30-06-2015,34.300000000000004,30.07,14.29,2.0,183.40001,1.28,1.7000000000000002,32.7,150.7
-27.02314,28.59389,30-06-2015,33.800000000000004,30.33,14.45,2.0,185.5,1.3199999,1.7000000000000002,32.2,153.3
-27.398611,26.614722,30-06-2015,19.8,33.59,17.07,0.5,218.2,1.91,1.0,18.800001,199.40001
-31.436944,20.474722,30-06-2015,5.1000000000000005,33.149998,14.0,0.0,235.8,2.28,0.30000000000000004,4.8,231.0
-29.651389,22.746389,30-06-2015,2.1,37.05,19.119999,0.0,248.3,2.98,0.1,2.0,246.3
-28.338333,31.373611,30-06-2015,37.0,31.349998,18.449999,4.4,164.90001,1.2099999,1.9000000000000001,35.5,129.40001
-28.068333,31.55,30-06-2015,14.0,33.53,20.9,4.5,176.1,1.5799999,0.7000000000000001,13.6,162.5
-28.308889,31.9025,30-06-2015,21.6,33.18,21.49,8.2,171.8,1.4699999,1.1,21.9,149.90001
-27.4,26.624722,30-06-2015,19.8,33.59,17.07,0.5,218.2,1.91,1.0,18.800001,199.40001
-29.161667,23.696389,01-07-2015,4.3,37.1,18.199999,0.0,232.1,2.85,0.2,4.1,228.0
-27.602222,29.942778,01-07-2015,35.0,31.789999,15.66,3.5,185.90001,1.42,1.7000000000000002,33.5,152.40001
-27.169444,29.233889,01-07-2015,34.4,29.41,13.78,1.8000001,177.0,1.16,1.7000000000000002,32.8,144.2
-27.273889,28.49,01-07-2015,31.1,30.269999,14.389999,2.3,186.7,1.3299999,1.6,29.7,157.0
-27.4275,28.525833,01-07-2015,29.900000000000002,30.179998,14.21,2.3,186.1,1.31,1.5,28.6,157.5
-27.3,28.586944,01-07-2015,31.1,30.24,14.28,2.3,185.6,1.31,1.6,29.7,155.90001
-27.802778,28.768333,01-07-2015,27.900000000000002,29.769999,13.71,2.0,181.8,1.26,1.4000000000000001,26.6,155.2
-33.7075,18.97444444,28-01-2015,17.5,31.14,16.73,11.7,203.1,1.5899999,0.9,19.1,184.0
-33.7075,18.97444444,19-02-2015,17.5,31.14,16.73,11.7,203.1,1.5899999,0.9,19.1,184.0
-33.7075,18.97444444,25-03-2015,17.5,31.14,16.73,11.7,203.1,1.5899999,0.9,19.1,184.0
-27.935,26.126667,01-07-2015,12.9,34.219997,16.25,0.4,222.8,2.05,0.6000000000000001,12.2,210.6
-28.141944,26.417778,01-07-2015,13.3,33.989998,16.58,0.4,220.40001,2.04,0.7000000000000001,12.6,207.8
-27.671111,27.236944,01-07-2015,19.0,32.93,16.3,0.5,209.5,1.8,1.0,18.1,191.40001
-28.75,30.442778,02-07-2015,15.600000000000001,33.11,18.56,2.8,181.40001,1.55,0.8,15.0,166.40001
-29.161667,30.629722,02-07-2015,17.6,28.789999,15.98,5.1,155.0,0.95,0.9,17.1,137.90001
-27.4275,28.525833,02-07-2015,29.900000000000002,30.179998,14.21,2.3,186.1,1.31,1.5,28.6,157.5
-27.802778,28.768333,02-07-2015,27.900000000000002,29.769999,13.71,2.0,181.8,1.26,1.4000000000000001,26.6,155.2
-28.376944,24.303056,02-07-2015,8.9,36.45,18.26,0.2,230.7,2.6599998,0.4,8.5,222.2
-29.744167,29.905833,03-07-2015,26.900000000000002,29.539999,15.889999,6.3,161.0,1.13,1.3,26.1,134.90001
-27.573056,24.746389,03-07-2015,14.0,36.17,18.08,0.3,235.0,2.5,0.7000000000000001,13.3,221.7
-27.902778,24.615556,03-07-2015,11.600000000000001,36.51,18.33,0.2,230.90001,2.61,0.6000000000000001,11.0,219.90001
-25.99136,27.84208,06-07-2015,46.0,31.01,16.18,2.9,187.6,1.41,2.3000000000000003,43.9,143.7
-26.45,28.085833,06-07-2015,38.7,30.5,15.23,1.9,186.7,1.36,1.9000000000000001,36.9,149.8
-22.225556,29.990556,07-07-2015,29.700000000000003,35.86,22.09,0.2,192.8,2.03,1.5,28.2,164.6
-23.658056,31.05,07-07-2015,36.1,34.719997,20.8,5.5,177.1,1.68,1.8,34.7,142.40001
-27.363611,31.783333,07-07-2015,16.8,33.2,20.109999,7.6,170.5,1.4399999,0.8,16.5,154.0
-26.861111,28.884722,07-07-2015,35.800000000000004,29.83,14.12,2.2,182.40001,1.24,1.8,34.100002,148.3
-27.00222,28.76528,07-07-2015,34.300000000000004,30.07,14.29,2.0,183.40001,1.28,1.7000000000000002,32.7,150.7
-27.3,28.586944,07-07-2015,31.1,30.24,14.28,2.3,185.6,1.31,1.6,29.7,155.90001
-31.396,29.2651,07-07-2015,27.8,29.199999,19.42,5.2000003,155.7,1.01,1.4000000000000001,27.1,128.6
-31.554722,29.245556,07-07-2015,29.700000000000003,27.93,18.41,4.8,145.2,0.82,1.5,28.7,116.5
-34.031944,22.053333,07-07-2015,12.200000000000001,27.359999,16.42,1.0,162.7,0.9,0.6000000000000001,11.6,151.1
-25.45963889,28.26430556,07-07-2015,49.300000000000004,32.93,17.21,3.7,192.90001,1.5999999,2.5,47.100002,145.8
-25.81048333,27.90955222,08-07-2015,46.800000000000004,31.99,17.13,3.0,191.90001,1.53,2.3000000000000003,44.7,147.2
-29.641944,30.6875,08-07-2015,16.8,30.349998,19.5,6.0,158.7,1.0699999,0.8,16.4,142.3
-23.23572222,27.717,08-07-2015,32.4,35.829998,20.74,0.4,201.2,2.08,1.6,30.800001,170.40001
-24.670833,28.560833,08-07-2015,59.1,32.86,17.25,4.8,187.5,1.56,3.0,56.5,131.0
-22.91028,29.61111,08-07-2015,44.0,33.36,19.38,3.6000001,179.1,1.5899999,2.2,42.100002,137.0
-26.970278,27.211111,08-07-2015,28.6,32.09,16.359999,1.3000001,199.8,1.63,1.4000000000000001,27.2,172.6
-27.38972222,26.46388889,08-07-2015,19.5,33.79,17.06,0.5,219.6,1.9399999,1.0,18.5,201.1
-30.534167,24.961944,08-07-2015,3.0,34.48,15.87,0.0,229.2,2.28,0.2,2.9,226.3
-30.570833,29.150556,08-07-2015,25.5,27.92,13.75,2.6000001,159.7,1.04,1.3,24.4,135.3
-31.104278,29.399722,08-07-2015,28.0,29.029999,18.07,5.0,154.2,1.02,1.4000000000000001,27.1,127.1
-30.77586667,29.03221667,08-07-2015,25.700000000000003,29.39,16.359999,2.0,162.90001,1.18,1.3,24.5,138.40001
-34.039722,22.133333,08-07-2015,12.4,27.189999,16.779999,1.0,161.8,0.85999995,0.6000000000000001,11.8,150.0
-34.02861,22.22222,08-07-2015,13.3,26.75,16.55,1.1,159.2,0.79999995,0.7000000000000001,12.7,146.5
-32.94583,18.33667,03-12-2015,7.2,29.56,15.79,5.9,198.90001,1.35,0.4,7.8,191.1
-33.464444,18.740556,20-07-2011,4.1000000000000005,31.57,17.93,7.3,212.1,1.5799999,0.2,5.1,207.0
-33.464444,18.740556,17-08-2011,4.1000000000000005,31.57,17.93,7.3,212.1,1.5799999,0.2,5.1,207.0
-33.464444,18.740556,14-09-2011,4.1000000000000005,31.57,17.93,7.3,212.1,1.5799999,0.2,5.1,207.0
-33.464444,18.740556,12-10-2011,4.1000000000000005,31.57,17.93,7.3,212.1,1.5799999,0.2,5.1,207.0
-33.464444,18.740556,09-11-2011,4.1000000000000005,31.57,17.93,7.3,212.1,1.5799999,0.2,5.1,207.0
-33.464444,18.740556,26-06-2012,14.200000000000001,30.07,17.05,10.900001,205.40001,1.4399999,0.7000000000000001,16.4,189.0
-33.464444,18.740556,24-07-2012,12.100000000000001,30.269999,17.33,9.0,214.3,1.4499999,0.6000000000000001,13.3,201.0
-27.01011111,26.69808333,09-07-2015,25.5,32.84,16.93,0.5,210.0,1.76,1.3,24.2,185.8
-33.464444,18.740556,18-09-2012,12.100000000000001,30.269999,17.33,9.0,214.3,1.4499999,0.6000000000000001,13.3,201.0
-33.464444,18.740556,16-10-2012,12.100000000000001,30.269999,17.33,9.0,214.3,1.4499999,0.6000000000000001,13.3,201.0
-33.464444,18.740556,15-11-2012,12.100000000000001,30.269999,17.33,9.0,214.3,1.4499999,0.6000000000000001,13.3,201.0
-24.282222,28.090278,09-07-2015,51.400000000000006,32.87,17.83,4.8,187.3,1.5999999,2.6,49.2,138.1
-33.464444,18.740556,24-07-2013,30.900000000000002,30.51,17.97,9.2,195.7,1.4599999,1.5,31.300001,164.40001
-33.464444,18.740556,21-08-2013,30.900000000000002,30.51,17.97,9.2,195.7,1.4599999,1.5,31.300001,164.40001
-33.464444,18.740556,11-09-2013,30.900000000000002,30.51,17.97,9.2,195.7,1.4599999,1.5,31.300001,164.40001
-33.464444,18.740556,09-10-2013,30.900000000000002,30.51,17.97,9.2,195.7,1.4599999,1.5,31.300001,164.40001
-33.464444,18.740556,06-11-2013,30.900000000000002,30.51,17.97,9.2,195.7,1.4599999,1.5,31.300001,164.40001
-33.464444,18.740556,27-11-2013,30.900000000000002,30.51,17.97,9.2,195.7,1.4599999,1.5,31.300001,164.40001
-33.464444,18.740556,16-07-2014,12.9,30.96,17.27,7.9,210.7,1.53,0.6000000000000001,13.7,197.0
-33.464444,18.740556,27-08-2014,12.9,30.96,17.27,7.9,210.7,1.53,0.6000000000000001,13.7,197.0
-33.464444,18.740556,01-10-2014,12.9,30.96,17.27,7.9,210.7,1.53,0.6000000000000001,13.7,197.0
-33.464444,18.740556,29-10-2014,12.9,30.96,17.27,7.9,210.7,1.53,0.6000000000000001,13.7,197.0
-23.23572222,27.717,09-07-2015,32.4,35.829998,20.74,0.4,201.2,2.08,1.6,30.800001,170.40001
-33.464444,18.740556,23-07-2015,14.100000000000001,30.58,16.5,9.1,204.3,1.54,0.7000000000000001,15.3,189.0
-33.464444,18.740556,20-08-2015,14.100000000000001,30.58,16.5,9.1,204.3,1.54,0.7000000000000001,15.3,189.0
-33.464444,18.740556,17-09-2015,14.100000000000001,30.58,16.5,9.1,204.3,1.54,0.7000000000000001,15.3,189.0
-26.648056,27.089444,09-07-2015,32.9,31.9,16.15,1.5,197.3,1.5699999,1.6,31.300001,166.0
-26.880278,26.965,09-07-2015,28.6,32.53,16.71,1.2,201.8,1.68,1.4000000000000001,27.300001,174.5
-26.98472222,26.63227778,09-07-2015,26.200000000000003,32.93,17.02,0.5,207.8,1.77,1.3,24.9,182.90001
-31.031389,28.883333,09-07-2015,26.6,29.039999,16.16,2.3,161.1,1.12,1.3,25.300001,135.8
-33.72266667,18.61691667,11-06-2014,2.6,27.73,16.05,9.900001,192.6,1.12,0.1,4.6,188.0
-30.86013889,29.07125,09-07-2015,25.700000000000003,29.439999,16.63,2.1000001,161.8,1.16,1.3,24.5,137.3
-33.970833,22.548333,20-01-2011,36.5,23.75,14.929999,8.7,146.0,0.65999997,1.8,36.5,109.5
-33.970833,22.548333,28-02-2011,36.5,23.75,14.929999,8.7,146.0,0.65999997,1.8,36.5,109.5
-33.970833,22.548333,04-04-2011,36.5,23.75,14.929999,8.7,146.0,0.65999997,1.8,36.5,109.5
-33.970833,22.548333,03-05-2011,36.5,23.75,14.929999,8.7,146.0,0.65999997,1.8,36.5,109.5
-33.970833,22.548333,05-07-2011,36.5,23.75,14.929999,8.7,146.0,0.65999997,1.8,36.5,109.5
-33.970833,22.548333,31-08-2011,24.0,26.32,17.789999,7.4,154.2,0.68,1.2000000000000002,24.1,130.1
-33.970833,22.548333,14-09-2011,24.0,26.32,17.789999,7.4,154.2,0.68,1.2000000000000002,24.1,130.1
-33.970833,22.548333,11-10-2011,24.0,26.32,17.789999,7.4,154.2,0.68,1.2000000000000002,24.1,130.1
-33.970833,22.548333,25-11-2011,24.0,26.32,17.789999,7.4,154.2,0.68,1.2000000000000002,24.1,130.1
-33.970833,22.548333,20-01-2012,17.900000000000002,24.779999,16.09,12.5,136.1,0.57,0.9,21.7,114.4
-33.970833,22.548333,20-03-2012,17.900000000000002,24.779999,16.09,12.5,136.1,0.57,0.9,21.7,114.4
-34.005833,22.351111,09-07-2015,14.4,26.23,16.609999,2.5,156.5,0.76,0.7000000000000001,13.8,142.7
-33.970833,22.548333,09-07-2012,39.300000000000004,25.3,16.97,9.900001,149.3,0.61,2.0,40.0,109.3
-33.970833,22.548333,17-08-2012,39.300000000000004,25.3,16.97,9.900001,149.3,0.61,2.0,40.0,109.3
-33.970833,22.548333,19-09-2012,39.300000000000004,25.3,16.97,9.900001,149.3,0.61,2.0,40.0,109.3
-33.970833,22.548333,17-10-2012,39.300000000000004,25.3,16.97,9.900001,149.3,0.61,2.0,40.0,109.3
-33.970833,22.548333,23-11-2012,39.300000000000004,25.3,16.97,9.900001,149.3,0.61,2.0,40.0,109.3
-33.970833,22.548333,13-12-2012,39.300000000000004,25.3,16.97,9.900001,149.3,0.61,2.0,40.0,109.3
-33.970833,22.548333,30-01-2013,16.8,24.41,15.79,11.400001,144.0,0.58,0.8,19.7,124.3
-33.970833,22.548333,13-02-2013,16.8,24.41,15.79,11.400001,144.0,0.58,0.8,19.7,124.3
-22.43772222,31.07805556,10-07-2015,43.0,36.73,21.65,4.3,196.40001,2.02,2.1,41.100002,155.3
-33.970833,22.548333,19-06-2013,16.8,24.41,15.79,11.400001,144.0,0.58,0.8,19.7,124.3
-33.970833,22.548333,19-07-2013,92.2,25.699999,17.99,9.3,141.2,0.61,4.6000000000000005,89.8,51.4
-33.970833,22.548333,21-08-2013,92.2,25.699999,17.99,9.3,141.2,0.61,4.6000000000000005,89.8,51.4
-33.970833,22.548333,20-09-2013,92.2,25.699999,17.99,9.3,141.2,0.61,4.6000000000000005,89.8,51.4
-33.970833,22.548333,17-10-2013,92.2,25.699999,17.99,9.3,141.2,0.61,4.6000000000000005,89.8,51.4
-33.970833,22.548333,05-11-2013,92.2,25.699999,17.99,9.3,141.2,0.61,4.6000000000000005,89.8,51.4
-33.970833,22.548333,08-11-2013,92.2,25.699999,17.99,9.3,141.2,0.61,4.6000000000000005,89.8,51.4
-33.970833,22.548333,15-01-2014,37.6,24.59,15.389999,3.2,143.0,0.61,1.9000000000000001,35.9,107.1
-33.970833,22.548333,05-03-2014,37.6,24.59,15.389999,3.2,143.0,0.61,1.9000000000000001,35.9,107.1
-33.970833,22.548333,02-04-2014,37.6,24.59,15.389999,3.2,143.0,0.61,1.9000000000000001,35.9,107.1
-33.970833,22.548333,08-05-2014,37.6,24.59,15.389999,3.2,143.0,0.61,1.9000000000000001,35.9,107.1
-28.7115,24.07288889,13-07-2015,6.7,36.8,18.039999,0.2,231.5,2.74,0.30000000000000004,6.4,225.1
-33.970833,22.548333,09-07-2014,27.200000000000003,26.17,16.81,3.0,155.6,0.68,1.4000000000000001,26.0,129.6
-33.970833,22.548333,06-08-2014,27.200000000000003,26.17,16.81,3.0,155.6,0.68,1.4000000000000001,26.0,129.6
-33.970833,22.548333,03-09-2014,27.200000000000003,26.17,16.81,3.0,155.6,0.68,1.4000000000000001,26.0,129.6
-33.970833,22.548333,08-10-2014,27.200000000000003,26.17,16.81,3.0,155.6,0.68,1.4000000000000001,26.0,129.6
-33.970833,22.548333,07-01-2015,73.0,18.41,9.58,14.1,57.600002,0.59,3.6,57.600002,0.0
-33.970833,22.548333,04-02-2015,16.1,25.99,16.72,6.9,154.6,0.72999996,0.8,16.4,138.2
-33.970833,22.548333,05-03-2015,16.1,25.99,16.72,6.9,154.6,0.72999996,0.8,16.4,138.2
-33.970833,22.548333,08-04-2015,16.1,25.99,16.72,6.9,154.6,0.72999996,0.8,16.4,138.2
-33.970833,22.548333,07-05-2015,16.1,25.99,16.72,6.9,154.6,0.72999996,0.8,16.4,138.2
-33.970833,22.548333,02-06-2015,16.1,25.99,16.72,6.9,154.6,0.72999996,0.8,16.4,138.2
-33.970833,22.548333,08-07-2015,16.1,25.99,16.72,6.9,154.6,0.72999996,0.8,16.4,138.2
-33.970833,22.548333,05-08-2015,16.1,25.99,16.72,6.9,154.6,0.72999996,0.8,16.4,138.2
-33.970833,22.548333,02-09-2015,16.1,25.99,16.72,6.9,154.6,0.72999996,0.8,16.4,138.2
-33.970833,22.548333,06-10-2015,16.1,25.99,16.72,6.9,154.6,0.72999996,0.8,16.4,138.2
-33.970833,22.548333,04-11-2015,16.1,25.99,16.72,6.9,154.6,0.72999996,0.8,16.4,138.2
-33.970833,22.548333,03-12-2015,16.1,25.99,16.72,6.9,154.6,0.72999996,0.8,16.4,138.2
-34.005833,22.351111,21-01-2011,27.6,24.119999,14.889999,8.3,149.3,0.71,1.4000000000000001,28.0,121.3
-34.005833,22.351111,11-02-2011,27.6,24.119999,14.889999,8.3,149.3,0.71,1.4000000000000001,28.0,121.3
-34.005833,22.351111,17-03-2011,27.6,24.119999,14.889999,8.3,149.3,0.71,1.4000000000000001,28.0,121.3
-34.005833,22.351111,19-04-2011,27.6,24.119999,14.889999,8.3,149.3,0.71,1.4000000000000001,28.0,121.3
-34.005833,22.351111,17-05-2011,27.6,24.119999,14.889999,8.3,149.3,0.71,1.4000000000000001,28.0,121.3
-34.005833,22.351111,21-06-2011,27.6,24.119999,14.889999,8.3,149.3,0.71,1.4000000000000001,28.0,121.3
-24.679167,30.8025,13-07-2015,68.60000000000001,29.26,16.06,11.400001,162.7,1.06,3.4000000000000004,66.4,96.3
-34.005833,22.351111,12-10-2011,21.6,26.74,17.779999,7.0,158.6,0.74,1.1,21.800001,136.8
-29.7775,29.470833,13-07-2015,30.400000000000002,27.56,13.36,3.7,157.8,0.96,1.5,29.300001,128.5
-29.744167,29.905833,13-07-2015,26.900000000000002,29.539999,15.889999,6.3,161.0,1.13,1.3,26.1,134.90001
-29.160278,26.573333,13-07-2015,10.0,33.69,15.73,0.4,220.1,2.05,0.5,9.5,210.6
-34.005833,22.351111,26-06-2012,15.4,25.1,16.0,8.1,139.6,0.61,0.8,16.4,123.200005
-34.005833,22.351111,18-07-2012,36.2,25.699999,16.94,7.0,153.1,0.65999997,1.8,35.600002,117.5
-29.1825,23.575556,13-07-2015,3.9000000000000004,37.02,18.25,0.0,236.40001,2.85,0.2,3.7,232.7
-25.127778,27.628889,14-07-2015,48.400000000000006,34.579998,18.93,3.1000001,203.40001,1.87,2.4000000000000004,46.100002,157.3
-24.39619444,27.08983333,14-07-2015,43.300000000000004,35.61,20.32,1.5,208.8,2.09,2.2,41.2,167.6
-24.69514,27.40906,14-07-2015,47.6,35.25,20.039999,1.9,210.1,2.02,2.4000000000000004,45.3,164.8
-28.69485,28.23487,14-07-2015,18.1,29.46,14.17,1.7,186.40001,1.3399999,0.9,17.300001,169.1
-34.005833,22.351111,05-04-2013,13.9,24.74,15.7,2.7,147.1,0.62,0.7000000000000001,13.3,133.8
-28.883333,27.89,14-07-2015,16.7,30.16,14.66,1.9,190.6,1.4399999,0.8,16.0,174.6
-34.005833,22.351111,04-07-2013,13.9,24.74,15.7,2.7,147.1,0.62,0.7000000000000001,13.3,133.8
-34.005833,22.351111,06-08-2013,85.5,26.099998,17.97,2.6000001,144.8,0.65999997,4.3,81.4,63.4
-24.183889,30.823889,15-07-2015,45.5,34.07,20.18,6.0,173.7,1.5799999,2.3000000000000003,43.7,130.0
-25.20639,27.558,15-07-2015,48.2,34.52,18.869999,2.6000001,204.40001,1.86,2.4000000000000004,45.9,158.5
-34.005833,22.351111,04-12-2013,85.5,26.099998,17.97,2.6000001,144.8,0.65999997,4.3,81.4,63.4
-34.005833,22.351111,22-01-2014,29.3,24.9,15.299999,1.7,146.0,0.65,1.5,27.9,118.1
-34.005833,22.351111,20-02-2014,29.3,24.9,15.299999,1.7,146.0,0.65,1.5,27.9,118.1
-22.769722,30.886944,15-07-2015,46.6,34.85,20.65,6.6,183.1,1.7199999,2.3000000000000003,44.8,138.3
-34.005833,22.351111,03-04-2014,29.3,24.9,15.299999,1.7,146.0,0.65,1.5,27.9,118.1
-28.404444,30.013056,15-07-2015,15.8,31.949999,16.32,3.0,181.5,1.4599999,0.8,15.2,166.3
-30.733889,29.828333,15-07-2015,29.6,28.769999,17.44,5.9,151.7,0.98999995,1.5,28.7,123.0
-30.160091,27.40124,15-07-2015,13.200000000000001,31.57,15.13,0.5,201.2,1.6999999,0.7000000000000001,12.6,188.6
-30.336111,27.359444,15-07-2015,13.4,31.58,14.67,0.6,201.5,1.68,0.7000000000000001,12.8,188.7
-29.615556,27.065278,15-07-2015,11.700000000000001,32.219997,15.049999,0.4,208.7,1.8199999,0.6000000000000001,11.1,197.6
-34.005833,22.351111,04-11-2014,24.3,26.66,16.82,1.6,160.40001,0.74,1.2000000000000002,23.1,137.3
-34.005833,22.351111,03-12-2014,24.3,26.66,16.82,1.6,160.40001,0.74,1.2000000000000002,23.1,137.3
-28.058889,30.373611,15-07-2015,22.8,30.81,15.37,3.6000001,176.40001,1.27,1.1,21.9,154.5
-30.830556,26.921389,16-07-2015,11.100000000000001,32.04,14.16,0.5,205.40001,1.73,0.6000000000000001,10.6,194.8
-34.005833,22.351111,10-04-2015,14.4,26.23,16.609999,2.5,156.5,0.76,0.7000000000000001,13.8,142.7
-27.937778,31.209444,16-07-2015,15.4,31.42,18.32,5.7000003,170.90001,1.29,0.8,15.1,155.8
-34.005833,22.351111,04-06-2015,14.4,26.23,16.609999,2.5,156.5,0.76,0.7000000000000001,13.8,142.7
-27.5275,30.858056,16-07-2015,29.900000000000002,29.97,16.4,5.3,166.3,1.11,1.5,28.9,137.40001
-30.13573889,30.67422222,16-07-2015,25.700000000000003,29.98,20.93,6.7000003,156.6,1.0,1.3,25.0,131.6
-30.398056,30.601944,16-07-2015,30.8,29.64,21.05,8.2,155.2,0.95,1.5,30.2,125.0
-27.02314,28.59389,16-07-2015,33.800000000000004,30.33,14.45,2.0,185.5,1.3199999,1.7000000000000002,32.2,153.3
-27.273889,28.49,16-07-2015,31.1,30.269999,14.389999,2.3,186.7,1.3299999,1.6,29.7,157.0
-27.935,26.126667,16-07-2015,12.9,34.219997,16.25,0.4,222.8,2.05,0.6000000000000001,12.2,210.6
-28.141944,26.417778,16-07-2015,13.3,33.989998,16.58,0.4,220.40001,2.04,0.7000000000000001,12.6,207.8
-28.1175,26.719444,16-07-2015,13.9,33.579998,16.869999,0.4,216.3,1.9799999,0.7000000000000001,13.2,203.1
-31.000833,26.353056,16-07-2015,7.9,31.769999,13.509999,0.3,208.7,1.74,0.4,7.5,201.2
-30.679722,26.7125,16-07-2015,9.9,32.93,14.69,0.4,211.40001,1.88,0.5,9.5,201.90001
-30.534167,24.961944,16-07-2015,3.0,34.48,15.87,0.0,229.2,2.28,0.2,2.9,226.3
-29.744167,29.905833,17-07-2015,26.900000000000002,29.539999,15.889999,6.3,161.0,1.13,1.3,26.1,134.90001
-27.902778,24.615556,17-07-2015,11.600000000000001,36.51,18.33,0.2,230.90001,2.61,0.6000000000000001,11.0,219.90001
-29.803611,30.516111,17-07-2015,22.400000000000002,29.349998,17.82,6.1,152.7,0.97999996,1.1,21.800001,130.90001
-27.01011111,26.69808333,20-07-2015,25.5,32.84,16.93,0.5,210.0,1.76,1.3,24.2,185.8
-29.140556,31.391944,20-07-2015,112.30000000000001,31.13,20.58,2.9,161.8,1.03,5.6000000000000005,106.8,55.0
-25.99136,27.84208,20-07-2015,46.0,31.01,16.18,2.9,187.6,1.41,2.3000000000000003,43.9,143.7
-26.648056,27.089444,20-07-2015,32.9,31.9,16.15,1.5,197.3,1.5699999,1.6,31.300001,166.0
-26.880278,26.965,20-07-2015,28.6,32.53,16.71,1.2,201.8,1.68,1.4000000000000001,27.300001,174.5
-26.73806,27.59194,20-07-2015,33.9,31.109999,15.799999,1.6,193.3,1.48,1.7000000000000002,32.3,161.0
-26.45,28.085833,20-07-2015,38.7,30.5,15.23,1.9,186.7,1.36,1.9000000000000001,36.9,149.8
-26.98472222,26.63227778,20-07-2015,26.200000000000003,32.93,17.02,0.5,207.8,1.77,1.3,24.9,182.90001
-32.502778,19.535833,20-07-2015,5.0,34.0,15.36,2.1000001,234.0,2.21,0.30000000000000004,5.0,229.0
-34.065833,20.404167,21-07-2015,11.8,31.42,17.529999,4.5,177.6,1.5699999,0.6000000000000001,11.7,165.90001
-31.860278,18.6875,21-07-2015,3.5,32.75,15.2699995,0.4,221.2,1.9,0.2,3.3,217.90001
-33.980556,21.653333,21-07-2015,11.100000000000001,28.8,15.86,0.7,166.7,1.13,0.6000000000000001,10.6,156.1
-26.006389,29.253889,21-07-2015,49.400000000000006,29.65,14.23,3.9,173.40001,1.18,2.5,47.2,126.200005
-28.801278,31.955389,21-07-2015,67.5,31.99,20.88,10.2,169.6,1.12,3.4000000000000004,66.1,103.5
-27.00222,28.76528,21-07-2015,34.300000000000004,30.07,14.29,2.0,183.40001,1.28,1.7000000000000002,32.7,150.7
-27.38972222,26.46388889,21-07-2015,19.5,33.79,17.06,0.5,219.6,1.9399999,1.0,18.5,201.1
-27.398611,26.614722,21-07-2015,19.8,33.59,17.07,0.5,218.2,1.91,1.0,18.800001,199.40001
-34.092222,21.295278,21-07-2015,13.100000000000001,29.34,16.34,3.2,173.5,1.2099999,0.7000000000000001,12.8,160.7
-31.5653,18.3306,21-07-2015,2.1,31.24,15.36,0.2,214.3,1.5799999,0.1,2.0,212.3
-27.4,26.624722,21-07-2015,19.8,33.59,17.07,0.5,218.2,1.91,1.0,18.800001,199.40001
-25.81048333,27.90955222,22-07-2015,46.800000000000004,31.99,17.13,3.0,191.90001,1.53,2.3000000000000003,44.7,147.2
-28.747778,31.745833,22-07-2015,104.7,32.66,21.02,8.5,171.40001,1.3,5.2,100.9,70.5
-26.970278,27.211111,22-07-2015,28.6,32.09,16.359999,1.3000001,199.8,1.63,1.4000000000000001,27.2,172.6
-26.880278,26.965,22-07-2015,28.6,32.53,16.71,1.2,201.8,1.68,1.4000000000000001,27.300001,174.5
-27.273889,28.49,22-07-2015,31.1,30.269999,14.389999,2.3,186.7,1.3299999,1.6,29.7,157.0
-28.141944,26.417778,22-07-2015,13.3,33.989998,16.58,0.4,220.40001,2.04,0.7000000000000001,12.6,207.8
-28.1175,26.719444,22-07-2015,13.9,33.579998,16.869999,0.4,216.3,1.9799999,0.7000000000000001,13.2,203.1
-34.250556,20.9925,22-07-2015,14.0,29.32,17.13,6.1,180.8,1.16,0.7000000000000001,14.0,166.8
-34.405833,19.600556,22-07-2015,17.0,26.47,15.74,8.8,163.0,0.93,0.9,18.0,145.0
-33.38056,19.30167,22-07-2015,13.3,29.369999,13.74,8.5,196.40001,1.48,0.7000000000000001,14.5,181.90001
-33.08883333,19.21878333,22-07-2015,11.0,28.91,12.849999,7.5,200.1,1.4599999,0.6000000000000001,11.900001,188.2
-24.95861111,29.39527778,23-07-2015,50.2,33.96,18.44,2.6000001,191.2,1.6899999,2.5,47.9,143.3
-33.7075,18.97444444,23-07-2015,17.5,31.14,16.73,11.7,203.1,1.5899999,0.9,19.1,184.0
-25.57877778,29.12747222,23-07-2015,50.2,32.3,16.31,3.4,186.90001,1.51,2.5,48.0,138.90001
-33.897778,20.012778,23-07-2015,11.4,31.66,16.289999,4.7000003,195.6,1.64,0.6000000000000001,11.6,184.0
-26.619444,27.980833,27-07-2015,36.6,30.92,15.65,1.8000001,190.0,1.43,1.8,34.9,155.1
-25.127778,27.628889,28-07-2015,48.400000000000006,34.579998,18.93,3.1000001,203.40001,1.87,2.4000000000000004,46.100002,157.3
-25.20639,27.558,28-07-2015,48.2,34.52,18.869999,2.6000001,204.40001,1.86,2.4000000000000004,45.9,158.5
-24.69514,27.40906,28-07-2015,47.6,35.25,20.039999,1.9,210.1,2.02,2.4000000000000004,45.3,164.8
-28.44555556,32.325,25-08-2015,13.5,31.01,21.119999,10.3,162.3,1.02,0.7000000000000001,14.7,147.6
-27.169444,29.233889,28-07-2015,34.4,29.41,13.78,1.8000001,177.0,1.16,1.7000000000000002,32.8,144.2
-27.935,26.126667,28-07-2015,12.9,34.219997,16.25,0.4,222.8,2.05,0.6000000000000001,12.2,210.6
-28.141944,26.417778,28-07-2015,13.3,33.989998,16.58,0.4,220.40001,2.04,0.7000000000000001,12.6,207.8
-28.1175,26.719444,28-07-2015,13.9,33.579998,16.869999,0.4,216.3,1.9799999,0.7000000000000001,13.2,203.1
-27.398611,26.614722,28-07-2015,19.8,33.59,17.07,0.5,218.2,1.91,1.0,18.800001,199.40001
-27.671111,27.236944,28-07-2015,19.0,32.93,16.3,0.5,209.5,1.8,1.0,18.1,191.40001
-28.69485,28.23487,28-07-2015,18.1,29.46,14.17,1.7,186.40001,1.3399999,0.9,17.300001,169.1
-33.501667,21.624167,28-07-2015,9.0,29.73,13.429999,0.1,189.6,1.4,0.5,8.6,181.0
-33.31388889,19.07472222,28-07-2015,12.9,31.99,16.23,10.900001,207.5,1.76,0.6000000000000001,14.6,192.90001
-28.338333,31.373611,28-07-2015,37.0,31.349998,18.449999,4.4,164.90001,1.2099999,1.9000000000000001,35.5,129.40001
-28.068333,31.55,28-07-2015,14.0,33.53,20.9,4.5,176.1,1.5799999,0.7000000000000001,13.6,162.5
-28.308889,31.9025,28-07-2015,21.6,33.18,21.49,8.2,171.8,1.4699999,1.1,21.9,149.90001
-27.4,26.624722,28-07-2015,19.8,33.59,17.07,0.5,218.2,1.91,1.0,18.800001,199.40001
-29.161667,23.696389,29-07-2015,4.3,37.1,18.199999,0.0,232.1,2.85,0.2,4.1,228.0
-27.602222,29.942778,29-07-2015,35.0,31.789999,15.66,3.5,185.90001,1.42,1.7000000000000002,33.5,152.40001
-27.802778,28.768333,29-07-2015,27.900000000000002,29.769999,13.71,2.0,181.8,1.26,1.4000000000000001,26.6,155.2
-33.13083,18.86278,29-07-2015,10.700000000000001,32.559998,16.93,10.0,209.90001,1.8499999,0.5,12.3,197.6
-26.03611,30.99778,30-07-2015,51.1,31.39,18.43,11.1,173.3,1.3399999,2.6,49.600002,123.700005
-28.75,30.442778,30-07-2015,15.600000000000001,33.11,18.56,2.8,181.40001,1.55,0.8,15.0,166.40001
-29.161667,30.629722,30-07-2015,17.6,28.789999,15.98,5.1,155.0,0.95,0.9,17.1,137.90001
-27.02314,28.59389,30-07-2015,33.800000000000004,30.33,14.45,2.0,185.5,1.3199999,1.7000000000000002,32.2,153.3
-27.273889,28.49,30-07-2015,31.1,30.269999,14.389999,2.3,186.7,1.3299999,1.6,29.7,157.0
-27.4275,28.525833,30-07-2015,29.900000000000002,30.179998,14.21,2.3,186.1,1.31,1.5,28.6,157.5
-27.3,28.586944,30-07-2015,31.1,30.24,14.28,2.3,185.6,1.31,1.6,29.7,155.90001
-27.573056,24.746389,30-07-2015,14.0,36.17,18.08,0.3,235.0,2.5,0.7000000000000001,13.3,221.7
-28.460833,21.248889,30-07-2015,0.7000000000000001,37.76,19.65,0.0,246.8,3.23,0.0,0.7,246.1
-32.94583,18.33667,30-07-2015,7.2,29.56,15.79,5.9,198.90001,1.35,0.4,7.8,191.1
-29.641944,30.6875,31-07-2015,16.8,30.349998,19.5,6.0,158.7,1.0699999,0.8,16.4,142.3
-24.95861111,29.39527778,31-07-2015,50.2,33.96,18.44,2.6000001,191.2,1.6899999,2.5,47.9,143.3
-28.141944,26.417778,31-07-2015,13.3,33.989998,16.58,0.4,220.40001,2.04,0.7000000000000001,12.6,207.8
-28.1175,26.719444,31-07-2015,13.9,33.579998,16.869999,0.4,216.3,1.9799999,0.7000000000000001,13.2,203.1
-27.902778,24.615556,31-07-2015,11.600000000000001,36.51,18.33,0.2,230.90001,2.61,0.6000000000000001,11.0,219.90001
-25.99136,27.84208,03-08-2015,46.0,31.01,16.18,2.9,187.6,1.41,2.3000000000000003,43.9,143.7
-26.73806,27.59194,03-08-2015,33.9,31.109999,15.799999,1.6,193.3,1.48,1.7000000000000002,32.3,161.0
-26.45,28.085833,03-08-2015,38.7,30.5,15.23,1.9,186.7,1.36,1.9000000000000001,36.9,149.8
-29.160278,26.573333,03-08-2015,10.0,33.69,15.73,0.4,220.1,2.05,0.5,9.5,210.6
-31.396,29.2651,03-08-2015,27.8,29.199999,19.42,5.2000003,155.7,1.01,1.4000000000000001,27.1,128.6
-31.554722,29.245556,03-08-2015,29.700000000000003,27.93,18.41,4.8,145.2,0.82,1.5,28.7,116.5
-26.861111,28.884722,04-08-2015,35.800000000000004,29.83,14.12,2.2,182.40001,1.24,1.8,34.100002,148.3
-27.00222,28.76528,04-08-2015,34.300000000000004,30.07,14.29,2.0,183.40001,1.28,1.7000000000000002,32.7,150.7
-26.970278,27.211111,04-08-2015,28.6,32.09,16.359999,1.3000001,199.8,1.63,1.4000000000000001,27.2,172.6
-26.880278,26.965,04-08-2015,28.6,32.53,16.71,1.2,201.8,1.68,1.4000000000000001,27.300001,174.5
-28.69485,28.23487,04-08-2015,18.1,29.46,14.17,1.7,186.40001,1.3399999,0.9,17.300001,169.1
-29.615556,27.065278,04-08-2015,11.700000000000001,32.219997,15.049999,0.4,208.7,1.8199999,0.6000000000000001,11.1,197.6
-28.883333,27.89,04-08-2015,16.7,30.16,14.66,1.9,190.6,1.4399999,0.8,16.0,174.6
-30.568333,29.422778,04-08-2015,25.400000000000002,28.07,13.9,4.0,157.8,1.0,1.3,24.5,133.3
-30.570833,29.150556,04-08-2015,25.5,27.92,13.75,2.6000001,159.7,1.04,1.3,24.4,135.3
-31.104278,29.399722,04-08-2015,28.0,29.029999,18.07,5.0,154.2,1.02,1.4000000000000001,27.1,127.1
-34.031944,22.053333,04-08-2015,12.200000000000001,27.359999,16.42,1.0,162.7,0.9,0.6000000000000001,11.6,151.1
-34.039722,22.133333,04-08-2015,12.4,27.189999,16.779999,1.0,161.8,0.85999995,0.6000000000000001,11.8,150.0
-25.45963889,28.26430556,04-08-2015,49.300000000000004,32.93,17.21,3.7,192.90001,1.5999999,2.5,47.100002,145.8
-27.01011111,26.69808333,05-08-2015,25.5,32.84,16.93,0.5,210.0,1.76,1.3,24.2,185.8
-25.81048333,27.90955222,05-08-2015,46.800000000000004,31.99,17.13,3.0,191.90001,1.53,2.3000000000000003,44.7,147.2
-24.670833,28.560833,05-08-2015,59.1,32.86,17.25,4.8,187.5,1.56,3.0,56.5,131.0
-25.73411,27.21422,05-08-2015,47.300000000000004,32.07,16.109999,1.9,194.2,1.54,2.4000000000000004,45.0,149.2
-26.648056,27.089444,05-08-2015,32.9,31.9,16.15,1.5,197.3,1.5699999,1.6,31.300001,166.0
-26.98472222,26.63227778,05-08-2015,26.200000000000003,32.93,17.02,0.5,207.8,1.77,1.3,24.9,182.90001
-27.935,26.126667,05-08-2015,12.9,34.219997,16.25,0.4,222.8,2.05,0.6000000000000001,12.2,210.6
-30.160091,27.40124,05-08-2015,13.200000000000001,31.57,15.13,0.5,201.2,1.6999999,0.7000000000000001,12.6,188.6
-30.336111,27.359444,05-08-2015,13.4,31.58,14.67,0.6,201.5,1.68,0.7000000000000001,12.8,188.7
-28.768056,20.720556,05-08-2015,0.8,38.129997,19.21,0.0,253.7,3.28,0.0,0.7,253.0
-31.031389,28.883333,05-08-2015,26.6,29.039999,16.16,2.3,161.1,1.12,1.3,25.300001,135.8
-30.86013889,29.07125,05-08-2015,25.700000000000003,29.439999,16.63,2.1000001,161.8,1.16,1.3,24.5,137.3
-30.77586667,29.03221667,05-08-2015,25.700000000000003,29.39,16.359999,2.0,162.90001,1.18,1.3,24.5,138.40001
-34.02861,22.22222,05-08-2015,13.3,26.75,16.55,1.1,159.2,0.79999995,0.7000000000000001,12.7,146.5
-30.830556,26.921389,06-08-2015,11.100000000000001,32.04,14.16,0.5,205.40001,1.73,0.6000000000000001,10.6,194.8
-22.769722,30.886944,06-08-2015,46.6,34.85,20.65,6.6,183.1,1.7199999,2.3000000000000003,44.8,138.3
-26.905,32.324722,06-08-2015,18.400000000000002,34.71,20.609999,3.2,175.0,1.56,0.9,17.6,157.40001
-28.141944,26.417778,06-08-2015,13.3,33.989998,16.58,0.4,220.40001,2.04,0.7000000000000001,12.6,207.8
-31.000833,26.353056,06-08-2015,7.9,31.769999,13.509999,0.3,208.7,1.74,0.4,7.5,201.2
-30.679722,26.7125,06-08-2015,9.9,32.93,14.69,0.4,211.40001,1.88,0.5,9.5,201.90001
-30.534167,24.961944,06-08-2015,3.0,34.48,15.87,0.0,229.2,2.28,0.2,2.9,226.3
-23.658056,31.05,07-08-2015,36.1,34.719997,20.8,5.5,177.1,1.68,1.8,34.7,142.40001
-23.838611,31.640833,07-08-2015,38.400000000000006,35.579998,21.16,8.5,181.2,1.8,1.9000000000000001,37.100002,144.1
-24.058889,31.237222,07-08-2015,42.0,34.55,20.73,6.9,174.1,1.64,2.1,40.4,133.7
-29.7775,29.470833,10-08-2015,30.400000000000002,27.56,13.36,3.7,157.8,0.96,1.5,29.300001,128.5
-29.987778,29.851667,10-08-2015,28.3,28.689999,15.299999,6.9,155.3,1.01,1.4000000000000001,27.6,127.700005
-24.69514,27.40906,11-08-2015,47.6,35.25,20.039999,1.9,210.1,2.02,2.4000000000000004,45.3,164.8
-24.99328,30.81444,11-08-2015,64.60000000000001,27.31,14.16,15.2,149.90001,0.79999995,3.2,63.100002,86.8
-30.733889,29.828333,11-08-2015,29.6,28.769999,17.44,5.9,151.7,0.98999995,1.5,28.7,123.0
-25.127778,27.628889,12-08-2015,48.400000000000006,34.579998,18.93,3.1000001,203.40001,1.87,2.4000000000000004,46.100002,157.3
-25.20639,27.558,12-08-2015,48.2,34.52,18.869999,2.6000001,204.40001,1.86,2.4000000000000004,45.9,158.5
-24.768889,31.39,12-08-2015,44.400000000000006,32.989998,19.76,8.2,166.0,1.4,2.2,42.8,123.200005
-24.9675,31.516667,12-08-2015,39.0,33.34,20.41,8.2,167.90001,1.4699999,1.9000000000000001,37.7,130.2
-27.937778,31.209444,12-08-2015,15.4,31.42,18.32,5.7000003,170.90001,1.29,0.8,15.1,155.8
-28.404444,30.013056,12-08-2015,15.8,31.949999,16.32,3.0,181.5,1.4599999,0.8,15.2,166.3
-30.398056,30.601944,12-08-2015,30.8,29.64,21.05,8.2,155.2,0.95,1.5,30.2,125.0
-28.141944,26.417778,12-08-2015,13.3,33.989998,16.58,0.4,220.40001,2.04,0.7000000000000001,12.6,207.8
-28.1175,26.719444,12-08-2015,13.9,33.579998,16.869999,0.4,216.3,1.9799999,0.7000000000000001,13.2,203.1
-27.671111,27.236944,12-08-2015,19.0,32.93,16.3,0.5,209.5,1.8,1.0,18.1,191.40001
-28.058889,30.373611,12-08-2015,22.8,30.81,15.37,3.6000001,176.40001,1.27,1.1,21.9,154.5
-30.13573889,30.67422222,13-08-2015,25.700000000000003,29.98,20.93,6.7000003,156.6,1.0,1.3,25.0,131.6
-27.38972222,26.46388889,13-08-2015,19.5,33.79,17.06,0.5,219.6,1.9399999,1.0,18.5,201.1
-27.398611,26.614722,13-08-2015,19.8,33.59,17.07,0.5,218.2,1.91,1.0,18.800001,199.40001
-27.902778,24.615556,13-08-2015,11.600000000000001,36.51,18.33,0.2,230.90001,2.61,0.6000000000000001,11.0,219.90001
-27.4,26.624722,13-08-2015,19.8,33.59,17.07,0.5,218.2,1.91,1.0,18.800001,199.40001
-29.744167,29.905833,14-08-2015,26.900000000000002,29.539999,15.889999,6.3,161.0,1.13,1.3,26.1,134.90001
-29.380556,30.2775,17-08-2015,20.1,28.42,15.099999,5.7000003,152.7,0.93,1.0,19.5,133.2
-26.73806,27.59194,17-08-2015,33.9,31.109999,15.799999,1.6,193.3,1.48,1.7000000000000002,32.3,161.0
-26.45,28.085833,17-08-2015,38.7,30.5,15.23,1.9,186.7,1.36,1.9000000000000001,36.9,149.8
-28.760833,17.730278,18-08-2015,0.1,37.53,21.24,0.0,248.2,3.27,0.0,0.1,248.1
-29.140556,31.391944,18-08-2015,112.30000000000001,31.13,20.58,2.9,161.8,1.03,5.6000000000000005,106.8,55.0
-31.860278,18.6875,18-08-2015,3.5,32.75,15.2699995,0.4,221.2,1.9,0.2,3.3,217.90001
-24.679167,30.8025,18-08-2015,68.60000000000001,29.26,16.06,11.400001,162.7,1.06,3.4000000000000004,66.4,96.3
-25.99136,27.84208,18-08-2015,46.0,31.01,16.18,2.9,187.6,1.41,2.3000000000000003,43.9,143.7
-28.801278,31.955389,18-08-2015,67.5,31.99,20.88,10.2,169.6,1.12,3.4000000000000004,66.1,103.5
-27.937778,31.209444,18-08-2015,15.4,31.42,18.32,5.7000003,170.90001,1.29,0.8,15.1,155.8
-26.861111,28.884722,18-08-2015,35.800000000000004,29.83,14.12,2.2,182.40001,1.24,1.8,34.100002,148.3
-27.00222,28.76528,18-08-2015,34.300000000000004,30.07,14.29,2.0,183.40001,1.28,1.7000000000000002,32.7,150.7
-26.970278,27.211111,18-08-2015,28.6,32.09,16.359999,1.3000001,199.8,1.63,1.4000000000000001,27.2,172.6
-26.880278,26.965,18-08-2015,28.6,32.53,16.71,1.2,201.8,1.68,1.4000000000000001,27.300001,174.5
-30.160091,27.40124,18-08-2015,13.200000000000001,31.57,15.13,0.5,201.2,1.6999999,0.7000000000000001,12.6,188.6
-34.092222,21.295278,18-08-2015,13.100000000000001,29.34,16.34,3.2,173.5,1.2099999,0.7000000000000001,12.8,160.7
-33.818056,19.694722,18-08-2015,13.100000000000001,31.279999,15.929999,5.9,202.7,1.61,0.7000000000000001,13.6,189.1
-31.5653,18.3306,18-08-2015,2.1,31.24,15.36,0.2,214.3,1.5799999,0.1,2.0,212.3
-22.91028,29.61111,19-08-2015,44.0,33.36,19.38,3.6000001,179.1,1.5899999,2.2,42.100002,137.0
-25.73411,27.21422,19-08-2015,47.300000000000004,32.07,16.109999,1.9,194.2,1.54,2.4000000000000004,45.0,149.2
-26.006389,29.253889,19-08-2015,49.400000000000006,29.65,14.23,3.9,173.40001,1.18,2.5,47.2,126.200005
-24.058889,31.237222,19-08-2015,42.0,34.55,20.73,6.9,174.1,1.64,2.1,40.4,133.7
-28.747778,31.745833,19-08-2015,104.7,32.66,21.02,8.5,171.40001,1.3,5.2,100.9,70.5
-26.648056,27.089444,19-08-2015,32.9,31.9,16.15,1.5,197.3,1.5699999,1.6,31.300001,166.0
-27.273889,28.49,19-08-2015,31.1,30.269999,14.389999,2.3,186.7,1.3299999,1.6,29.7,157.0
-26.98472222,26.63227778,19-08-2015,26.200000000000003,32.93,17.02,0.5,207.8,1.77,1.3,24.9,182.90001
-33.38056,19.30167,19-08-2015,13.3,29.369999,13.74,8.5,196.40001,1.48,0.7000000000000001,14.5,181.90001
-25.45963889,28.26430556,19-08-2015,49.300000000000004,32.93,17.21,3.7,192.90001,1.5999999,2.5,47.100002,145.8
-25.81048333,27.90955222,20-08-2015,46.800000000000004,31.99,17.13,3.0,191.90001,1.53,2.3000000000000003,44.7,147.2
-24.183889,30.823889,20-08-2015,45.5,34.07,20.18,6.0,173.7,1.5799999,2.3000000000000003,43.7,130.0
-24.282222,28.090278,20-08-2015,51.400000000000006,32.87,17.83,4.8,187.3,1.5999999,2.6,49.2,138.1
-27.935,26.126667,20-08-2015,12.9,34.219997,16.25,0.4,222.8,2.05,0.6000000000000001,12.2,210.6
-28.141944,26.417778,20-08-2015,13.3,33.989998,16.58,0.4,220.40001,2.04,0.7000000000000001,12.6,207.8
-28.1175,26.719444,20-08-2015,13.9,33.579998,16.869999,0.4,216.3,1.9799999,0.7000000000000001,13.2,203.1
-33.7075,18.97444444,20-08-2015,17.5,31.14,16.73,11.7,203.1,1.5899999,0.9,19.1,184.0
-24.95861111,29.39527778,21-08-2015,50.2,33.96,18.44,2.6000001,191.2,1.6899999,2.5,47.9,143.3
-27.573056,24.746389,21-08-2015,14.0,36.17,18.08,0.3,235.0,2.5,0.7000000000000001,13.3,221.7
-29.380556,30.2775,22-08-2015,20.1,28.42,15.099999,5.7000003,152.7,0.93,1.0,19.5,133.2
-28.735556,29.820556,24-08-2015,15.8,32.219997,16.84,2.8,180.3,1.49,0.8,15.2,165.1
-28.308889,31.9025,24-08-2015,21.6,33.18,21.49,8.2,171.8,1.4699999,1.1,21.9,149.90001
-34.065833,20.404167,25-08-2015,11.8,31.42,17.529999,4.5,177.6,1.5699999,0.6000000000000001,11.7,165.90001
-25.127778,27.628889,25-08-2015,48.400000000000006,34.579998,18.93,3.1000001,203.40001,1.87,2.4000000000000004,46.100002,157.3
-25.20639,27.558,25-08-2015,48.2,34.52,18.869999,2.6000001,204.40001,1.86,2.4000000000000004,45.9,158.5
-28.44555556,32.325,21-09-2015,13.5,31.01,21.119999,10.3,162.3,1.02,0.7000000000000001,14.7,147.6
-26.619444,27.980833,25-08-2015,36.6,30.92,15.65,1.8000001,190.0,1.43,1.8,34.9,155.1
-26.510278,28.351389,25-08-2015,39.2,30.359999,14.49,2.3,183.8,1.3199999,2.0,37.3,146.5
-27.671111,27.236944,25-08-2015,19.0,32.93,16.3,0.5,209.5,1.8,1.0,18.1,191.40001
-33.501667,21.624167,25-08-2015,9.0,29.73,13.429999,0.1,189.6,1.4,0.5,8.6,181.0
-33.31388889,19.07472222,25-08-2015,12.9,31.99,16.23,10.900001,207.5,1.76,0.6000000000000001,14.6,192.90001
-28.068333,31.55,25-08-2015,14.0,33.53,20.9,4.5,176.1,1.5799999,0.7000000000000001,13.6,162.5
-29.161667,23.696389,26-08-2015,4.3,37.1,18.199999,0.0,232.1,2.85,0.2,4.1,228.0
-28.7115,24.07288889,26-08-2015,6.7,36.8,18.039999,0.2,231.5,2.74,0.30000000000000004,6.4,225.1
-29.641944,30.6875,26-08-2015,16.8,30.349998,19.5,6.0,158.7,1.0699999,0.8,16.4,142.3
-27.169444,29.233889,26-08-2015,34.4,29.41,13.78,1.8000001,177.0,1.16,1.7000000000000002,32.8,144.2
-27.802778,28.768333,26-08-2015,27.900000000000002,29.769999,13.71,2.0,181.8,1.26,1.4000000000000001,26.6,155.2
-27.398611,26.614722,26-08-2015,19.8,33.59,17.07,0.5,218.2,1.91,1.0,18.800001,199.40001
-34.405833,19.600556,26-08-2015,17.0,26.47,15.74,8.8,163.0,0.93,0.9,18.0,145.0
-33.13083,18.86278,26-08-2015,10.700000000000001,32.559998,16.93,10.0,209.90001,1.8499999,0.5,12.3,197.6
-27.4,26.624722,26-08-2015,19.8,33.59,17.07,0.5,218.2,1.91,1.0,18.800001,199.40001
-27.602222,29.942778,27-08-2015,35.0,31.789999,15.66,3.5,185.90001,1.42,1.7000000000000002,33.5,152.40001
-28.75,30.442778,27-08-2015,15.600000000000001,33.11,18.56,2.8,181.40001,1.55,0.8,15.0,166.40001
-29.161667,30.629722,27-08-2015,17.6,28.789999,15.98,5.1,155.0,0.95,0.9,17.1,137.90001
-32.94583,18.33667,27-08-2015,7.2,29.56,15.79,5.9,198.90001,1.35,0.4,7.8,191.1
-23.838611,31.640833,28-08-2015,38.400000000000006,35.579998,21.16,8.5,181.2,1.8,1.9000000000000001,37.100002,144.1
-24.058889,31.237222,28-08-2015,42.0,34.55,20.73,6.9,174.1,1.64,2.1,40.4,133.7
-29.744167,29.905833,28-08-2015,26.900000000000002,29.539999,15.889999,6.3,161.0,1.13,1.3,26.1,134.90001
-29.1825,23.575556,29-08-2015,3.9000000000000004,37.02,18.25,0.0,236.40001,2.85,0.2,3.7,232.7
-25.99136,27.84208,31-08-2015,46.0,31.01,16.18,2.9,187.6,1.41,2.3000000000000003,43.9,143.7
-26.73806,27.59194,31-08-2015,33.9,31.109999,15.799999,1.6,193.3,1.48,1.7000000000000002,32.3,161.0
-26.45,28.085833,31-08-2015,38.7,30.5,15.23,1.9,186.7,1.36,1.9000000000000001,36.9,149.8
-27.363611,31.783333,01-09-2015,16.8,33.2,20.109999,7.6,170.5,1.4399999,0.8,16.5,154.0
-26.861111,28.884722,01-09-2015,35.800000000000004,29.83,14.12,2.2,182.40001,1.24,1.8,34.100002,148.3
-27.00222,28.76528,01-09-2015,34.300000000000004,30.07,14.29,2.0,183.40001,1.28,1.7000000000000002,32.7,150.7
-26.970278,27.211111,01-09-2015,28.6,32.09,16.359999,1.3000001,199.8,1.63,1.4000000000000001,27.2,172.6
-27.273889,28.49,01-09-2015,31.1,30.269999,14.389999,2.3,186.7,1.3299999,1.6,29.7,157.0
-27.4275,28.525833,01-09-2015,29.900000000000002,30.179998,14.21,2.3,186.1,1.31,1.5,28.6,157.5
-27.3,28.586944,01-09-2015,31.1,30.24,14.28,2.3,185.6,1.31,1.6,29.7,155.90001
-27.935,26.126667,01-09-2015,12.9,34.219997,16.25,0.4,222.8,2.05,0.6000000000000001,12.2,210.6
-31.396,29.2651,01-09-2015,27.8,29.199999,19.42,5.2000003,155.7,1.01,1.4000000000000001,27.1,128.6
-31.554722,29.245556,01-09-2015,29.700000000000003,27.93,18.41,4.8,145.2,0.82,1.5,28.7,116.5
-34.005833,22.351111,01-09-2015,14.4,26.23,16.609999,2.5,156.5,0.76,0.7000000000000001,13.8,142.7
-25.45963889,28.26430556,01-09-2015,49.300000000000004,32.93,17.21,3.7,192.90001,1.5999999,2.5,47.100002,145.8
-25.447222,30.711667,01-09-2015,48.800000000000004,30.82,17.5,12.7,167.0,1.18,2.4000000000000004,47.4,119.6
-27.01011111,26.69808333,02-09-2015,25.5,32.84,16.93,0.5,210.0,1.76,1.3,24.2,185.8
-25.81048333,27.90955222,02-09-2015,46.800000000000004,31.99,17.13,3.0,191.90001,1.53,2.3000000000000003,44.7,147.2
-25.436111,31.982222,02-09-2015,29.3,33.91,19.6,9.2,164.6,1.43,1.5,28.6,136.0
-23.658056,31.05,02-09-2015,36.1,34.719997,20.8,5.5,177.1,1.68,1.8,34.7,142.40001
-25.681111,31.783333,02-09-2015,31.700000000000003,32.89,19.38,8.8,165.1,1.29,1.6,30.7,134.40001
-25.362222,31.956667,02-09-2015,29.6,33.3,19.289999,9.0,162.1,1.3199999,1.5,28.800001,133.3
-27.02314,28.59389,02-09-2015,33.800000000000004,30.33,14.45,2.0,185.5,1.3199999,1.7000000000000002,32.2,153.3
-26.648056,27.089444,02-09-2015,32.9,31.9,16.15,1.5,197.3,1.5699999,1.6,31.300001,166.0
-27.273889,28.49,02-09-2015,31.1,30.269999,14.389999,2.3,186.7,1.3299999,1.6,29.7,157.0
-27.4275,28.525833,02-09-2015,29.900000000000002,30.179998,14.21,2.3,186.1,1.31,1.5,28.6,157.5
-27.3,28.586944,02-09-2015,31.1,30.24,14.28,2.3,185.6,1.31,1.6,29.7,155.90001
-30.570833,29.150556,02-09-2015,25.5,27.92,13.75,2.6000001,159.7,1.04,1.3,24.4,135.3
-31.104278,29.399722,02-09-2015,28.0,29.029999,18.07,5.0,154.2,1.02,1.4000000000000001,27.1,127.1
-30.77586667,29.03221667,02-09-2015,25.700000000000003,29.39,16.359999,2.0,162.90001,1.18,1.3,24.5,138.40001
-34.031944,22.053333,02-09-2015,12.200000000000001,27.359999,16.42,1.0,162.7,0.9,0.6000000000000001,11.6,151.1
-29.641944,30.6875,03-09-2015,16.8,30.349998,19.5,6.0,158.7,1.0699999,0.8,16.4,142.3
-25.398889,31.610556,03-09-2015,34.300000000000004,32.63,19.699999,8.8,162.90001,1.3,1.7000000000000002,33.3,129.6
-27.802778,28.768333,03-09-2015,27.900000000000002,29.769999,13.71,2.0,181.8,1.26,1.4000000000000001,26.6,155.2
-27.935,26.126667,03-09-2015,12.9,34.219997,16.25,0.4,222.8,2.05,0.6000000000000001,12.2,210.6
-28.141944,26.417778,03-09-2015,13.3,33.989998,16.58,0.4,220.40001,2.04,0.7000000000000001,12.6,207.8
-30.679722,26.7125,03-09-2015,9.9,32.93,14.69,0.4,211.40001,1.88,0.5,9.5,201.90001
-30.568333,29.422778,03-09-2015,25.400000000000002,28.07,13.9,4.0,157.8,1.0,1.3,24.5,133.3
-31.031389,28.883333,03-09-2015,26.6,29.039999,16.16,2.3,161.1,1.12,1.3,25.300001,135.8
-30.86013889,29.07125,03-09-2015,25.700000000000003,29.439999,16.63,2.1000001,161.8,1.16,1.3,24.5,137.3
-29.987778,29.851667,07-09-2015,28.3,28.689999,15.299999,6.9,155.3,1.01,1.4000000000000001,27.6,127.700005
-29.744167,29.905833,07-09-2015,26.900000000000002,29.539999,15.889999,6.3,161.0,1.13,1.3,26.1,134.90001
-29.160278,26.573333,07-09-2015,10.0,33.69,15.73,0.4,220.1,2.05,0.5,9.5,210.6
-25.57877778,29.12747222,07-09-2015,50.2,32.3,16.31,3.4,186.90001,1.51,2.5,48.0,138.90001
-22.225556,29.990556,08-09-2015,29.700000000000003,35.86,22.09,0.2,192.8,2.03,1.5,28.2,164.6
-22.91028,29.61111,08-09-2015,44.0,33.36,19.38,3.6000001,179.1,1.5899999,2.2,42.100002,137.0
-25.127778,27.628889,08-09-2015,48.400000000000006,34.579998,18.93,3.1000001,203.40001,1.87,2.4000000000000004,46.100002,157.3
-25.20639,27.558,08-09-2015,48.2,34.52,18.869999,2.6000001,204.40001,1.86,2.4000000000000004,45.9,158.5
-24.69514,27.40906,08-09-2015,47.6,35.25,20.039999,1.9,210.1,2.02,2.4000000000000004,45.3,164.8
-23.838611,31.640833,08-09-2015,38.400000000000006,35.579998,21.16,8.5,181.2,1.8,1.9000000000000001,37.100002,144.1
-26.006389,29.253889,08-09-2015,49.400000000000006,29.65,14.23,3.9,173.40001,1.18,2.5,47.2,126.200005
-30.733889,29.828333,08-09-2015,29.6,28.769999,17.44,5.9,151.7,0.98999995,1.5,28.7,123.0
-29.7775,29.470833,08-09-2015,30.400000000000002,27.56,13.36,3.7,157.8,0.96,1.5,29.300001,128.5
-28.141944,26.417778,08-09-2015,13.3,33.989998,16.58,0.4,220.40001,2.04,0.7000000000000001,12.6,207.8
-27.671111,27.236944,08-09-2015,19.0,32.93,16.3,0.5,209.5,1.8,1.0,18.1,191.40001
-28.69485,28.23487,08-09-2015,18.1,29.46,14.17,1.7,186.40001,1.3399999,0.9,17.300001,169.1
-29.615556,27.065278,08-09-2015,11.700000000000001,32.219997,15.049999,0.4,208.7,1.8199999,0.6000000000000001,11.1,197.6
-28.883333,27.89,08-09-2015,16.7,30.16,14.66,1.9,190.6,1.4399999,0.8,16.0,174.6
-24.058889,31.237222,09-09-2015,42.0,34.55,20.73,6.9,174.1,1.64,2.1,40.4,133.7
-27.937778,31.209444,09-09-2015,15.4,31.42,18.32,5.7000003,170.90001,1.29,0.8,15.1,155.8
-28.404444,30.013056,09-09-2015,15.8,31.949999,16.32,3.0,181.5,1.4599999,0.8,15.2,166.3
-30.398056,30.601944,09-09-2015,30.8,29.64,21.05,8.2,155.2,0.95,1.5,30.2,125.0
-27.398611,26.614722,09-09-2015,19.8,33.59,17.07,0.5,218.2,1.91,1.0,18.800001,199.40001
-30.160091,27.40124,09-09-2015,13.200000000000001,31.57,15.13,0.5,201.2,1.6999999,0.7000000000000001,12.6,188.6
-30.336111,27.359444,09-09-2015,13.4,31.58,14.67,0.6,201.5,1.68,0.7000000000000001,12.8,188.7
-28.058889,30.373611,09-09-2015,22.8,30.81,15.37,3.6000001,176.40001,1.27,1.1,21.9,154.5
-27.4,26.624722,09-09-2015,19.8,33.59,17.07,0.5,218.2,1.91,1.0,18.800001,199.40001
-29.161667,23.696389,10-09-2015,4.3,37.1,18.199999,0.0,232.1,2.85,0.2,4.1,228.0
-30.830556,26.921389,10-09-2015,11.100000000000001,32.04,14.16,0.5,205.40001,1.73,0.6000000000000001,10.6,194.8
-24.282222,28.090278,10-09-2015,51.400000000000006,32.87,17.83,4.8,187.3,1.5999999,2.6,49.2,138.1
-22.769722,30.886944,10-09-2015,46.6,34.85,20.65,6.6,183.1,1.7199999,2.3000000000000003,44.8,138.3
-27.5275,30.858056,10-09-2015,29.900000000000002,29.97,16.4,5.3,166.3,1.11,1.5,28.9,137.40001
-30.13573889,30.67422222,10-09-2015,25.700000000000003,29.98,20.93,6.7000003,156.6,1.0,1.3,25.0,131.6
-31.000833,26.353056,10-09-2015,7.9,31.769999,13.509999,0.3,208.7,1.74,0.4,7.5,201.2
-30.679722,26.7125,10-09-2015,9.9,32.93,14.69,0.4,211.40001,1.88,0.5,9.5,201.90001
-30.534167,24.961944,10-09-2015,3.0,34.48,15.87,0.0,229.2,2.28,0.2,2.9,226.3
-24.95861111,29.39527778,11-09-2015,50.2,33.96,18.44,2.6000001,191.2,1.6899999,2.5,47.9,143.3
-29.744167,29.905833,11-09-2015,26.900000000000002,29.539999,15.889999,6.3,161.0,1.13,1.3,26.1,134.90001
-27.573056,24.746389,11-09-2015,14.0,36.17,18.08,0.3,235.0,2.5,0.7000000000000001,13.3,221.7
-29.651389,22.746389,11-09-2015,2.1,37.05,19.119999,0.0,248.3,2.98,0.1,2.0,246.3
-29.1825,23.575556,11-09-2015,3.9000000000000004,37.02,18.25,0.0,236.40001,2.85,0.2,3.7,232.7
-29.803611,30.516111,11-09-2015,22.400000000000002,29.349998,17.82,6.1,152.7,0.97999996,1.1,21.800001,130.90001
-26.73806,27.59194,14-09-2015,33.9,31.109999,15.799999,1.6,193.3,1.48,1.7000000000000002,32.3,161.0
-26.45,28.085833,14-09-2015,38.7,30.5,15.23,1.9,186.7,1.36,1.9000000000000001,36.9,149.8
-32.502778,19.535833,14-09-2015,5.0,34.0,15.36,2.1000001,234.0,2.21,0.30000000000000004,5.0,229.0
-29.140556,31.391944,15-09-2015,112.30000000000001,31.13,20.58,2.9,161.8,1.03,5.6000000000000005,106.8,55.0
-31.860278,18.6875,15-09-2015,3.5,32.75,15.2699995,0.4,221.2,1.9,0.2,3.3,217.90001
-24.679167,30.8025,15-09-2015,68.60000000000001,29.26,16.06,11.400001,162.7,1.06,3.4000000000000004,66.4,96.3
-28.801278,31.955389,15-09-2015,67.5,31.99,20.88,10.2,169.6,1.12,3.4000000000000004,66.1,103.5
-26.861111,28.884722,15-09-2015,35.800000000000004,29.83,14.12,2.2,182.40001,1.24,1.8,34.100002,148.3
-27.00222,28.76528,15-09-2015,34.300000000000004,30.07,14.29,2.0,183.40001,1.28,1.7000000000000002,32.7,150.7
-26.970278,27.211111,15-09-2015,28.6,32.09,16.359999,1.3000001,199.8,1.63,1.4000000000000001,27.2,172.6
-26.880278,26.965,15-09-2015,28.6,32.53,16.71,1.2,201.8,1.68,1.4000000000000001,27.300001,174.5
-34.092222,21.295278,15-09-2015,13.100000000000001,29.34,16.34,3.2,173.5,1.2099999,0.7000000000000001,12.8,160.7
-34.075556,20.145556,15-09-2015,12.700000000000001,30.89,16.68,5.3,182.5,1.53,0.6000000000000001,12.900001,169.6
-32.595833,19.009444,15-09-2015,6.6000000000000005,33.96,15.69,7.7000003,221.2,2.07,0.30000000000000004,7.5,213.7
-25.45963889,28.26430556,15-09-2015,49.300000000000004,32.93,17.21,3.7,192.90001,1.5999999,2.5,47.100002,145.8
-27.01011111,26.69808333,16-09-2015,25.5,32.84,16.93,0.5,210.0,1.76,1.3,24.2,185.8
-25.81048333,27.90955222,16-09-2015,46.800000000000004,31.99,17.13,3.0,191.90001,1.53,2.3000000000000003,44.7,147.2
-29.641944,30.6875,16-09-2015,16.8,30.349998,19.5,6.0,158.7,1.0699999,0.8,16.4,142.3
-24.670833,28.560833,16-09-2015,59.1,32.86,17.25,4.8,187.5,1.56,3.0,56.5,131.0
-24.058889,31.237222,16-09-2015,42.0,34.55,20.73,6.9,174.1,1.64,2.1,40.4,133.7
-26.648056,27.089444,16-09-2015,32.9,31.9,16.15,1.5,197.3,1.5699999,1.6,31.300001,166.0
-26.98472222,26.63227778,16-09-2015,26.200000000000003,32.93,17.02,0.5,207.8,1.77,1.3,24.9,182.90001
-34.250556,20.9925,16-09-2015,14.0,29.32,17.13,6.1,180.8,1.16,0.7000000000000001,14.0,166.8
-33.38056,19.30167,16-09-2015,13.3,29.369999,13.74,8.5,196.40001,1.48,0.7000000000000001,14.5,181.90001
-24.183889,30.823889,17-09-2015,45.5,34.07,20.18,6.0,173.7,1.5799999,2.3000000000000003,43.7,130.0
-26.03611,30.99778,17-09-2015,51.1,31.39,18.43,11.1,173.3,1.3399999,2.6,49.600002,123.700005
-28.747778,31.745833,17-09-2015,104.7,32.66,21.02,8.5,171.40001,1.3,5.2,100.9,70.5
-27.935,26.126667,17-09-2015,12.9,34.219997,16.25,0.4,222.8,2.05,0.6000000000000001,12.2,210.6
-28.141944,26.417778,17-09-2015,13.3,33.989998,16.58,0.4,220.40001,2.04,0.7000000000000001,12.6,207.8
-33.7075,18.97444444,17-09-2015,17.5,31.14,16.73,11.7,203.1,1.5899999,0.9,19.1,184.0
-28.44555556,32.325,20-10-2015,13.5,31.01,21.119999,10.3,162.3,1.02,0.7000000000000001,14.7,147.6
-28.735556,29.820556,21-09-2015,15.8,32.219997,16.84,2.8,180.3,1.49,0.8,15.2,165.1
-26.648056,27.089444,21-09-2015,32.9,31.9,16.15,1.5,197.3,1.5699999,1.6,31.300001,166.0
-26.619444,27.980833,21-09-2015,36.6,30.92,15.65,1.8000001,190.0,1.43,1.8,34.9,155.1
-26.510278,28.351389,21-09-2015,39.2,30.359999,14.49,2.3,183.8,1.3199999,2.0,37.3,146.5
-33.501667,21.624167,21-09-2015,9.0,29.73,13.429999,0.1,189.6,1.4,0.5,8.6,181.0
-28.338333,31.373611,21-09-2015,37.0,31.349998,18.449999,4.4,164.90001,1.2099999,1.9000000000000001,35.5,129.40001
-28.068333,31.55,21-09-2015,14.0,33.53,20.9,4.5,176.1,1.5799999,0.7000000000000001,13.6,162.5
-28.308889,31.9025,21-09-2015,21.6,33.18,21.49,8.2,171.8,1.4699999,1.1,21.9,149.90001
-25.127778,27.628889,22-09-2015,48.400000000000006,34.579998,18.93,3.1000001,203.40001,1.87,2.4000000000000004,46.100002,157.3
-25.20639,27.558,22-09-2015,48.2,34.52,18.869999,2.6000001,204.40001,1.86,2.4000000000000004,45.9,158.5
-24.69514,27.40906,22-09-2015,47.6,35.25,20.039999,1.9,210.1,2.02,2.4000000000000004,45.3,164.8
-27.169444,29.233889,22-09-2015,34.4,29.41,13.78,1.8000001,177.0,1.16,1.7000000000000002,32.8,144.2
-29.161667,23.696389,23-09-2015,4.3,37.1,18.199999,0.0,232.1,2.85,0.2,4.1,228.0
-28.7115,24.07288889,23-09-2015,6.7,36.8,18.039999,0.2,231.5,2.74,0.30000000000000004,6.4,225.1
-27.02314,28.59389,23-09-2015,33.800000000000004,30.33,14.45,2.0,185.5,1.3199999,1.7000000000000002,32.2,153.3
-27.4275,28.525833,23-09-2015,29.900000000000002,30.179998,14.21,2.3,186.1,1.31,1.5,28.6,157.5
-27.3,28.586944,23-09-2015,31.1,30.24,14.28,2.3,185.6,1.31,1.6,29.7,155.90001
-27.398611,26.614722,23-09-2015,19.8,33.59,17.07,0.5,218.2,1.91,1.0,18.800001,199.40001
-27.4,26.624722,23-09-2015,19.8,33.59,17.07,0.5,218.2,1.91,1.0,18.800001,199.40001
-27.602222,29.942778,24-09-2015,35.0,31.789999,15.66,3.5,185.90001,1.42,1.7000000000000002,33.5,152.40001
-28.75,30.442778,24-09-2015,15.600000000000001,33.11,18.56,2.8,181.40001,1.55,0.8,15.0,166.40001
-29.161667,30.629722,24-09-2015,17.6,28.789999,15.98,5.1,155.0,0.95,0.9,17.1,137.90001
-29.744167,29.905833,25-09-2015,26.900000000000002,29.539999,15.889999,6.3,161.0,1.13,1.3,26.1,134.90001
-27.902778,24.615556,25-09-2015,11.600000000000001,36.51,18.33,0.2,230.90001,2.61,0.6000000000000001,11.0,219.90001
-25.99136,27.84208,28-09-2015,46.0,31.01,16.18,2.9,187.6,1.41,2.3000000000000003,43.9,143.7
-26.45,28.085833,28-09-2015,38.7,30.5,15.23,1.9,186.7,1.36,1.9000000000000001,36.9,149.8
-34.065833,20.404167,29-09-2015,11.8,31.42,17.529999,4.5,177.6,1.5699999,0.6000000000000001,11.7,165.90001
-24.99328,30.81444,29-09-2015,64.60000000000001,27.31,14.16,15.2,149.90001,0.79999995,3.2,63.100002,86.8
-27.363611,31.783333,29-09-2015,16.8,33.2,20.109999,7.6,170.5,1.4399999,0.8,16.5,154.0
-26.861111,28.884722,29-09-2015,35.800000000000004,29.83,14.12,2.2,182.40001,1.24,1.8,34.100002,148.3
-26.970278,27.211111,29-09-2015,28.6,32.09,16.359999,1.3000001,199.8,1.63,1.4000000000000001,27.2,172.6
-26.880278,26.965,29-09-2015,28.6,32.53,16.71,1.2,201.8,1.68,1.4000000000000001,27.300001,174.5
-27.38972222,26.46388889,29-09-2015,19.5,33.79,17.06,0.5,219.6,1.9399999,1.0,18.5,201.1
-33.31388889,19.07472222,29-09-2015,12.9,31.99,16.23,10.900001,207.5,1.76,0.6000000000000001,14.6,192.90001
-25.45963889,28.26430556,29-09-2015,49.300000000000004,32.93,17.21,3.7,192.90001,1.5999999,2.5,47.100002,145.8
-27.01011111,26.69808333,30-09-2015,25.5,32.84,16.93,0.5,210.0,1.76,1.3,24.2,185.8
-25.81048333,27.90955222,30-09-2015,46.800000000000004,31.99,17.13,3.0,191.90001,1.53,2.3000000000000003,44.7,147.2
-29.641944,30.6875,30-09-2015,16.8,30.349998,19.5,6.0,158.7,1.0699999,0.8,16.4,142.3
-24.768889,31.39,30-09-2015,44.400000000000006,32.989998,19.76,8.2,166.0,1.4,2.2,42.8,123.200005
-27.00222,28.76528,30-09-2015,34.300000000000004,30.07,14.29,2.0,183.40001,1.28,1.7000000000000002,32.7,150.7
-26.648056,27.089444,30-09-2015,32.9,31.9,16.15,1.5,197.3,1.5699999,1.6,31.300001,166.0
-27.273889,28.49,30-09-2015,31.1,30.269999,14.389999,2.3,186.7,1.3299999,1.6,29.7,157.0
-26.98472222,26.63227778,30-09-2015,26.200000000000003,32.93,17.02,0.5,207.8,1.77,1.3,24.9,182.90001
-31.031389,28.883333,30-09-2015,26.6,29.039999,16.16,2.3,161.1,1.12,1.3,25.300001,135.8
-30.86013889,29.07125,30-09-2015,25.700000000000003,29.439999,16.63,2.1000001,161.8,1.16,1.3,24.5,137.3
-30.77586667,29.03221667,30-09-2015,25.700000000000003,29.39,16.359999,2.0,162.90001,1.18,1.3,24.5,138.40001
-34.405833,19.600556,30-09-2015,17.0,26.47,15.74,8.8,163.0,0.93,0.9,18.0,145.0
-32.94583,18.33667,30-09-2015,7.2,29.56,15.79,5.9,198.90001,1.35,0.4,7.8,191.1
-26.73806,27.59194,01-10-2015,33.9,31.109999,15.799999,1.6,193.3,1.48,1.7000000000000002,32.3,161.0
-27.935,26.126667,01-10-2015,12.9,34.219997,16.25,0.4,222.8,2.05,0.6000000000000001,12.2,210.6
-28.141944,26.417778,01-10-2015,13.3,33.989998,16.58,0.4,220.40001,2.04,0.7000000000000001,12.6,207.8
-30.160091,27.40124,01-10-2015,13.200000000000001,31.57,15.13,0.5,201.2,1.6999999,0.7000000000000001,12.6,188.6
-33.13083,18.86278,01-10-2015,10.700000000000001,32.559998,16.93,10.0,209.90001,1.8499999,0.5,12.3,197.6
-33.897778,20.012778,01-10-2015,11.4,31.66,16.289999,4.7000003,195.6,1.64,0.6000000000000001,11.6,184.0
-29.7775,29.470833,05-10-2015,30.400000000000002,27.56,13.36,3.7,157.8,0.96,1.5,29.300001,128.5
-29.987778,29.851667,05-10-2015,28.3,28.689999,15.299999,6.9,155.3,1.01,1.4000000000000001,27.6,127.700005
-29.744167,29.905833,05-10-2015,26.900000000000002,29.539999,15.889999,6.3,161.0,1.13,1.3,26.1,134.90001
-31.396,29.2651,05-10-2015,27.8,29.199999,19.42,5.2000003,155.7,1.01,1.4000000000000001,27.1,128.6
-31.554722,29.245556,05-10-2015,29.700000000000003,27.93,18.41,4.8,145.2,0.82,1.5,28.7,116.5
-24.679167,30.8025,06-10-2015,68.60000000000001,29.26,16.06,11.400001,162.7,1.06,3.4000000000000004,66.4,96.3
-25.127778,27.628889,06-10-2015,48.400000000000006,34.579998,18.93,3.1000001,203.40001,1.87,2.4000000000000004,46.100002,157.3
-25.20639,27.558,06-10-2015,48.2,34.52,18.869999,2.6000001,204.40001,1.86,2.4000000000000004,45.9,158.5
-24.69514,27.40906,06-10-2015,47.6,35.25,20.039999,1.9,210.1,2.02,2.4000000000000004,45.3,164.8
-23.658056,31.05,06-10-2015,36.1,34.719997,20.8,5.5,177.1,1.68,1.8,34.7,142.40001
-30.733889,29.828333,06-10-2015,29.6,28.769999,17.44,5.9,151.7,0.98999995,1.5,28.7,123.0
-30.568333,29.422778,06-10-2015,25.400000000000002,28.07,13.9,4.0,157.8,1.0,1.3,24.5,133.3
-30.570833,29.150556,06-10-2015,25.5,27.92,13.75,2.6000001,159.7,1.04,1.3,24.4,135.3
-31.104278,29.399722,06-10-2015,28.0,29.029999,18.07,5.0,154.2,1.02,1.4000000000000001,27.1,127.1
-34.031944,22.053333,06-10-2015,12.200000000000001,27.359999,16.42,1.0,162.7,0.9,0.6000000000000001,11.6,151.1
-34.039722,22.133333,06-10-2015,12.4,27.189999,16.779999,1.0,161.8,0.85999995,0.6000000000000001,11.8,150.0
-29.641944,30.6875,07-10-2015,16.8,30.349998,19.5,6.0,158.7,1.0699999,0.8,16.4,142.3
-24.058889,31.237222,07-10-2015,42.0,34.55,20.73,6.9,174.1,1.64,2.1,40.4,133.7
-27.937778,31.209444,07-10-2015,15.4,31.42,18.32,5.7000003,170.90001,1.29,0.8,15.1,155.8
-28.404444,30.013056,07-10-2015,15.8,31.949999,16.32,3.0,181.5,1.4599999,0.8,15.2,166.3
-30.398056,30.601944,07-10-2015,30.8,29.64,21.05,8.2,155.2,0.95,1.5,30.2,125.0
-34.02861,22.22222,07-10-2015,13.3,26.75,16.55,1.1,159.2,0.79999995,0.7000000000000001,12.7,146.5
-34.005833,22.351111,07-10-2015,14.4,26.23,16.609999,2.5,156.5,0.76,0.7000000000000001,13.8,142.7
-28.058889,30.373611,07-10-2015,22.8,30.81,15.37,3.6000001,176.40001,1.27,1.1,21.9,154.5
-24.183889,30.823889,08-10-2015,45.5,34.07,20.18,6.0,173.7,1.5799999,2.3000000000000003,43.7,130.0
-27.5275,30.858056,08-10-2015,29.900000000000002,29.97,16.4,5.3,166.3,1.11,1.5,28.9,137.40001
-30.13573889,30.67422222,08-10-2015,25.700000000000003,29.98,20.93,6.7000003,156.6,1.0,1.3,25.0,131.6
-27.273889,28.49,08-10-2015,31.1,30.269999,14.389999,2.3,186.7,1.3299999,1.6,29.7,157.0
-27.4275,28.525833,08-10-2015,29.900000000000002,30.179998,14.21,2.3,186.1,1.31,1.5,28.6,157.5
-31.396,29.2651,08-10-2015,27.8,29.199999,19.42,5.2000003,155.7,1.01,1.4000000000000001,27.1,128.6
-29.161667,23.696389,09-10-2015,4.3,37.1,18.199999,0.0,232.1,2.85,0.2,4.1,228.0
-29.744167,29.905833,09-10-2015,26.900000000000002,29.539999,15.889999,6.3,161.0,1.13,1.3,26.1,134.90001
-27.573056,24.746389,09-10-2015,14.0,36.17,18.08,0.3,235.0,2.5,0.7000000000000001,13.3,221.7
-27.902778,24.615556,09-10-2015,11.600000000000001,36.51,18.33,0.2,230.90001,2.61,0.6000000000000001,11.0,219.90001
-29.803611,30.516111,09-10-2015,22.400000000000002,29.349998,17.82,6.1,152.7,0.97999996,1.1,21.800001,130.90001
-25.99136,27.84208,12-10-2015,46.0,31.01,16.18,2.9,187.6,1.41,2.3000000000000003,43.9,143.7
-26.73806,27.59194,12-10-2015,33.9,31.109999,15.799999,1.6,193.3,1.48,1.7000000000000002,32.3,161.0
-26.45,28.085833,12-10-2015,38.7,30.5,15.23,1.9,186.7,1.36,1.9000000000000001,36.9,149.8
-29.140556,31.391944,13-10-2015,112.30000000000001,31.13,20.58,2.9,161.8,1.03,5.6000000000000005,106.8,55.0
-28.801278,31.955389,13-10-2015,67.5,31.99,20.88,10.2,169.6,1.12,3.4000000000000004,66.1,103.5
-26.861111,28.884722,13-10-2015,35.800000000000004,29.83,14.12,2.2,182.40001,1.24,1.8,34.100002,148.3
-26.880278,26.965,13-10-2015,28.6,32.53,16.71,1.2,201.8,1.68,1.4000000000000001,27.300001,174.5
-27.38972222,26.46388889,13-10-2015,19.5,33.79,17.06,0.5,219.6,1.9399999,1.0,18.5,201.1
-28.141944,26.417778,13-10-2015,13.3,33.989998,16.58,0.4,220.40001,2.04,0.7000000000000001,12.6,207.8
-28.1175,26.719444,13-10-2015,13.9,33.579998,16.869999,0.4,216.3,1.9799999,0.7000000000000001,13.2,203.1
-27.398611,26.614722,13-10-2015,19.8,33.59,17.07,0.5,218.2,1.91,1.0,18.800001,199.40001
-25.45963889,28.26430556,13-10-2015,49.300000000000004,32.93,17.21,3.7,192.90001,1.5999999,2.5,47.100002,145.8
-27.01011111,26.69808333,14-10-2015,25.5,32.84,16.93,0.5,210.0,1.76,1.3,24.2,185.8
-25.81048333,27.90955222,14-10-2015,46.800000000000004,31.99,17.13,3.0,191.90001,1.53,2.3000000000000003,44.7,147.2
-25.73411,27.21422,14-10-2015,47.300000000000004,32.07,16.109999,1.9,194.2,1.54,2.4000000000000004,45.0,149.2
-22.769722,30.886944,14-10-2015,46.6,34.85,20.65,6.6,183.1,1.7199999,2.3000000000000003,44.8,138.3
-28.747778,31.745833,14-10-2015,104.7,32.66,21.02,8.5,171.40001,1.3,5.2,100.9,70.5
-29.380556,30.2775,14-10-2015,20.1,28.42,15.099999,5.7000003,152.7,0.93,1.0,19.5,133.2
-27.00222,28.76528,14-10-2015,34.300000000000004,30.07,14.29,2.0,183.40001,1.28,1.7000000000000002,32.7,150.7
-26.648056,27.089444,14-10-2015,32.9,31.9,16.15,1.5,197.3,1.5699999,1.6,31.300001,166.0
-27.273889,28.49,14-10-2015,31.1,30.269999,14.389999,2.3,186.7,1.3299999,1.6,29.7,157.0
-26.98472222,26.63227778,14-10-2015,26.200000000000003,32.93,17.02,0.5,207.8,1.77,1.3,24.9,182.90001
-27.671111,27.236944,14-10-2015,19.0,32.93,16.3,0.5,209.5,1.8,1.0,18.1,191.40001
-26.03611,30.99778,15-10-2015,51.1,31.39,18.43,11.1,173.3,1.3399999,2.6,49.600002,123.700005
-28.141944,26.417778,15-10-2015,13.3,33.989998,16.58,0.4,220.40001,2.04,0.7000000000000001,12.6,207.8
-24.058889,31.237222,16-10-2015,42.0,34.55,20.73,6.9,174.1,1.64,2.1,40.4,133.7
-28.735556,29.820556,19-10-2015,15.8,32.219997,16.84,2.8,180.3,1.49,0.8,15.2,165.1
-26.619444,27.980833,19-10-2015,36.6,30.92,15.65,1.8000001,190.0,1.43,1.8,34.9,155.1
-29.160278,26.573333,19-10-2015,10.0,33.69,15.73,0.4,220.1,2.05,0.5,9.5,210.6
-33.818056,19.694722,19-10-2015,13.100000000000001,31.279999,15.929999,5.9,202.7,1.61,0.7000000000000001,13.6,189.1
-25.447222,30.711667,19-10-2015,48.800000000000004,30.82,17.5,12.7,167.0,1.18,2.4000000000000004,47.4,119.6
-28.760833,17.730278,20-10-2015,0.1,37.53,21.24,0.0,248.2,3.27,0.0,0.1,248.1
-31.860278,18.6875,20-10-2015,3.5,32.75,15.2699995,0.4,221.2,1.9,0.2,3.3,217.90001
-25.127778,27.628889,20-10-2015,48.400000000000006,34.579998,18.93,3.1000001,203.40001,1.87,2.4000000000000004,46.100002,157.3
-25.20639,27.558,20-10-2015,48.2,34.52,18.869999,2.6000001,204.40001,1.86,2.4000000000000004,45.9,158.5
-24.69514,27.40906,20-10-2015,47.6,35.25,20.039999,1.9,210.1,2.02,2.4000000000000004,45.3,164.8
-25.681111,31.783333,20-10-2015,31.700000000000003,32.89,19.38,8.8,165.1,1.29,1.6,30.7,134.40001
-25.67386,31.57527,20-10-2015,33.800000000000004,33.559998,20.48,8.7,171.40001,1.51,1.7000000000000002,32.8,138.6
-28.44555556,32.325,17-11-2015,13.5,31.01,21.119999,10.3,162.3,1.02,0.7000000000000001,14.7,147.6
-27.802778,28.768333,20-10-2015,27.900000000000002,29.769999,13.71,2.0,181.8,1.26,1.4000000000000001,26.6,155.2
-27.671111,27.236944,20-10-2015,19.0,32.93,16.3,0.5,209.5,1.8,1.0,18.1,191.40001
-28.69485,28.23487,20-10-2015,18.1,29.46,14.17,1.7,186.40001,1.3399999,0.9,17.300001,169.1
-28.883333,27.89,20-10-2015,16.7,30.16,14.66,1.9,190.6,1.4399999,0.8,16.0,174.6
-34.092222,21.295278,20-10-2015,13.100000000000001,29.34,16.34,3.2,173.5,1.2099999,0.7000000000000001,12.8,160.7
-32.595833,19.009444,20-10-2015,6.6000000000000005,33.96,15.69,7.7000003,221.2,2.07,0.30000000000000004,7.5,213.7
-28.338333,31.373611,20-10-2015,37.0,31.349998,18.449999,4.4,164.90001,1.2099999,1.9000000000000001,35.5,129.40001
-29.161667,23.696389,21-10-2015,4.3,37.1,18.199999,0.0,232.1,2.85,0.2,4.1,228.0
-30.830556,26.921389,21-10-2015,11.100000000000001,32.04,14.16,0.5,205.40001,1.73,0.6000000000000001,10.6,194.8
-24.670833,28.560833,21-10-2015,59.1,32.86,17.25,4.8,187.5,1.56,3.0,56.5,131.0
-22.91028,29.61111,21-10-2015,44.0,33.36,19.38,3.6000001,179.1,1.5899999,2.2,42.100002,137.0
-28.058889,30.373611,27-04-2015,22.8,30.81,15.37,3.6000001,176.40001,1.27,1.1,21.9,154.5
-26.006389,29.253889,21-10-2015,49.400000000000006,29.65,14.23,3.9,173.40001,1.18,2.5,47.2,126.200005
-25.362222,31.956667,21-10-2015,29.6,33.3,19.289999,9.0,162.1,1.3199999,1.5,28.800001,133.3
-25.398889,31.610556,21-10-2015,34.300000000000004,32.63,19.699999,8.8,162.90001,1.3,1.7000000000000002,33.3,129.6
-27.602222,29.942778,21-10-2015,35.0,31.789999,15.66,3.5,185.90001,1.42,1.7000000000000002,33.5,152.40001
-27.169444,29.233889,21-10-2015,34.4,29.41,13.78,1.8000001,177.0,1.16,1.7000000000000002,32.8,144.2
-26.510278,28.351389,21-10-2015,39.2,30.359999,14.49,2.3,183.8,1.3199999,2.0,37.3,146.5
-27.398611,26.614722,21-10-2015,19.8,33.59,17.07,0.5,218.2,1.91,1.0,18.800001,199.40001
-30.336111,27.359444,21-10-2015,13.4,31.58,14.67,0.6,201.5,1.68,0.7000000000000001,12.8,188.7
-29.615556,27.065278,21-10-2015,11.700000000000001,32.219997,15.049999,0.4,208.7,1.8199999,0.6000000000000001,11.1,197.6
-34.250556,20.9925,21-10-2015,14.0,29.32,17.13,6.1,180.8,1.16,0.7000000000000001,14.0,166.8
-33.38056,19.30167,21-10-2015,13.3,29.369999,13.74,8.5,196.40001,1.48,0.7000000000000001,14.5,181.90001
-33.08883333,19.21878333,21-10-2015,11.0,28.91,12.849999,7.5,200.1,1.4599999,0.6000000000000001,11.900001,188.2
-27.4,26.624722,21-10-2015,19.8,33.59,17.07,0.5,218.2,1.91,1.0,18.800001,199.40001
-28.75,30.442778,22-10-2015,15.600000000000001,33.11,18.56,2.8,181.40001,1.55,0.8,15.0,166.40001
-29.161667,30.629722,22-10-2015,17.6,28.789999,15.98,5.1,155.0,0.95,0.9,17.1,137.90001
-27.02314,28.59389,22-10-2015,33.800000000000004,30.33,14.45,2.0,185.5,1.3199999,1.7000000000000002,32.2,153.3
-27.4275,28.525833,22-10-2015,29.900000000000002,30.179998,14.21,2.3,186.1,1.31,1.5,28.6,157.5
-27.3,28.586944,22-10-2015,31.1,30.24,14.28,2.3,185.6,1.31,1.6,29.7,155.90001
-31.000833,26.353056,22-10-2015,7.9,31.769999,13.509999,0.3,208.7,1.74,0.4,7.5,201.2
-30.679722,26.7125,22-10-2015,9.9,32.93,14.69,0.4,211.40001,1.88,0.5,9.5,201.90001
-33.7075,18.97444444,22-10-2015,17.5,31.14,16.73,11.7,203.1,1.5899999,0.9,19.1,184.0
-29.744167,29.905833,23-10-2015,26.900000000000002,29.539999,15.889999,6.3,161.0,1.13,1.3,26.1,134.90001
-27.573056,24.746389,23-10-2015,14.0,36.17,18.08,0.3,235.0,2.5,0.7000000000000001,13.3,221.7
-27.902778,24.615556,23-10-2015,11.600000000000001,36.51,18.33,0.2,230.90001,2.61,0.6000000000000001,11.0,219.90001
-29.658056,25.973333,23-10-2015,6.9,33.42,15.7,0.4,217.1,2.07,0.30000000000000004,6.6,210.5
-25.99136,27.84208,26-10-2015,46.0,31.01,16.18,2.9,187.6,1.41,2.3000000000000003,43.9,143.7
-26.45,28.085833,26-10-2015,38.7,30.5,15.23,1.9,186.7,1.36,1.9000000000000001,36.9,149.8
-31.554722,29.245556,26-10-2015,29.700000000000003,27.93,18.41,4.8,145.2,0.82,1.5,28.7,116.5
-33.501667,21.624167,26-10-2015,9.0,29.73,13.429999,0.1,189.6,1.4,0.5,8.6,181.0
-25.73411,27.21422,27-10-2015,47.300000000000004,32.07,16.109999,1.9,194.2,1.54,2.4000000000000004,45.0,149.2
-27.363611,31.783333,27-10-2015,16.8,33.2,20.109999,7.6,170.5,1.4399999,0.8,16.5,154.0
-26.970278,27.211111,27-10-2015,28.6,32.09,16.359999,1.3000001,199.8,1.63,1.4000000000000001,27.2,172.6
-26.880278,26.965,27-10-2015,28.6,32.53,16.71,1.2,201.8,1.68,1.4000000000000001,27.300001,174.5
-31.104278,29.399722,27-10-2015,28.0,29.029999,18.07,5.0,154.2,1.02,1.4000000000000001,27.1,127.1
-33.31388889,19.07472222,27-10-2015,12.9,31.99,16.23,10.900001,207.5,1.76,0.6000000000000001,14.6,192.90001
-25.45963889,28.26430556,27-10-2015,49.300000000000004,32.93,17.21,3.7,192.90001,1.5999999,2.5,47.100002,145.8
-28.760833,17.730278,28-10-2015,0.1,37.53,21.24,0.0,248.2,3.27,0.0,0.1,248.1
-29.161667,23.696389,28-10-2015,4.3,37.1,18.199999,0.0,232.1,2.85,0.2,4.1,228.0
-28.7115,24.07288889,28-10-2015,6.7,36.8,18.039999,0.2,231.5,2.74,0.30000000000000004,6.4,225.1
-27.01011111,26.69808333,28-10-2015,25.5,32.84,16.93,0.5,210.0,1.76,1.3,24.2,185.8
-29.641944,30.6875,28-10-2015,16.8,30.349998,19.5,6.0,158.7,1.0699999,0.8,16.4,142.3
-27.00222,28.76528,28-10-2015,34.300000000000004,30.07,14.29,2.0,183.40001,1.28,1.7000000000000002,32.7,150.7
-26.648056,27.089444,28-10-2015,32.9,31.9,16.15,1.5,197.3,1.5699999,1.6,31.300001,166.0
-26.98472222,26.63227778,28-10-2015,26.200000000000003,32.93,17.02,0.5,207.8,1.77,1.3,24.9,182.90001
-29.651389,22.746389,28-10-2015,2.1,37.05,19.119999,0.0,248.3,2.98,0.1,2.0,246.3
-29.1825,23.575556,28-10-2015,3.9000000000000004,37.02,18.25,0.0,236.40001,2.85,0.2,3.7,232.7
-34.405833,19.600556,28-10-2015,17.0,26.47,15.74,8.8,163.0,0.93,0.9,18.0,145.0
-33.13083,18.86278,28-10-2015,10.700000000000001,32.559998,16.93,10.0,209.90001,1.8499999,0.5,12.3,197.6
-25.81048333,27.90955222,29-10-2015,46.800000000000004,31.99,17.13,3.0,191.90001,1.53,2.3000000000000003,44.7,147.2
-30.570833,29.150556,29-10-2015,25.5,27.92,13.75,2.6000001,159.7,1.04,1.3,24.4,135.3
-30.77586667,29.03221667,29-10-2015,25.700000000000003,29.39,16.359999,2.0,162.90001,1.18,1.3,24.5,138.40001
-34.329722,18.990278,29-10-2015,18.900000000000002,25.51,15.53,17.4,166.40001,0.81,0.9,22.5,143.90001
-32.94583,18.33667,29-10-2015,7.2,29.56,15.79,5.9,198.90001,1.35,0.4,7.8,191.1
-30.568333,29.422778,30-10-2015,25.400000000000002,28.07,13.9,4.0,157.8,1.0,1.3,24.5,133.3
-31.031389,28.883333,30-10-2015,26.6,29.039999,16.16,2.3,161.1,1.12,1.3,25.300001,135.8
-30.86013889,29.07125,30-10-2015,25.700000000000003,29.439999,16.63,2.1000001,161.8,1.16,1.3,24.5,137.3
-29.987778,29.851667,01-11-2015,28.3,28.689999,15.299999,6.9,155.3,1.01,1.4000000000000001,27.6,127.700005
-29.7775,29.470833,02-11-2015,30.400000000000002,27.56,13.36,3.7,157.8,0.96,1.5,29.300001,128.5
-29.987778,29.851667,02-11-2015,28.3,28.689999,15.299999,6.9,155.3,1.01,1.4000000000000001,27.6,127.700005
-25.127778,27.628889,03-11-2015,48.400000000000006,34.579998,18.93,3.1000001,203.40001,1.87,2.4000000000000004,46.100002,157.3
-25.20639,27.558,03-11-2015,48.2,34.52,18.869999,2.6000001,204.40001,1.86,2.4000000000000004,45.9,158.5
-30.733889,29.828333,03-11-2015,29.6,28.769999,17.44,5.9,151.7,0.98999995,1.5,28.7,123.0
-34.031944,22.053333,03-11-2015,12.200000000000001,27.359999,16.42,1.0,162.7,0.9,0.6000000000000001,11.6,151.1
-27.937778,31.209444,04-11-2015,15.4,31.42,18.32,5.7000003,170.90001,1.29,0.8,15.1,155.8
-28.404444,30.013056,04-11-2015,15.8,31.949999,16.32,3.0,181.5,1.4599999,0.8,15.2,166.3
-30.398056,30.601944,04-11-2015,30.8,29.64,21.05,8.2,155.2,0.95,1.5,30.2,125.0
-29.615556,27.065278,04-11-2015,11.700000000000001,32.219997,15.049999,0.4,208.7,1.8199999,0.6000000000000001,11.1,197.6
-34.005833,22.351111,04-11-2015,14.4,26.23,16.609999,2.5,156.5,0.76,0.7000000000000001,13.8,142.7
-28.058889,30.373611,04-11-2015,22.8,30.81,15.37,3.6000001,176.40001,1.27,1.1,21.9,154.5
-22.91028,29.61111,05-11-2015,44.0,33.36,19.38,3.6000001,179.1,1.5899999,2.2,42.100002,137.0
-27.5275,30.858056,05-11-2015,29.900000000000002,29.97,16.4,5.3,166.3,1.11,1.5,28.9,137.40001
-30.13573889,30.67422222,05-11-2015,25.700000000000003,29.98,20.93,6.7000003,156.6,1.0,1.3,25.0,131.6
-29.744167,29.905833,06-11-2015,26.900000000000002,29.539999,15.889999,6.3,161.0,1.13,1.3,26.1,134.90001
-27.573056,24.746389,06-11-2015,14.0,36.17,18.08,0.3,235.0,2.5,0.7000000000000001,13.3,221.7
-27.902778,24.615556,06-11-2015,11.600000000000001,36.51,18.33,0.2,230.90001,2.61,0.6000000000000001,11.0,219.90001
-29.803611,30.516111,06-11-2015,22.400000000000002,29.349998,17.82,6.1,152.7,0.97999996,1.1,21.800001,130.90001
-25.99136,27.84208,09-11-2015,46.0,31.01,16.18,2.9,187.6,1.41,2.3000000000000003,43.9,143.7
-29.380556,30.2775,09-11-2015,20.1,28.42,15.099999,5.7000003,152.7,0.93,1.0,19.5,133.2
-26.73806,27.59194,09-11-2015,33.9,31.109999,15.799999,1.6,193.3,1.48,1.7000000000000002,32.3,161.0
-29.160278,26.573333,09-11-2015,10.0,33.69,15.73,0.4,220.1,2.05,0.5,9.5,210.6
-29.651389,22.746389,09-11-2015,2.1,37.05,19.119999,0.0,248.3,2.98,0.1,2.0,246.3
-28.747778,31.745833,10-11-2015,104.7,32.66,21.02,8.5,171.40001,1.3,5.2,100.9,70.5
-28.141944,26.417778,10-11-2015,13.3,33.989998,16.58,0.4,220.40001,2.04,0.7000000000000001,12.6,207.8
-27.671111,27.236944,10-11-2015,19.0,32.93,16.3,0.5,209.5,1.8,1.0,18.1,191.40001
-28.69485,28.23487,10-11-2015,18.1,29.46,14.17,1.7,186.40001,1.3399999,0.9,17.300001,169.1
-29.615556,27.065278,10-11-2015,11.700000000000001,32.219997,15.049999,0.4,208.7,1.8199999,0.6000000000000001,11.1,197.6
-28.883333,27.89,10-11-2015,16.7,30.16,14.66,1.9,190.6,1.4399999,0.8,16.0,174.6
-31.394444,20.947222,10-11-2015,5.300000000000001,33.77,14.88,0.0,238.6,2.3899999,0.30000000000000004,5.0,233.6
-25.45963889,28.26430556,10-11-2015,49.300000000000004,32.93,17.21,3.7,192.90001,1.5999999,2.5,47.100002,145.8
-25.81048333,27.90955222,11-11-2015,46.800000000000004,31.99,17.13,3.0,191.90001,1.53,2.3000000000000003,44.7,147.2
-29.140556,31.391944,11-11-2015,112.30000000000001,31.13,20.58,2.9,161.8,1.03,5.6000000000000005,106.8,55.0
-28.801278,31.955389,11-11-2015,67.5,31.99,20.88,10.2,169.6,1.12,3.4000000000000004,66.1,103.5
-27.00222,28.76528,11-11-2015,34.300000000000004,30.07,14.29,2.0,183.40001,1.28,1.7000000000000002,32.7,150.7
-26.970278,27.211111,11-11-2015,28.6,32.09,16.359999,1.3000001,199.8,1.63,1.4000000000000001,27.2,172.6
-26.880278,26.965,11-11-2015,28.6,32.53,16.71,1.2,201.8,1.68,1.4000000000000001,27.300001,174.5
-27.273889,28.49,11-11-2015,31.1,30.269999,14.389999,2.3,186.7,1.3299999,1.6,29.7,157.0
-27.38972222,26.46388889,11-11-2015,19.5,33.79,17.06,0.5,219.6,1.9399999,1.0,18.5,201.1
-27.398611,26.614722,11-11-2015,19.8,33.59,17.07,0.5,218.2,1.91,1.0,18.800001,199.40001
-30.336111,27.359444,11-11-2015,13.4,31.58,14.67,0.6,201.5,1.68,0.7000000000000001,12.8,188.7
-27.4,26.624722,11-11-2015,19.8,33.59,17.07,0.5,218.2,1.91,1.0,18.800001,199.40001
-27.01011111,26.69808333,12-11-2015,25.5,32.84,16.93,0.5,210.0,1.76,1.3,24.2,185.8
-30.830556,26.921389,12-11-2015,11.100000000000001,32.04,14.16,0.5,205.40001,1.73,0.6000000000000001,10.6,194.8
-23.658056,31.05,12-11-2015,36.1,34.719997,20.8,5.5,177.1,1.68,1.8,34.7,142.40001
-26.648056,27.089444,12-11-2015,32.9,31.9,16.15,1.5,197.3,1.5699999,1.6,31.300001,166.0
-26.98472222,26.63227778,12-11-2015,26.200000000000003,32.93,17.02,0.5,207.8,1.77,1.3,24.9,182.90001
-27.935,26.126667,12-11-2015,12.9,34.219997,16.25,0.4,222.8,2.05,0.6000000000000001,12.2,210.6
-28.1175,26.719444,12-11-2015,13.9,33.579998,16.869999,0.4,216.3,1.9799999,0.7000000000000001,13.2,203.1
-31.000833,26.353056,12-11-2015,7.9,31.769999,13.509999,0.3,208.7,1.74,0.4,7.5,201.2
-30.679722,26.7125,12-11-2015,9.9,32.93,14.69,0.4,211.40001,1.88,0.5,9.5,201.90001
-26.619444,27.980833,16-11-2015,36.6,30.92,15.65,1.8000001,190.0,1.43,1.8,34.9,155.1
-24.679167,30.8025,17-11-2015,68.60000000000001,29.26,16.06,11.400001,162.7,1.06,3.4000000000000004,66.4,96.3
-25.127778,27.628889,17-11-2015,48.400000000000006,34.579998,18.93,3.1000001,203.40001,1.87,2.4000000000000004,46.100002,157.3
-25.20639,27.558,17-11-2015,48.2,34.52,18.869999,2.6000001,204.40001,1.86,2.4000000000000004,45.9,158.5
-24.99328,30.81444,17-11-2015,64.60000000000001,27.31,14.16,15.2,149.90001,0.79999995,3.2,63.100002,86.8
-27.169444,29.233889,17-11-2015,34.4,29.41,13.78,1.8000001,177.0,1.16,1.7000000000000002,32.8,144.2
-26.510278,28.351389,17-11-2015,39.2,30.359999,14.49,2.3,183.8,1.3199999,2.0,37.3,146.5
-27.273889,28.49,17-11-2015,31.1,30.269999,14.389999,2.3,186.7,1.3299999,1.6,29.7,157.0
-27.3,28.586944,17-11-2015,31.1,30.24,14.28,2.3,185.6,1.31,1.6,29.7,155.90001
-27.671111,27.236944,17-11-2015,19.0,32.93,16.3,0.5,209.5,1.8,1.0,18.1,191.40001
-34.092222,21.295278,17-11-2015,13.100000000000001,29.34,16.34,3.2,173.5,1.2099999,0.7000000000000001,12.8,160.7
-33.501667,21.624167,17-11-2015,9.0,29.73,13.429999,0.1,189.6,1.4,0.5,8.6,181.0
-28.338333,31.373611,17-11-2015,37.0,31.349998,18.449999,4.4,164.90001,1.2099999,1.9000000000000001,35.5,129.40001
-24.670833,28.560833,18-11-2015,59.1,32.86,17.25,4.8,187.5,1.56,3.0,56.5,131.0
-25.73411,27.21422,18-11-2015,47.300000000000004,32.07,16.109999,1.9,194.2,1.54,2.4000000000000004,45.0,149.2
-24.058889,31.237222,18-11-2015,42.0,34.55,20.73,6.9,174.1,1.64,2.1,40.4,133.7
-24.034167,31.123611,18-11-2015,44.300000000000004,34.01,20.279999,6.1,173.90001,1.56,2.2,42.5,131.40001
-27.602222,29.942778,18-11-2015,35.0,31.789999,15.66,3.5,185.90001,1.42,1.7000000000000002,33.5,152.40001
-27.02314,28.59389,18-11-2015,33.800000000000004,30.33,14.45,2.0,185.5,1.3199999,1.7000000000000002,32.2,153.3
-27.4275,28.525833,18-11-2015,29.900000000000002,30.179998,14.21,2.3,186.1,1.31,1.5,28.6,157.5
-27.802778,28.768333,18-11-2015,27.900000000000002,29.769999,13.71,2.0,181.8,1.26,1.4000000000000001,26.6,155.2
-27.398611,26.614722,18-11-2015,19.8,33.59,17.07,0.5,218.2,1.91,1.0,18.800001,199.40001
-34.250556,20.9925,18-11-2015,14.0,29.32,17.13,6.1,180.8,1.16,0.7000000000000001,14.0,166.8
-27.4,26.624722,18-11-2015,19.8,33.59,17.07,0.5,218.2,1.91,1.0,18.800001,199.40001
-24.183889,30.823889,19-11-2015,45.5,34.07,20.18,6.0,173.7,1.5799999,2.3000000000000003,43.7,130.0
-28.75,30.442778,19-11-2015,15.600000000000001,33.11,18.56,2.8,181.40001,1.55,0.8,15.0,166.40001
-29.161667,30.629722,19-11-2015,17.6,28.789999,15.98,5.1,155.0,0.95,0.9,17.1,137.90001
-27.3,28.586944,19-11-2015,31.1,30.24,14.28,2.3,185.6,1.31,1.6,29.7,155.90001
-29.744167,29.905833,20-11-2015,26.900000000000002,29.539999,15.889999,6.3,161.0,1.13,1.3,26.1,134.90001
-27.573056,24.746389,20-11-2015,14.0,36.17,18.08,0.3,235.0,2.5,0.7000000000000001,13.3,221.7
-27.902778,24.615556,20-11-2015,11.600000000000001,36.51,18.33,0.2,230.90001,2.61,0.6000000000000001,11.0,219.90001
-25.99136,27.84208,23-11-2015,46.0,31.01,16.18,2.9,187.6,1.41,2.3000000000000003,43.9,143.7
-26.73806,27.59194,23-11-2015,33.9,31.109999,15.799999,1.6,193.3,1.48,1.7000000000000002,32.3,161.0
-26.45,28.085833,23-11-2015,38.7,30.5,15.23,1.9,186.7,1.36,1.9000000000000001,36.9,149.8
-31.554722,29.245556,23-11-2015,29.700000000000003,27.93,18.41,4.8,145.2,0.82,1.5,28.7,116.5
-32.502778,19.535833,23-11-2015,5.0,34.0,15.36,2.1000001,234.0,2.21,0.30000000000000004,5.0,229.0
-25.447222,30.711667,23-11-2015,48.800000000000004,30.82,17.5,12.7,167.0,1.18,2.4000000000000004,47.4,119.6
-29.641944,30.6875,24-11-2015,16.8,30.349998,19.5,6.0,158.7,1.0699999,0.8,16.4,142.3
-25.681111,31.783333,24-11-2015,31.700000000000003,32.89,19.38,8.8,165.1,1.29,1.6,30.7,134.40001
-25.67386,31.57527,24-11-2015,33.800000000000004,33.559998,20.48,8.7,171.40001,1.51,1.7000000000000002,32.8,138.6
-25.513889,31.224444,24-11-2015,43.7,31.21,18.57,9.2,166.3,1.25,2.2,42.2,124.1
-26.861111,28.884722,24-11-2015,35.800000000000004,29.83,14.12,2.2,182.40001,1.24,1.8,34.100002,148.3
-26.970278,27.211111,24-11-2015,28.6,32.09,16.359999,1.3000001,199.8,1.63,1.4000000000000001,27.2,172.6
-26.880278,26.965,24-11-2015,28.6,32.53,16.71,1.2,201.8,1.68,1.4000000000000001,27.300001,174.5
-31.104278,29.399722,24-11-2015,28.0,29.029999,18.07,5.0,154.2,1.02,1.4000000000000001,27.1,127.1
-31.396,29.2651,24-11-2015,27.8,29.199999,19.42,5.2000003,155.7,1.01,1.4000000000000001,27.1,128.6
-33.818056,19.694722,24-11-2015,13.100000000000001,31.279999,15.929999,5.9,202.7,1.61,0.7000000000000001,13.6,189.1
-34.075556,20.145556,24-11-2015,12.700000000000001,30.89,16.68,5.3,182.5,1.53,0.6000000000000001,12.900001,169.6
-32.595833,19.009444,24-11-2015,6.6000000000000005,33.96,15.69,7.7000003,221.2,2.07,0.30000000000000004,7.5,213.7
-25.45963889,28.26430556,24-11-2015,49.300000000000004,32.93,17.21,3.7,192.90001,1.5999999,2.5,47.100002,145.8
-27.01011111,26.69808333,25-11-2015,25.5,32.84,16.93,0.5,210.0,1.76,1.3,24.2,185.8
-25.81048333,27.90955222,25-11-2015,46.800000000000004,31.99,17.13,3.0,191.90001,1.53,2.3000000000000003,44.7,147.2
-25.436111,31.982222,25-11-2015,29.3,33.91,19.6,9.2,164.6,1.43,1.5,28.6,136.0
-25.362222,31.956667,25-11-2015,29.6,33.3,19.289999,9.0,162.1,1.3199999,1.5,28.800001,133.3
-25.398889,31.610556,25-11-2015,34.300000000000004,32.63,19.699999,8.8,162.90001,1.3,1.7000000000000002,33.3,129.6
-25.14944444,31.94055556,25-11-2015,30.700000000000003,33.19,19.48,8.6,162.40001,1.3299999,1.5,29.800001,132.6
-27.00222,28.76528,25-11-2015,34.300000000000004,30.07,14.29,2.0,183.40001,1.28,1.7000000000000002,32.7,150.7
-26.648056,27.089444,25-11-2015,32.9,31.9,16.15,1.5,197.3,1.5699999,1.6,31.300001,166.0
-27.273889,28.49,25-11-2015,31.1,30.269999,14.389999,2.3,186.7,1.3299999,1.6,29.7,157.0
-26.98472222,26.63227778,25-11-2015,26.200000000000003,32.93,17.02,0.5,207.8,1.77,1.3,24.9,182.90001
-30.568333,29.422778,25-11-2015,25.400000000000002,28.07,13.9,4.0,157.8,1.0,1.3,24.5,133.3
-30.570833,29.150556,25-11-2015,25.5,27.92,13.75,2.6000001,159.7,1.04,1.3,24.4,135.3
-33.38056,19.30167,25-11-2015,13.3,29.369999,13.74,8.5,196.40001,1.48,0.7000000000000001,14.5,181.90001
-30.86013889,29.07125,26-11-2015,25.700000000000003,29.439999,16.63,2.1000001,161.8,1.16,1.3,24.5,137.3
-30.77586667,29.03221667,26-11-2015,25.700000000000003,29.39,16.359999,2.0,162.90001,1.18,1.3,24.5,138.40001
-33.7075,18.97444444,26-11-2015,17.5,31.14,16.73,11.7,203.1,1.5899999,0.9,19.1,184.0
-31.031389,28.883333,27-11-2015,26.6,29.039999,16.16,2.3,161.1,1.12,1.3,25.300001,135.8
-29.7775,29.470833,30-11-2015,30.400000000000002,27.56,13.36,3.7,157.8,0.96,1.5,29.300001,128.5
-34.065833,20.404167,01-12-2015,11.8,31.42,17.529999,4.5,177.6,1.5699999,0.6000000000000001,11.7,165.90001
-25.127778,27.628889,01-12-2015,48.400000000000006,34.579998,18.93,3.1000001,203.40001,1.87,2.4000000000000004,46.100002,157.3
-25.20639,27.558,01-12-2015,48.2,34.52,18.869999,2.6000001,204.40001,1.86,2.4000000000000004,45.9,158.5
-28.404444,30.013056,01-12-2015,15.8,31.949999,16.32,3.0,181.5,1.4599999,0.8,15.2,166.3
-30.733889,29.828333,01-12-2015,29.6,28.769999,17.44,5.9,151.7,0.98999995,1.5,28.7,123.0
-27.398611,26.614722,01-12-2015,19.8,33.59,17.07,0.5,218.2,1.91,1.0,18.800001,199.40001
-34.031944,22.053333,01-12-2015,12.200000000000001,27.359999,16.42,1.0,162.7,0.9,0.6000000000000001,11.6,151.1
-34.039722,22.133333,01-12-2015,12.4,27.189999,16.779999,1.0,161.8,0.85999995,0.6000000000000001,11.8,150.0
-33.31388889,19.07472222,01-12-2015,12.9,31.99,16.23,10.900001,207.5,1.76,0.6000000000000001,14.6,192.90001
-29.161667,23.696389,02-12-2015,4.3,37.1,18.199999,0.0,232.1,2.85,0.2,4.1,228.0
-25.73411,27.21422,02-12-2015,47.300000000000004,32.07,16.109999,1.9,194.2,1.54,2.4000000000000004,45.0,149.2
-27.5275,30.858056,02-12-2015,29.900000000000002,29.97,16.4,5.3,166.3,1.11,1.5,28.9,137.40001
-30.398056,30.601944,02-12-2015,30.8,29.64,21.05,8.2,155.2,0.95,1.5,30.2,125.0
-27.671111,27.236944,02-12-2015,19.0,32.93,16.3,0.5,209.5,1.8,1.0,18.1,191.40001
-31.436944,20.474722,02-12-2015,5.1000000000000005,33.149998,14.0,0.0,235.8,2.28,0.30000000000000004,4.8,231.0
-34.02861,22.22222,02-12-2015,13.3,26.75,16.55,1.1,159.2,0.79999995,0.7000000000000001,12.7,146.5
-34.405833,19.600556,02-12-2015,17.0,26.47,15.74,8.8,163.0,0.93,0.9,18.0,145.0
-33.13083,18.86278,02-12-2015,10.700000000000001,32.559998,16.93,10.0,209.90001,1.8499999,0.5,12.3,197.6
-34.005833,22.351111,02-12-2015,14.4,26.23,16.609999,2.5,156.5,0.76,0.7000000000000001,13.8,142.7
-28.058889,30.373611,02-12-2015,22.8,30.81,15.37,3.6000001,176.40001,1.27,1.1,21.9,154.5
-23.658056,31.05,03-12-2015,36.1,34.719997,20.8,5.5,177.1,1.68,1.8,34.7,142.40001
-34.329722,18.990278,03-12-2015,18.900000000000002,25.51,15.53,17.4,166.40001,0.81,0.9,22.5,143.90001
-29.803611,30.516111,03-12-2015,22.400000000000002,29.349998,17.82,6.1,152.7,0.97999996,1.1,21.800001,130.90001
-29.744167,29.905833,04-12-2015,26.900000000000002,29.539999,15.889999,6.3,161.0,1.13,1.3,26.1,134.90001
-27.935,26.126667,04-12-2015,12.9,34.219997,16.25,0.4,222.8,2.05,0.6000000000000001,12.2,210.6
-27.902778,24.615556,04-12-2015,11.600000000000001,36.51,18.33,0.2,230.90001,2.61,0.6000000000000001,11.0,219.90001
-28.058889,30.373611,05-12-2015,22.8,30.81,15.37,3.6000001,176.40001,1.27,1.1,21.9,154.5
-24.058889,31.237222,06-12-2015,42.0,34.55,20.73,6.9,174.1,1.64,2.1,40.4,133.7
-25.99136,27.84208,07-12-2015,46.0,31.01,16.18,2.9,187.6,1.41,2.3000000000000003,43.9,143.7
-29.380556,30.2775,07-12-2015,20.1,28.42,15.099999,5.7000003,152.7,0.93,1.0,19.5,133.2
-26.73806,27.59194,07-12-2015,33.9,31.109999,15.799999,1.6,193.3,1.48,1.7000000000000002,32.3,161.0
-26.45,28.085833,07-12-2015,38.7,30.5,15.23,1.9,186.7,1.36,1.9000000000000001,36.9,149.8
-29.160278,26.573333,07-12-2015,10.0,33.69,15.73,0.4,220.1,2.05,0.5,9.5,210.6
-29.140556,31.391944,08-12-2015,112.30000000000001,31.13,20.58,2.9,161.8,1.03,5.6000000000000005,106.8,55.0
-26.861111,28.884722,08-12-2015,35.800000000000004,29.83,14.12,2.2,182.40001,1.24,1.8,34.100002,148.3
-26.970278,27.211111,08-12-2015,28.6,32.09,16.359999,1.3000001,199.8,1.63,1.4000000000000001,27.2,172.6
-26.880278,26.965,08-12-2015,28.6,32.53,16.71,1.2,201.8,1.68,1.4000000000000001,27.300001,174.5
-28.69485,28.23487,08-12-2015,18.1,29.46,14.17,1.7,186.40001,1.3399999,0.9,17.300001,169.1
-29.615556,27.065278,08-12-2015,11.700000000000001,32.219997,15.049999,0.4,208.7,1.8199999,0.6000000000000001,11.1,197.6
-28.883333,27.89,08-12-2015,16.7,30.16,14.66,1.9,190.6,1.4399999,0.8,16.0,174.6
-33.501667,21.624167,08-12-2015,9.0,29.73,13.429999,0.1,189.6,1.4,0.5,8.6,181.0
-25.45963889,28.26430556,08-12-2015,49.300000000000004,32.93,17.21,3.7,192.90001,1.5999999,2.5,47.100002,145.8
-27.01011111,26.69808333,09-12-2015,25.5,32.84,16.93,0.5,210.0,1.76,1.3,24.2,185.8
-25.81048333,27.90955222,09-12-2015,46.800000000000004,31.99,17.13,3.0,191.90001,1.53,2.3000000000000003,44.7,147.2
-24.670833,28.560833,09-12-2015,59.1,32.86,17.25,4.8,187.5,1.56,3.0,56.5,131.0
-22.91028,29.61111,09-12-2015,44.0,33.36,19.38,3.6000001,179.1,1.5899999,2.2,42.100002,137.0
-28.747778,31.745833,09-12-2015,104.7,32.66,21.02,8.5,171.40001,1.3,5.2,100.9,70.5
-26.98472222,26.63227778,09-12-2015,26.200000000000003,32.93,17.02,0.5,207.8,1.77,1.3,24.9,182.90001
-27.671111,27.236944,09-12-2015,19.0,32.93,16.3,0.5,209.5,1.8,1.0,18.1,191.40001
-30.336111,27.359444,09-12-2015,13.4,31.58,14.67,0.6,201.5,1.68,0.7000000000000001,12.8,188.7
-34.092222,21.295278,09-12-2015,13.100000000000001,29.34,16.34,3.2,173.5,1.2099999,0.7000000000000001,12.8,160.7
-29.641944,30.6875,10-12-2015,16.8,30.349998,19.5,6.0,158.7,1.0699999,0.8,16.4,142.3
-22.769722,30.886944,10-12-2015,46.6,34.85,20.65,6.6,183.1,1.7199999,2.3000000000000003,44.8,138.3
-28.801278,31.955389,10-12-2015,67.5,31.99,20.88,10.2,169.6,1.12,3.4000000000000004,66.1,103.5
-27.38972222,26.46388889,10-12-2015,19.5,33.79,17.06,0.5,219.6,1.9399999,1.0,18.5,201.1
-27.935,26.126667,10-12-2015,12.9,34.219997,16.25,0.4,222.8,2.05,0.6000000000000001,12.2,210.6
-33.897778,20.012778,12-01-2012,11.0,30.769999,16.24,4.9,193.5,1.4599999,0.5,11.2,182.3
-33.897778,20.012778,01-03-2012,11.0,30.769999,16.24,4.9,193.5,1.4599999,0.5,11.2,182.3
-27.398611,26.614722,10-12-2015,19.8,33.59,17.07,0.5,218.2,1.91,1.0,18.800001,199.40001
-30.679722,26.7125,10-12-2015,9.9,32.93,14.69,0.4,211.40001,1.88,0.5,9.5,201.90001
-33.897778,20.012778,19-06-2012,11.0,30.769999,16.24,4.9,193.5,1.4599999,0.5,11.2,182.3
-27.4,26.624722,10-12-2015,19.8,33.59,17.07,0.5,218.2,1.91,1.0,18.800001,199.40001
-34.250556,20.9925,11-12-2015,14.0,29.32,17.13,6.1,180.8,1.16,0.7000000000000001,14.0,166.8
-28.735556,29.820556,14-12-2015,15.8,32.219997,16.84,2.8,180.3,1.49,0.8,15.2,165.1
-33.897778,20.012778,18-01-2013,8.200000000000001,30.57,15.86,5.5,197.3,1.4699999,0.4,8.900001,188.40001
-26.619444,27.980833,14-12-2015,36.6,30.92,15.65,1.8000001,190.0,1.43,1.8,34.9,155.1
-24.679167,30.8025,15-12-2015,68.60000000000001,29.26,16.06,11.400001,162.7,1.06,3.4000000000000004,66.4,96.3
-27.169444,29.233889,15-12-2015,34.4,29.41,13.78,1.8000001,177.0,1.16,1.7000000000000002,32.8,144.2
-26.510278,28.351389,15-12-2015,39.2,30.359999,14.49,2.3,183.8,1.3199999,2.0,37.3,146.5
-27.671111,27.236944,15-12-2015,19.0,32.93,16.3,0.5,209.5,1.8,1.0,18.1,191.40001
-29.161667,23.696389,16-12-2015,4.3,37.1,18.199999,0.0,232.1,2.85,0.2,4.1,228.0
-25.127778,27.628889,16-12-2015,48.400000000000006,34.579998,18.93,3.1000001,203.40001,1.87,2.4000000000000004,46.100002,157.3
-25.20639,27.558,16-12-2015,48.2,34.52,18.869999,2.6000001,204.40001,1.86,2.4000000000000004,45.9,158.5
-27.602222,29.942778,16-12-2015,35.0,31.789999,15.66,3.5,185.90001,1.42,1.7000000000000002,33.5,152.40001
-27.00222,28.76528,16-12-2015,34.300000000000004,30.07,14.29,2.0,183.40001,1.28,1.7000000000000002,32.7,150.7
-27.02314,28.59389,16-12-2015,33.800000000000004,30.33,14.45,2.0,185.5,1.3199999,1.7000000000000002,32.2,153.3
-27.273889,28.49,16-12-2015,31.1,30.269999,14.389999,2.3,186.7,1.3299999,1.6,29.7,157.0
-27.4275,28.525833,16-12-2015,29.900000000000002,30.179998,14.21,2.3,186.1,1.31,1.5,28.6,157.5
-27.3,28.586944,16-12-2015,31.1,30.24,14.28,2.3,185.6,1.31,1.6,29.7,155.90001
-33.897778,20.012778,26-02-2015,11.4,31.66,16.289999,4.7000003,195.6,1.64,0.6000000000000001,11.6,184.0
-27.398611,26.614722,16-12-2015,19.8,33.59,17.07,0.5,218.2,1.91,1.0,18.800001,199.40001
-29.033333,23.983333,16-12-2015,5.5,36.78,17.77,0.1,230.7,2.74,0.30000000000000004,5.3,225.40001
-33.897778,20.012778,21-05-2015,11.4,31.66,16.289999,4.7000003,195.6,1.64,0.6000000000000001,11.6,184.0
-33.897778,20.012778,27-08-2015,11.4,31.66,16.289999,4.7000003,195.6,1.64,0.6000000000000001,11.6,184.0
-33.897778,20.012778,29-10-2015,11.4,31.66,16.289999,4.7000003,195.6,1.64,0.6000000000000001,11.6,184.0
-33.897778,20.012778,03-12-2015,11.4,31.66,16.289999,4.7000003,195.6,1.64,0.6000000000000001,11.6,184.0
-27.4,26.624722,16-12-2015,19.8,33.59,17.07,0.5,218.2,1.91,1.0,18.800001,199.40001
-24.183889,30.823889,17-12-2015,45.5,34.07,20.18,6.0,173.7,1.5799999,2.3000000000000003,43.7,130.0
-29.161667,30.629722,17-12-2015,17.6,28.789999,15.98,5.1,155.0,0.95,0.9,17.1,137.90001
-27.802778,28.768333,17-12-2015,27.900000000000002,29.769999,13.71,2.0,181.8,1.26,1.4000000000000001,26.6,155.2
-29.744167,29.905833,18-12-2015,26.900000000000002,29.539999,15.889999,6.3,161.0,1.13,1.3,26.1,134.90001
-27.902778,24.615556,18-12-2015,11.600000000000001,36.51,18.33,0.2,230.90001,2.61,0.6000000000000001,11.0,219.90001
-25.99136,27.84208,21-12-2015,46.0,31.01,16.18,2.9,187.6,1.41,2.3000000000000003,43.9,143.7
-26.73806,27.59194,21-12-2015,33.9,31.109999,15.799999,1.6,193.3,1.48,1.7000000000000002,32.3,161.0
-26.45,28.085833,21-12-2015,38.7,30.5,15.23,1.9,186.7,1.36,1.9000000000000001,36.9,149.8
-28.404444,30.013056,22-12-2015,15.8,31.949999,16.32,3.0,181.5,1.4599999,0.8,15.2,166.3
-27.00222,28.76528,22-12-2015,34.300000000000004,30.07,14.29,2.0,183.40001,1.28,1.7000000000000002,32.7,150.7
-26.970278,27.211111,22-12-2015,28.6,32.09,16.359999,1.3000001,199.8,1.63,1.4000000000000001,27.2,172.6
-26.880278,26.965,22-12-2015,28.6,32.53,16.71,1.2,201.8,1.68,1.4000000000000001,27.300001,174.5
-27.273889,28.49,22-12-2015,31.1,30.269999,14.389999,2.3,186.7,1.3299999,1.6,29.7,157.0
-25.45963889,28.26430556,22-12-2015,49.300000000000004,32.93,17.21,3.7,192.90001,1.5999999,2.5,47.100002,145.8
-27.01011111,26.69808333,23-12-2015,25.5,32.84,16.93,0.5,210.0,1.76,1.3,24.2,185.8
-25.81048333,27.90955222,23-12-2015,46.800000000000004,31.99,17.13,3.0,191.90001,1.53,2.3000000000000003,44.7,147.2
-27.5275,30.858056,23-12-2015,29.900000000000002,29.97,16.4,5.3,166.3,1.11,1.5,28.9,137.40001
-26.861111,28.884722,23-12-2015,35.800000000000004,29.83,14.12,2.2,182.40001,1.24,1.8,34.100002,148.3
-26.98472222,26.63227778,23-12-2015,26.200000000000003,32.93,17.02,0.5,207.8,1.77,1.3,24.9,182.90001
-27.935,26.126667,23-12-2015,12.9,34.219997,16.25,0.4,222.8,2.05,0.6000000000000001,12.2,210.6
-29.744167,29.905833,31-12-2015,26.900000000000002,29.539999,15.889999,6.3,161.0,1.13,1.3,26.1,134.90001
